jobid,channel,base_channel,m_a_GeV,g_agg_GeV_inv,sqrt_s_GeV,n_generated,n_selected,selected_fraction,analytic_region_probability,flat_detector_efficiency,analytic_selected_fraction,detector_correction_factor,delphes_root
0,invisible_lower,invisible,0.01,4.76470089365e-07,91.2,10000,9762,0.9762,0.9999999968628872,0.9826744374724365,0.9826744343896759,0.9934114146424322,/data/alice/ipardoza/Axions/results/alp_full_production/fccee_z_full_projection_fullbg_channelaware/cluster_4797476/job0_m0p01_g4p76470089365em07_s91p2_IDEA/delphes.root
1,invisible_lower,invisible,0.0105148957685,4.76470091614e-07,91.2,10000,9735,0.9735,0.9999999961651355,0.9826744374724365,0.9826744337040132,0.9906638115439396,/data/alice/ipardoza/Axions/results/alp_full_production/fccee_z_full_projection_fullbg_channelaware/cluster_4797476/job1_m0p0105148957685_g4p76470091614em07_s91p2_IDEA/delphes.root
2,invisible_lower,invisible,0.0110563033023,4.76470094119e-07,91.2,10000,9732,0.9732,0.9999999953121909,0.9826744374724365,0.9826744328658463,0.9903585230784774,/data/alice/ipardoza/Axions/results/alp_full_production/fccee_z_full_projection_fullbg_channelaware/cluster_4797476/job2_m0p0110563033023_g4p76470094119em07_s91p2_IDEA/delphes.root
3,invisible_lower,invisible,0.011625587681,4.76470096913e-07,91.2,10000,9740,0.974,0.9999999942695356,0.9826744374724365,0.9826744318412556,0.991172628939778,/data/alice/ipardoza/Axions/results/alp_full_production/fccee_z_full_projection_fullbg_channelaware/cluster_4797476/job3_m0p011625587681_g4p76470096913em07_s91p2_IDEA/delphes.root
4,invisible_lower,invisible,0.0122241842713,4.76470100031e-07,91.2,10000,9735,0.9735,0.9999999929949747,0.9826744374724365,0.9826744305887772,0.9906638146845032,/data/alice/ipardoza/Axions/results/alp_full_production/fccee_z_full_projection_fullbg_channelaware/cluster_4797476/job4_m0p0122241842713_g4p76470100031em07_s91p2_IDEA/delphes.root
5,invisible_lower,invisible,0.0128536023469,4.76470103514e-07,91.2,10000,9744,0.9744,0.9999999914369277,0.9826744374724365,0.9826744290577243,0.9915796841628834,/data/alice/ipardoza/Axions/results/alp_full_production/fccee_z_full_projection_fullbg_channelaware/cluster_4797476/job5_m0p0128536023469_g4p76470103514em07_s91p2_IDEA/delphes.root
6,invisible_lower,invisible,0.0135154288928,4.76470107408e-07,91.2,10000,9759,0.9759,0.9999999895323425,0.9826744374724365,0.9826744271861371,0.9931061326124712,/data/alice/ipardoza/Axions/results/alp_full_production/fccee_z_full_projection_fullbg_channelaware/cluster_4797476/job6_m0p0135154288928_g4p76470107408em07_s91p2_IDEA/delphes.root
7,invisible_lower,invisible,0.0142113326075,4.76470111767e-07,91.2,10000,9756,0.9756,0.9999999872041423,0.9826744374724365,0.9826744248982743,0.9928008456117023,/data/alice/ipardoza/Axions/results/alp_full_production/fccee_z_full_projection_fullbg_channelaware/cluster_4797476/job7_m0p0142113326075_g4p76470111767em07_s91p2_IDEA/delphes.root
8,invisible_lower,invisible,0.01494306811,4.76470116651e-07,91.2,10000,9724,0.9724,0.9999999843581074,0.9826744374724365,0.9826744221015485,0.9895444290901807,/data/alice/ipardoza/Axions/results/alp_full_production/fccee_z_full_projection_fullbg_channelaware/cluster_4797476/job8_m0p01494306811_g4p76470116651em07_s91p2_IDEA/delphes.root
9,invisible_lower,invisible,0.0157124803639,4.76470122131e-07,91.2,10000,9773,0.9773,0.9999999808790618,0.9826744374724365,0.9826744186827794,0.994530824675396,/data/alice/ipardoza/Axions/results/alp_full_production/fccee_z_full_projection_fullbg_channelaware/cluster_4797476/job9_m0p0157124803639_g4p76470122131em07_s91p2_IDEA/delphes.root
10,invisible_lower,invisible,0.0165215093291,4.76470128286e-07,91.2,10000,9732,0.9732,0.9999999766262123,0.9826744374724365,0.9826744145036129,0.9903585415842959,/data/alice/ipardoza/Axions/results/alp_full_production/fccee_z_full_projection_fullbg_channelaware/cluster_4797476/job10_m0p0165215093291_g4p76470128286em07_s91p2_IDEA/delphes.root
11,invisible_lower,invisible,0.0173721948535,4.7647013521e-07,91.2,10000,9747,0.9747,0.9999999714274503,0.9826744374724365,0.9826744093949223,0.9918849933216104,/data/alice/ipardoza/Axions/results/alp_full_production/fccee_z_full_projection_fullbg_channelaware/cluster_4797476/job11_m0p0173721948535_g4p7647013521em07_s91p2_IDEA/delphes.root
12,invisible_lower,invisible,0.0182666818155,4.76470143011e-07,91.2,10000,9748,0.9748,0.9999999650723876,0.9826744374724365,0.9826744031499647,0.9919867627316604,/data/alice/ipardoza/Axions/results/alp_full_production/fccee_z_full_projection_fullbg_channelaware/cluster_4797476/job12_m0p0182666818155_g4p76470143011em07_s91p2_IDEA/delphes.root
13,invisible_lower,invisible,0.0192072255327,4.76470151812e-07,91.2,10000,9748,0.9748,0.9999999573038414,0.9826744374724365,0.9826743955160129,0.9919867704379558,/data/alice/ipardoza/Axions/results/alp_full_production/fccee_z_full_projection_fullbg_channelaware/cluster_4797476/job13_m0p0192072255327_g4p76470151812em07_s91p2_IDEA/delphes.root
14,invisible_lower,invisible,0.020196197448,4.7647016176e-07,91.2,10000,9742,0.9742,0.9999999478074267,0.9826744374724365,0.982674386184129,0.9913762012083817,/data/alice/ipardoza/Axions/results/alp_full_production/fccee_z_full_projection_fullbg_channelaware/cluster_4797476/job14_m0p020196197448_g4p7647016176em07_s91p2_IDEA/delphes.root
15,invisible_lower,invisible,0.0212360911087,4.76470173024e-07,91.2,10000,9761,0.9761,0.9999999361988338,0.9826744374724365,0.9826743747766614,0.9933097117973025,/data/alice/ipardoza/Axions/results/alp_full_production/fccee_z_full_projection_fullbg_channelaware/cluster_4797476/job15_m0p0212360911087_g4p76470173024em07_s91p2_IDEA/delphes.root
16,invisible_lower,invisible,0.0223295284539,4.76470185801e-07,91.2,10000,9716,0.9716,0.9999999220082746,0.9826744374724365,0.9826743608319617,0.9887303859005889,/data/alice/ipardoza/Axions/results/alp_full_production/fccee_z_full_projection_fullbg_channelaware/cluster_4797476/job16_m0p0223295284539_g4p76470185801em07_s91p2_IDEA/delphes.root
17,invisible_lower,invisible,0.0234792664253,4.76470200324e-07,91.2,10000,9758,0.9758,0.9999999046614721,0.9826744374724365,0.9826743437857023,0.993004453785555,/data/alice/ipardoza/Axions/results/alp_full_production/fccee_z_full_projection_fullbg_channelaware/cluster_4797476/job17_m0p0234792664253_g4p76470200324em07_s91p2_IDEA/delphes.root
18,invisible_lower,invisible,0.0246882039184,4.76470216864e-07,91.2,10000,9738,0.9738,0.9999998834564191,0.9826744374724365,0.9826743229480387,0.9909692125449909,/data/alice/ipardoza/Axions/results/alp_full_production/fccee_z_full_projection_fullbg_channelaware/cluster_4797476/job18_m0p0246882039184_g4p76470216864em07_s91p2_IDEA/delphes.root
19,invisible_lower,invisible,0.0259593890915,4.76470235742e-07,91.2,10000,9744,0.9744,0.9999998575349686,0.9826744374724365,0.9826742974756919,0.9915798169373647,/data/alice/ipardoza/Axions/results/alp_full_production/fccee_z_full_projection_fullbg_channelaware/cluster_4797476/job19_m0p0259593890915_g4p76470235742em07_s91p2_IDEA/delphes.root
20,invisible_lower,invisible,0.0272960270512,4.76470257338e-07,91.2,10000,9730,0.973,0.9999998258481058,0.9826744374724365,0.9826742663378218,0.990155164667255,/data/alice/ipardoza/Axions/results/alp_full_production/fccee_z_full_projection_fullbg_channelaware/cluster_4797476/job20_m0p0272960270512_g4p76470257338em07_s91p2_IDEA/delphes.root
21,invisible_lower,invisible,0.0287014879339,4.76470282099e-07,91.2,10000,9739,0.9739,0.9999997871134954,0.9826744374724365,0.9826742282743104,0.9910710711425506,/data/alice/ipardoza/Axions/results/alp_full_production/fccee_z_full_projection_fullbg_channelaware/cluster_4797476/job21_m0p0287014879339_g4p76470282099em07_s91p2_IDEA/delphes.root
22,invisible_lower,invisible,0.0301793154027,4.76470310555e-07,91.2,10000,9741,0.9741,0.9999997397635862,0.9826744374724365,0.9826741817447651,0.991274644328661,/data/alice/ipardoza/Axions/results/alp_full_production/fccee_z_full_projection_fullbg_channelaware/cluster_4797476/job22_m0p0301793154027_g4p76470310555em07_s91p2_IDEA/delphes.root
23,invisible_lower,invisible,0.0317332355826,4.76470343337e-07,91.2,10000,9727,0.9727,0.9999996818821741,0.9826744374724365,0.982674124866181,0.9898500178097808,/data/alice/ipardoza/Axions/results/alp_full_production/fccee_z_full_projection_fullbg_channelaware/cluster_4797476/job23_m0p0317332355826_g4p76470343337em07_s91p2_IDEA/delphes.root
24,invisible_lower,invisible,0.033367166455,4.76470381196e-07,91.2,10000,9759,0.9759,0.9999996111268546,0.9826744374724365,0.9826740553367372,0.9931065084094278,/data/alice/ipardoza/Axions/results/alp_full_production/fccee_z_full_projection_fullbg_channelaware/cluster_4797476/job24_m0p033367166455_g4p76470381196em07_s91p2_IDEA/delphes.root
25,invisible_lower,invisible,0.0350852277366,4.76470425027e-07,91.2,10000,9733,0.9733,0.9999995246342277,0.9826744374724365,0.9826739703426437,0.9904607523700103,/data/alice/ipardoza/Axions/results/alp_full_production/fccee_z_full_projection_fullbg_channelaware/cluster_4797476/job25_m0p0350852277366_g4p76470425027em07_s91p2_IDEA/delphes.root
26,invisible_lower,invisible,0.0368917512666,4.76470475901e-07,91.2,10000,9745,0.9745,0.9999994189040179,0.9826744374724365,0.9826738664442692,0.9916820150373534,/data/alice/ipardoza/Axions/results/alp_full_production/fccee_z_full_projection_fullbg_channelaware/cluster_4797476/job26_m0p0368917512666_g4p76470475901em07_s91p2_IDEA/delphes.root
27,invisible_lower,invisible,0.0387912919287,4.76470535096e-07,91.2,10000,9765,0.9765,0.9999992896574207,0.9826744374724365,0.982673739436942,0.9937174067147867,/data/alice/ipardoza/Axions/results/alp_full_production/fccee_z_full_projection_fullbg_channelaware/cluster_4797476/job27_m0p0387912919287_g4p76470535096em07_s91p2_IDEA/delphes.root
28,invisible_lower,invisible,0.0407886391358,4.76470604148e-07,91.2,10000,9743,0.9743,0.9999991316639417,0.9826744374724365,0.982673584180789,0.9914787735056808,/data/alice/ipardoza/Axions/results/alp_full_production/fccee_z_full_projection_fullbg_channelaware/cluster_4797476/job28_m0p0407886391358_g4p76470604148em07_s91p2_IDEA/delphes.root
29,invisible_lower,invisible,0.0428888289054,4.764706849e-07,91.2,10000,9741,0.9741,0.9999989385297218,0.9826744374724365,0.9826733943927279,0.9912754385723181,/data/alice/ipardoza/Axions/results/alp_full_production/fccee_z_full_projection_fullbg_channelaware/cluster_4797476/job29_m0p0428888289054_g4p764706849em07_s91p2_IDEA/delphes.root
30,invisible_lower,invisible,0.0450971565575,4.76470779568e-07,91.2,10000,9738,0.9738,0.9999987024387793,0.9826744374724365,0.9826731623921939,0.9909703828986299,/data/alice/ipardoza/Axions/results/alp_full_production/fccee_z_full_projection_fullbg_channelaware/cluster_4797476/job30_m0p0450971565575_g4p76470779568em07_s91p2_IDEA/delphes.root
31,invisible_lower,invisible,0.047419190066,4.76470890819e-07,91.2,10000,9723,0.9723,0.9999984138367006,0.9826744374724365,0.9826728787903086,0.9894442199289373,/data/alice/ipardoza/Axions/results/alp_full_production/fccee_z_full_projection_fullbg_channelaware/cluster_4797476/job31_m0p047419190066_g4p76470890819em07_s91p2_IDEA/delphes.root
32,invisible_lower,invisible,0.0498607840973,4.7647102187e-07,91.2,10000,9720,0.972,0.9999980610439745,0.9826744374724365,0.9826725321099149,0.9891392790973818,/data/alice/ipardoza/Axions/results/alp_full_production/fccee_z_full_projection_fullbg_channelaware/cluster_4797476/job32_m0p0498607840973_g4p7647102187em07_s91p2_IDEA/delphes.root
33,invisible_lower,invisible,0.0524280947721,4.76471176602e-07,91.2,10000,9742,0.9742,0.9999976297833219,0.9826744374724365,0.9826721083210956,0.9913784992477599,/data/alice/ipardoza/Axions/results/alp_full_production/fccee_z_full_projection_fullbg_channelaware/cluster_4797476/job33_m0p0524280947721_g4p76471176602em07_s91p2_IDEA/delphes.root
34,invisible_lower,invisible,0.0551275951872,4.76471359704e-07,91.2,10000,9730,0.973,0.999997102601892,0.9826744374724365,0.9826715902733807,0.9901578611113708,/data/alice/ipardoza/Axions/results/alp_full_production/fccee_z_full_projection_fullbg_channelaware/cluster_4797476/job34_m0p0551275951872_g4p76471359704em07_s91p2_IDEA/delphes.root
35,invisible_lower,invisible,0.0579660917364,4.76471576849e-07,91.2,10000,9729,0.9729,0.9999964581649383,0.9826744374724365,0.9826709570016597,0.990056735744513,/data/alice/ipardoza/Axions/results/alp_full_production/fccee_z_full_projection_fullbg_channelaware/cluster_4797476/job35_m0p0579660917364_g4p76471576849em07_s91p2_IDEA/delphes.root
36,invisible_lower,invisible,0.0609507412719,4.76471834903e-07,91.2,10000,9745,0.9745,0.9999956703923856,0.9826744374724365,0.9826701828777096,0.991685732385017,/data/alice/ipardoza/Axions/results/alp_full_production/fccee_z_full_projection_fullbg_channelaware/cluster_4797476/job36_m0p0609507412719_g4p76471834903em07_s91p2_IDEA/delphes.root
37,invisible_lower,invisible,0.0640890691489,4.76472142183e-07,91.2,10000,9749,0.9749,0.9999947074033421,0.9826744374724365,0.982669236572993,0.9920937419389583,/data/alice/ipardoza/Axions/results/alp_full_production/fccee_z_full_projection_fullbg_channelaware/cluster_4797476/job37_m0p0640890691489_g4p76472142183em07_s91p2_IDEA/delphes.root
38,invisible_lower,invisible,0.0673889882004,4.76472508777e-07,91.2,10000,9743,0.9743,0.9999935302258329,0.9826744374724365,0.9826680797907463,0.9914843272485984,/data/alice/ipardoza/Axions/results/alp_full_production/fccee_z_full_projection_fullbg_channelaware/cluster_4797476/job38_m0p0673889882004_g4p76472508777em07_s91p2_IDEA/delphes.root
39,invisible_lower,invisible,0.0708588186875,4.76472946923e-07,91.2,10000,9731,0.9731,0.9999920912195279,0.9826744374724365,0.982666665716035,0.9902645871180904,/data/alice/ipardoza/Axions/results/alp_full_production/fccee_z_full_projection_fullbg_channelaware/cluster_4797476/job39_m0p0708588186875_g4p76472946923em07_s91p2_IDEA/delphes.root
40,invisible_lower,invisible,0.0745073092782,4.76473471482e-07,91.2,10000,9748,0.9748,0.9999903321476145,0.9826744374724365,0.982664937121032,0.991996318557906,/data/alice/ipardoza/Axions/results/alp_full_production/fccee_z_full_projection_fullbg_channelaware/cluster_4797476/job40_m0p0745073092782_g4p76473471482em07_s91p2_IDEA/delphes.root
41,invisible_lower,invisible,0.0783436591055,4.76474100508e-07,91.2,10000,9737,0.9737,0.9999881818197626,0.9826744374724365,0.9826628240488198,0.9908790443380256,/data/alice/ipardoza/Axions/results/alp_full_production/fccee_z_full_projection_fullbg_channelaware/cluster_4797476/job41_m0p0783436591055_g4p76474100508em07_s91p2_IDEA/delphes.root
42,invisible_lower,invisible,0.0823775409621,4.76474855949e-07,91.2,10000,9742,0.9742,0.999985553210754,0.9826744374724365,0.9826602409819409,0.9913904718751143,/data/alice/ipardoza/Axions/results/alp_full_production/fccee_z_full_projection_fullbg_channelaware/cluster_4797476/job42_m0p0823775409621_g4p76474855949em07_s91p2_IDEA/delphes.root
43,invisible_lower,invisible,0.0866191256886,4.76475764498e-07,91.2,10000,9732,0.9732,0.9999823399381157,0.9826744374724365,0.9826570833810586,0.9903760085374652,/data/alice/ipardoza/Axions/results/alp_full_production/fccee_z_full_projection_fullbg_channelaware/cluster_4797476/job43_m0p0866191256886_g4p76475764498em07_s91p2_IDEA/delphes.root
44,invisible_lower,invisible,0.0910791078178,4.76476858638e-07,91.2,10000,9722,0.9722,0.9999784119561248,0.9826744374724365,0.9826532234535653,0.9893622458013955,/data/alice/ipardoza/Axions/results/alp_full_production/fccee_z_full_projection_fullbg_channelaware/cluster_4797476/job44_m0p0910791078178_g4p76476858638em07_s91p2_IDEA/delphes.root
45,invisible_lower,invisible,0.0957687325396,4.76477177909e-07,91.2,10000,9719,0.9719,0.9999736104025724,0.9826744374724365,0.9826485050896292,0.9890616990368811,/data/alice/ipardoza/Axions/results/alp_full_production/fccee_z_full_projection_fullbg_channelaware/cluster_4797476/job45_m0p0957687325396_g4p76477177909em07_s91p2_IDEA/delphes.root
46,invisible_lower,invisible,0.100699824054,4.76478770467e-07,91.2,10000,9731,0.9731,0.9999677407450965,0.9826744374724365,0.982642737127271,0.9902887013085051,/data/alice/ipardoza/Axions/results/alp_full_production/fccee_z_full_projection_fullbg_channelaware/cluster_4797476/job46_m0p100699824054_g4p76478770467em07_s91p2_IDEA/delphes.root
47,invisible_lower,invisible,0.105884815384,4.76480694976e-07,91.2,10000,9761,0.9761,0.9999605655102093,0.9826744374724365,0.9826356862073644,0.9933488206269101,/data/alice/ipardoza/Axions/results/alp_full_production/fccee_z_full_projection_fullbg_channelaware/cluster_4797476/job47_m0p105884815384_g4p76480694976em07_s91p2_IDEA/delphes.root
48,invisible_lower,invisible,0.111336779723,4.76483022933e-07,91.2,10000,9728,0.9728,0.9999517942865329,0.9826744374724365,0.9826270669500723,0.9899991896411178,/data/alice/ipardoza/Axions/results/alp_full_production/fccee_z_full_projection_fullbg_channelaware/cluster_4797476/job48_m0p111336779723_g4p76483022933em07_s91p2_IDEA/delphes.root
49,invisible_lower,invisible,0.1170694634,4.76485841493e-07,91.2,10000,9732,0.9732,0.9999410720570656,0.9826744374724365,0.9826165304892621,0.9904168816653497,/data/alice/ipardoza/Axions/results/alp_full_production/fccee_z_full_projection_fullbg_channelaware/cluster_4797476/job49_m0p1170694634_g4p76485841493em07_s91p2_IDEA/delphes.root
50,invisible_lower,invisible,0.123097320533,4.76489256935e-07,91.2,10000,9727,0.9727,0.9999279648235749,0.9826744374724365,0.9826036503459649,0.9899210120555955,/data/alice/ipardoza/Axions/results/alp_full_production/fccee_z_full_projection_fullbg_channelaware/cluster_4797476/job50_m0p123097320533_g4p76489256935em07_s91p2_IDEA/delphes.root
51,invisible_lower,invisible,0.129435549479,4.76493398893e-07,91.2,10000,9740,0.974,0.9999119420306003,0.9826744374724365,0.9825879051568918,0.9912599115948608,/data/alice/ipardoza/Axions/results/alp_full_production/fccee_z_full_projection_fullbg_channelaware/cluster_4797476/job51_m0p129435549479_g4p76493398893em07_s91p2_IDEA/delphes.root
52,invisible_lower,invisible,0.136100131152,4.76498425526e-07,91.2,10000,9729,0.9729,0.9998923550758287,0.9826744374724365,0.9825686575571297,0.9901598148050356,/data/alice/ipardoza/Axions/results/alp_full_production/fccee_z_full_projection_fullbg_channelaware/cluster_4797476/job52_m0p136100131152_g4p76498425526em07_s91p2_IDEA/delphes.root
53,invisible_lower,invisible,0.143107869314,4.76504529838e-07,91.2,10000,9748,0.9748,0.9998684110342185,0.9826744374724365,0.9825451283595097,0.9921172797707102,/data/alice/ipardoza/Axions/results/alp_full_production/fccee_z_full_projection_fullbg_channelaware/cluster_4797476/job53_m0p143107869314_g4p76504529838em07_s91p2_IDEA/delphes.root
54,invisible_lower,invisible,0.15047643295,4.76511947417e-07,91.2,10000,9736,0.9736,0.9998391405280627,0.9826744374724365,0.9825163649813384,0.9909249705153687,/data/alice/ipardoza/Axions/results/alp_full_production/fccee_z_full_projection_fullbg_channelaware/cluster_4797476/job54_m0p15047643295_g4p76511947417em07_s91p2_IDEA/delphes.root
55,invisible_lower,invisible,0.158224400809,4.76520965888e-07,91.2,10000,9722,0.9722,0.9998033584362552,0.9826744374724365,0.9824812028344,0.9895354712082639,/data/alice/ipardoza/Axions/results/alp_full_production/fccee_z_full_projection_fullbg_channelaware/cluster_4797476/job55_m0p158224400809_g4p76520965888em07_s91p2_IDEA/delphes.root
56,invisible_lower,invisible,0.166371308255,4.76531936486e-07,91.2,10000,9750,0.975,0.9997596158427972,0.9826744374724365,0.98243821810598,0.9924288184550475,/data/alice/ipardoza/Axions/results/alp_full_production/fccee_z_full_projection_fullbg_channelaware/cluster_4797476/job56_m0p166371308255_g4p76531936486em07_s91p2_IDEA/delphes.root
57,invisible_lower,invisible,0.174937696518,4.76545288222e-07,91.2,10000,9730,0.973,0.9997061412654452,0.9826744374724365,0.9823856700057616,0.9904460434508306,/data/alice/ipardoza/Axions/results/alp_full_production/fccee_z_full_projection_fullbg_channelaware/cluster_4797476/job57_m0p174937696518_g4p76545288222em07_s91p2_IDEA/delphes.root
58,invisible_lower,invisible,0.183945164487,4.76561545225e-07,91.2,10000,9713,0.9713,0.9996407687642259,0.9826744374724365,0.9823214301198997,0.9887802202192063,/data/alice/ipardoza/Axions/results/alp_full_production/fccee_z_full_projection_fullbg_channelaware/cluster_4797476/job58_m0p183945164487_g4p76561545225em07_s91p2_IDEA/delphes.root
59,invisible_lower,invisible,0.193416423171,4.76581347983e-07,91.2,10000,9741,0.9741,0.9995608499878968,0.9826744374724365,0.9822428959813271,0.9917098957756352,/data/alice/ipardoza/Axions/results/alp_full_production/fccee_z_full_projection_fullbg_channelaware/cluster_4797476/job59_m0p193416423171_g4p76581347983em07_s91p2_IDEA/delphes.root
60,invisible_lower,invisible,0.203375352957,4.76605479385e-07,91.2,10000,9737,0.9737,0.9994631465503919,0.9826744374724365,0.9821468853108378,0.9913995702301042,/data/alice/ipardoza/Axions/results/alp_full_production/fccee_z_full_projection_fullbg_channelaware/cluster_4797476/job60_m0p203375352957_g4p76605479385em07_s91p2_IDEA/delphes.root
61,invisible_lower,invisible,0.213847063824,4.76634896651e-07,91.2,10000,9740,0.974,0.999343698309047,0.9826744374724365,0.9820295065774671,0.9918235587386256,/data/alice/ipardoza/Axions/results/alp_full_production/fccee_z_full_projection_fullbg_channelaware/cluster_4797476/job61_m0p213847063824_g4p76634896651em07_s91p2_IDEA/delphes.root
62,invisible_lower,invisible,0.224857958652,4.7667077053e-07,91.2,10000,9719,0.9719,0.9991976621052823,0.9826744374724365,0.981886000533082,0.9898297760354456,/data/alice/ipardoza/Axions/results/alp_full_production/fccee_z_full_projection_fullbg_channelaware/cluster_4797476/job62_m0p224857958652_g4p7667077053em07_s91p2_IDEA/delphes.root
63,invisible_lower,invisible,0.236435799795,4.76714344069e-07,91.2,10000,9749,0.9749,0.9990191150578148,0.9826744374724365,0.9817105469136496,0.9930625713097807,/data/alice/ipardoza/Axions/results/alp_full_production/fccee_z_full_projection_fullbg_channelaware/cluster_4797476/job63_m0p236435799795_g4p76714344069em07_s91p2_IDEA/delphes.root
64,invisible_lower,invisible,0.24860977908,4.7676746468e-07,91.2,10000,9737,0.9737,0.9988008111030774,0.9826744374724365,0.9814960251977299,0.9920569976876276,/data/alice/ipardoza/Axions/results/alp_full_production/fccee_z_full_projection_fullbg_channelaware/cluster_4797476/job64_m0p24860977908_g4p7676746468em07_s91p2_IDEA/delphes.root
65,invisible_lower,invisible,0.261410591406,4.76832312752e-07,91.2,10000,9717,0.9717,0.9985338853442332,0.9826744374724365,0.9812337240778107,0.9902839416910881,/data/alice/ipardoza/Axions/results/alp_full_production/fccee_z_full_projection_fullbg_channelaware/cluster_4797476/job65_m0p261410591406_g4p76832312752em07_s91p2_IDEA/delphes.root
66,invisible_lower,invisible,0.274870512143,4.76912505876e-07,91.2,10000,9741,0.9741,0.99820748296229,0.9826744374724365,0.9809129768007451,0.9930544533899779,/data/alice/ipardoza/Axions/results/alp_full_production/fccee_z_full_projection_fullbg_channelaware/cluster_4797476/job66_m0p274870512143_g4p76912505876em07_s91p2_IDEA/delphes.root
67,invisible_lower,invisible,0.289023478503,4.77009253937e-07,91.2,10000,9724,0.9724,0.9978083410805777,0.9826744374724365,0.9805207502766617,0.9917179210390291,/data/alice/ipardoza/Axions/results/alp_full_production/fccee_z_full_projection_fullbg_channelaware/cluster_4797476/job67_m0p289023478503_g4p77009253937em07_s91p2_IDEA/delphes.root
68,invisible_lower,invisible,0.303905175113,4.7712749645e-07,91.2,10000,9699,0.9699,0.9973201999944793,0.9826744374724365,0.9800410665094729,0.989652406561297,/data/alice/ipardoza/Axions/results/alp_full_production/fccee_z_full_projection_fullbg_channelaware/cluster_4797476/job68_m0p303905175113_g4p7712749645em07_s91p2_IDEA/delphes.root
69,invisible_lower,invisible,0.319553123983,4.77272283154e-07,91.2,10000,9687,0.9687,0.9967231516076553,0.9826744374724365,0.9794543623218068,0.9890200475535037,/data/alice/ipardoza/Axions/results/alp_full_production/fccee_z_full_projection_fullbg_channelaware/cluster_4797476/job69_m0p319553123983_g4p77272283154em07_s91p2_IDEA/delphes.root
70,invisible_lower,invisible,0.33600677912,4.77449363716e-07,91.2,10000,9681,0.9681,0.9959928100006145,0.9826744374724365,0.9787366742939452,0.9891322410068893,/data/alice/ipardoza/Axions/results/alp_full_production/fccee_z_full_projection_fullbg_channelaware/cluster_4797476/job70_m0p33600677912_g4p77449363716em07_s91p2_IDEA/delphes.root
71,invisible_lower,invisible,0.353307625997,4.77666024549e-07,91.2,10000,9702,0.9702,0.9950992814548967,0.9826744374724365,0.9778586266329165,0.9921679612734127,/data/alice/ipardoza/Axions/results/alp_full_production/fccee_z_full_projection_fullbg_channelaware/cluster_4797476/job71_m0p353307625997_g4p77666024549em07_s91p2_IDEA/delphes.root
72,invisible_lower,invisible,0.371499286159,4.77931263617e-07,91.2,10000,9680,0.968,0.994005899682083,0.9826744374724365,0.9767841883143741,0.9910070326491127,/data/alice/ipardoza/Axions/results/alp_full_production/fccee_z_full_projection_fullbg_channelaware/cluster_4797476/job72_m0p371499286159_g4p77931263617em07_s91p2_IDEA/delphes.root
73,invisible_lower,invisible,0.390627627205,4.78256187186e-07,91.2,10000,9697,0.9697,0.992667657374232,0.9826744374724365,0.9754691318073048,0.9940857874235179,/data/alice/ipardoza/Axions/results/alp_full_production/fccee_z_full_projection_fullbg_channelaware/cluster_4797476/job73_m0p390627627205_g4p78256187186em07_s91p2_IDEA/delphes.root
74,invisible_lower,invisible,0.410740878438,4.7865454317e-07,91.2,10000,9644,0.9644,0.991029256325599,0.9826744374724365,0.9738591169784852,0.9902869759972744,/data/alice/ipardoza/Axions/results/alp_full_production/fccee_z_full_projection_fullbg_channelaware/cluster_4797476/job74_m0p410740878438_g4p7865454317em07_s91p2_IDEA/delphes.root
75,invisible_lower,invisible,0.431889752465,4.79143124228e-07,91.2,10000,9611,0.9611,0.9890226871794435,0.9826744374724365,0.9718873127715373,0.9889006548086577,/data/alice/ipardoza/Axions/results/alp_full_production/fccee_z_full_projection_fullbg_channelaware/cluster_4797476/job75_m0p431889752465_g4p79143124228em07_s91p2_IDEA/delphes.root
76,invisible_lower,invisible,0.454127573068,4.79743932797e-07,91.2,10000,9583,0.9583,0.986564121843079,0.9826744374724365,0.969471343462636,0.9884768708864199,/data/alice/ipardoza/Axions/results/alp_full_production/fccee_z_full_projection_fullbg_channelaware/cluster_4797476/job76_m0p454127573068_g4p79743932797em07_s91p2_IDEA/delphes.root
77,invisible_lower,invisible,0.477510409643,4.80482740386e-07,91.2,10000,9546,0.9546,0.9835501873864432,0.9826744374724365,0.9665096271158826,0.9876776942704424,/data/alice/ipardoza/Axions/results/alp_full_production/fccee_z_full_projection_fullbg_channelaware/cluster_4797476/job77_m0p477510409643_g4p80482740386em07_s91p2_IDEA/delphes.root
78,invisible_lower,invisible,0.502097218579,4.81393264095e-07,91.2,10000,9516,0.9516,0.9798529601944729,0.9826744374724365,0.9628764564648054,0.9882887816094218,/data/alice/ipardoza/Axions/results/alp_full_production/fccee_z_full_projection_fullbg_channelaware/cluster_4797476/job78_m0p502097218579_g4p81393264095em07_s91p2_IDEA/delphes.root
79,invisible_lower,invisible,0.527949991904,4.82517375405e-07,91.2,10000,9477,0.9477,0.9753138159590642,0.9826744374724365,0.9584159554566689,0.9888190973912127,/data/alice/ipardoza/Axions/results/alp_full_production/fccee_z_full_projection_fullbg_channelaware/cluster_4797476/job79_m0p527949991904_g4p82517375405em07_s91p2_IDEA/delphes.root
80,invisible_lower,invisible,0.555133913587,4.8390917568e-07,91.2,10000,9414,0.9414,0.9697352304384708,0.9826744374724365,0.9529340220683279,0.9878963057239856,/data/alice/ipardoza/Axions/results/alp_full_production/fccee_z_full_projection_fullbg_channelaware/cluster_4797476/job80_m0p555133913587_g4p8390917568em07_s91p2_IDEA/delphes.root
81,invisible_lower,invisible,0.583717523896,4.85637678916e-07,91.2,10000,9371,0.9371,0.9628702431400129,0.9826744374724365,0.9461879745365603,0.9903951701129878,/data/alice/ipardoza/Axions/results/alp_full_production/fccee_z_full_projection_fullbg_channelaware/cluster_4797476/job81_m0p583717523896_g4p85637678916em07_s91p2_IDEA/delphes.root
82,invisible_lower,invisible,0.613772892204,4.87793081041e-07,91.2,10000,9253,0.9253,0.9544081639461739,0.9826744374724365,0.9378725056249074,0.9865946538047511,/data/alice/ipardoza/Axions/results/alp_full_production/fccee_z_full_projection_fullbg_channelaware/cluster_4797476/job82_m0p613772892204_g4p87793081041em07_s91p2_IDEA/delphes.root
83,invisible_lower,invisible,0.645375798708,4.90494514574e-07,91.2,10000,9147,0.9147,0.9439551782766107,0.9826744374724365,0.9276006238121619,0.9860924804479494,/data/alice/ipardoza/Axions/results/alp_full_production/fccee_z_full_projection_fullbg_channelaware/cluster_4797476/job83_m0p645375798708_g4p90494514574em07_s91p2_IDEA/delphes.root
84,invisible_lower,invisible,0.678605925496,4.93902529471e-07,91.2,10000,9015,0.9015,0.9310070144218918,0.9826744374724365,0.9148767941799252,0.9853785840180634,/data/alice/ipardoza/Axions/results/alp_full_production/fccee_z_full_projection_fullbg_channelaware/cluster_4797476/job84_m0p678605925496_g4p93902529471em07_s91p2_IDEA/delphes.root
85,invisible_lower,invisible,0.713547057451,4.98238907826e-07,91.2,10000,8879,0.8879,0.9149090717742134,0.9826744374724365,0.8990577574441543,0.9875894987260067,/data/alice/ipardoza/Axions/results/alp_full_production/fccee_z_full_projection_fullbg_channelaware/cluster_4797476/job85_m0p713547057451_g4p98238907826em07_s91p2_IDEA/delphes.root
86,invisible_lower,invisible,0.750287293505,5.03818650024e-07,91.2,10000,8636,0.8636,0.8947959017712853,0.9826744374724365,0.8792930594257394,0.9821526403995632,/data/alice/ipardoza/Axions/results/alp_full_production/fccee_z_full_projection_fullbg_channelaware/cluster_4797476/job86_m0p750287293505_g5p03818650024em07_s91p2_IDEA/delphes.root
87,invisible_lower,invisible,0.788919268767,5.11109332982e-07,91.2,10000,8380,0.838,0.8694923571736161,0.9826744374724365,0.854427912972166,0.9807732019018189,/data/alice/ipardoza/Axions/results/alp_full_production/fccee_z_full_projection_fullbg_channelaware/cluster_4797476/job87_m0p788919268767_g5p11109332982em07_s91p2_IDEA/delphes.root
88,invisible_lower,invisible,0.829540388089,5.20843590254e-07,91.2,10000,8036,0.8036,0.8373400480864174,0.9826744374724365,0.8228326607264632,0.9766262793828783,/data/alice/ipardoza/Axions/results/alp_full_production/fccee_z_full_projection_fullbg_channelaware/cluster_4797476/job88_m0p829540388089_g5p20843590254em07_s91p2_IDEA/delphes.root
89,invisible_lower,invisible,0.872253071655,5.34262266463e-07,91.2,10000,7600,0.76,0.7958554580271686,0.9826744374724365,0.7820668145262163,0.9717839778950542,/data/alice/ipardoza/Axions/results/alp_full_production/fccee_z_full_projection_fullbg_channelaware/cluster_4797476/job89_m0p872253071655_g5p34262266463em07_s91p2_IDEA/delphes.root
90,invisible_lower,invisible,0.917165013225,5.53725335747e-07,91.2,10000,7044,0.7044,0.7409408973754414,0.9826744374724365,0.7281036795287342,0.9674446370823501,/data/alice/ipardoza/Axions/results/alp_full_production/fccee_z_full_projection_fullbg_channelaware/cluster_4797476/job90_m0p917165013225_g5p53725335747em07_s91p2_IDEA/delphes.root
91,invisible_lower,invisible,0.964389451662,5.84728686638e-07,91.2,10000,6307,0.6307,0.6645001832600176,0.9826744374724365,0.6529873437853688,0.9658686435541476,/data/alice/ipardoza/Axions/results/alp_full_production/fccee_z_full_projection_fullbg_channelaware/cluster_4797476/job91_m0p964389451662_g5p84728686638em07_s91p2_IDEA/delphes.root
92,invisible_lower,invisible,1.01404545645,6.4756893371e-07,91.2,10000,5115,0.5115,0.5418350592826582,0.9826744374724365,0.5324474620834304,0.9606581614616689,/data/alice/ipardoza/Axions/results/alp_full_production/fccee_z_full_projection_fullbg_channelaware/cluster_4797476/job92_m1p01404545645_g6p4756893371em07_s91p2_IDEA/delphes.root
93,invisible_upper,invisible,0.01,0.0405328194685,91.2,10000,200,0.02,1.3818368639317324e-10,0.9826744374724365,1.357895762942791e-10,147286710.4074071,/data/alice/ipardoza/Axions/results/alp_full_production/fccee_z_full_projection_fullbg_channelaware/cluster_4797476/job93_m0p01_g0p0405328194685_s91p2_IDEA/delphes.root
94,invisible_upper,invisible,0.0105148957685,0.0364903164994,91.2,10000,184,0.0184,1.7049637380879003e-10,0.9826744374724365,1.6754242822364302e-10,109822927.81049389,/data/alice/ipardoza/Axions/results/alp_full_production/fccee_z_full_projection_fullbg_channelaware/cluster_4797476/job94_m0p0105148957685_g0p0364903164994_s91p2_IDEA/delphes.root
95,invisible_upper,invisible,0.0110563033023,0.0328494878026,91.2,10000,187,0.0187,2.1038424156000255e-10,0.9826744374724365,2.067392162280407e-10,90452118.08955121,/data/alice/ipardoza/Axions/results/alp_full_production/fccee_z_full_projection_fullbg_channelaware/cluster_4797476/job95_m0p0110563033023_g0p0328494878026_s91p2_IDEA/delphes.root
96,invisible_upper,invisible,0.011625587681,0.0295705449231,91.2,10000,178,0.0178,2.596281388857306e-10,0.9826744374724365,2.5512993533155094e-10,69768371.07283483,/data/alice/ipardoza/Axions/results/alp_full_production/fccee_z_full_projection_fullbg_channelaware/cluster_4797476/job96_m0p011625587681_g0p0295705449231_s91p2_IDEA/delphes.root
97,invisible_upper,invisible,0.0122241842713,0.0266176304413,91.2,10000,171,0.0171,3.2042887054230316e-10,0.9826744374724365,3.1487726011008595e-10,54306874.983673245,/data/alice/ipardoza/Axions/results/alp_full_production/fccee_z_full_projection_fullbg_channelaware/cluster_4797476/job97_m0p0122241842713_g0p0266176304413_s91p2_IDEA/delphes.root
98,invisible_upper,invisible,0.0128536023469,0.0239584304627,91.2,10000,179,0.0179,3.9550656709041457e-10,0.9826744374724365,3.886541933322276e-10,46056366.57752153,/data/alice/ipardoza/Axions/results/alp_full_production/fccee_z_full_projection_fullbg_channelaware/cluster_4797476/job98_m0p0128536023469_g0p0239584304627_s91p2_IDEA/delphes.root
99,invisible_upper,invisible,0.0135154288928,0.021563825231,91.2,10000,173,0.0173,4.882236644151733e-10,0.9826744374724365,4.79764914789912e-10,36059327.11352107,/data/alice/ipardoza/Axions/results/alp_full_production/fccee_z_full_projection_fullbg_channelaware/cluster_4797476/job99_m0p0135154288928_g0p021563825231_s91p2_IDEA/delphes.root
100,invisible_upper,invisible,0.0142113326075,0.0194075741257,91.2,10000,200,0.02,6.027371111868681e-10,0.9826744374724365,5.92294351679317e-10,33766994.304933876,/data/alice/ipardoza/Axions/results/alp_full_production/fccee_z_full_projection_fullbg_channelaware/cluster_4797476/job100_m0p0142113326075_g0p0194075741257_s91p2_IDEA/delphes.root
101,invisible_upper,invisible,0.01494306811,0.0174660316584,91.2,10000,167,0.0167,7.441867978959092e-10,0.9826744374724365,7.312933429967764e-10,22836253.276373137,/data/alice/ipardoza/Axions/results/alp_full_production/fccee_z_full_projection_fullbg_channelaware/cluster_4797476/job101_m0p01494306811_g0p0174660316584_s91p2_IDEA/delphes.root
102,invisible_upper,invisible,0.0157124803639,0.0157178914316,91.2,10000,166,0.0166,9.189288498706451e-10,0.9826744374724365,9.030078906238292e-10,18383006.58539334,/data/alice/ipardoza/Axions/results/alp_full_production/fccee_z_full_projection_fullbg_channelaware/cluster_4797476/job102_m0p0157124803639_g0p0157178914316_s91p2_IDEA/delphes.root
103,invisible_upper,invisible,0.0165215093291,0.0141439553035,91.2,10000,174,0.0174,1.1348245301359648e-09,0.9826744374724365,1.1151630567812813e-09,15603099.380122928,/data/alice/ipardoza/Axions/results/alp_full_production/fccee_z_full_projection_fullbg_channelaware/cluster_4797476/job103_m0p0165215093291_g0p0141439553035_s91p2_IDEA/delphes.root
104,invisible_upper,invisible,0.0173721948535,0.0127269252879,91.2,10000,218,0.0218,1.4015980552789993e-09,0.9826744374724365,1.3773145805337515e-09,15827901.851987826,/data/alice/ipardoza/Axions/results/alp_full_production/fccee_z_full_projection_fullbg_channelaware/cluster_4797476/job104_m0p0173721948535_g0p0127269252879_s91p2_IDEA/delphes.root
105,invisible_upper,invisible,0.0182666818155,0.0114512159502,91.2,10000,158,0.0158,1.731279861999772e-09,0.9826744374724365,1.7012844644979835e-09,9287100.617040126,/data/alice/ipardoza/Axions/results/alp_full_production/fccee_z_full_projection_fullbg_channelaware/cluster_4797476/job105_m0p0182666818155_g0p0114512159502_s91p2_IDEA/delphes.root
106,invisible_upper,invisible,0.0192072255327,0.0103027852871,91.2,10000,191,0.0191,2.138755806855563e-09,0.9826744374724365,2.1017006593926976e-09,9087878.387742948,/data/alice/ipardoza/Axions/results/alp_full_production/fccee_z_full_projection_fullbg_channelaware/cluster_4797476/job106_m0p0192072255327_g0p0103027852871_s91p2_IDEA/delphes.root
107,invisible_upper,invisible,0.020196197448,0.0092689822714,91.2,10000,181,0.0181,2.6424477618375425e-09,0.9826744374724365,2.596665867914006e-09,6970477.112074638,/data/alice/ipardoza/Axions/results/alp_full_production/fccee_z_full_projection_fullbg_channelaware/cluster_4797476/job107_m0p020196197448_g0p0092689822714_s91p2_IDEA/delphes.root
108,invisible_upper,invisible,0.0212360911087,0.00833840942085,91.2,10000,191,0.0191,3.265157222533327e-09,0.9826744374724365,3.2085865369120006e-09,5952776.956541795,/data/alice/ipardoza/Axions/results/alp_full_production/fccee_z_full_projection_fullbg_channelaware/cluster_4797476/job108_m0p0212360911087_g0p00833840942085_s91p2_IDEA/delphes.root
109,invisible_upper,invisible,0.0223295284539,0.00750079891765,91.2,10000,221,0.0221,4.035111130731709e-09,0.9826744374724365,3.965200560530549e-09,5573488.569527236,/data/alice/ipardoza/Axions/results/alp_full_production/fccee_z_full_projection_fullbg_channelaware/cluster_4797476/job109_m0p0223295284539_g0p00750079891765_s91p2_IDEA/delphes.root
110,invisible_upper,invisible,0.0234792664253,0.00674690094089,91.2,10000,171,0.0171,4.9872587090096595e-09,0.9826744374724365,4.900851646405577e-09,3489189.4784331257,/data/alice/ipardoza/Axions/results/alp_full_production/fccee_z_full_projection_fullbg_channelaware/cluster_4797476/job110_m0p0234792664253_g0p00674690094089_s91p2_IDEA/delphes.root
111,invisible_upper,invisible,0.0246882039184,0.0060683830125,91.2,10000,180,0.018,6.164879866670082e-09,0.9826744374724365,6.058069855065173e-09,2971243.3878506925,/data/alice/ipardoza/Axions/results/alp_full_production/fccee_z_full_projection_fullbg_channelaware/cluster_4797476/job111_m0p0246882039184_g0p0060683830125_s91p2_IDEA/delphes.root
112,invisible_upper,invisible,0.0259593890915,0.00545773927242,91.2,10000,161,0.0161,7.621580465465468e-09,0.9826744374724365,7.48953229655219e-09,2149666.9434767836,/data/alice/ipardoza/Axions/results/alp_full_production/fccee_z_full_projection_fullbg_channelaware/cluster_4797476/job112_m0p0259593890915_g0p00545773927242_s91p2_IDEA/delphes.root
113,invisible_upper,invisible,0.0272960270512,0.00490820870383,91.2,10000,155,0.0155,9.423768139861358e-09,0.9826744374724365,9.26049605570893e-09,1673776.4269598203,/data/alice/ipardoza/Axions/results/alp_full_production/fccee_z_full_projection_fullbg_channelaware/cluster_4797476/job113_m0p0272960270512_g0p00490820870383_s91p2_IDEA/delphes.root
114,invisible_upper,invisible,0.0287014879339,0.00441370143189,91.2,10000,176,0.0176,1.1653724834615052e-08,0.9826744374724365,1.145181749631391e-08,1536873.9508523478,/data/alice/ipardoza/Axions/results/alp_full_production/fccee_z_full_projection_fullbg_channelaware/cluster_4797476/job114_m0p0287014879339_g0p00441370143189_s91p2_IDEA/delphes.root
115,invisible_upper,invisible,0.0301793154027,0.00396873229272,91.2,10000,173,0.0173,1.4413421395222582e-08,0.9826744374724365,1.4163700761603533e-08,1221432.187193525,/data/alice/ipardoza/Axions/results/alp_full_production/fccee_z_full_projection_fullbg_channelaware/cluster_4797476/job115_m0p0301793154027_g0p00396873229272_s91p2_IDEA/delphes.root
116,invisible_upper,invisible,0.0317332355826,0.00356836096596,91.2,10000,168,0.0168,1.782925379252707e-08,0.9826744374724365,1.7520351941124845e-08,958884.8475449862,/data/alice/ipardoza/Axions/results/alp_full_production/fccee_z_full_projection_fullbg_channelaware/cluster_4797476/job116_m0p0317332355826_g0p00356836096596_s91p2_IDEA/delphes.root
117,invisible_upper,invisible,0.033367166455,0.00320813801552,91.2,10000,156,0.0156,2.2057926199239855e-08,0.9826744374724365,2.1675760219646543e-08,719697.9410143328,/data/alice/ipardoza/Axions/results/alp_full_production/fccee_z_full_projection_fullbg_channelaware/cluster_4797476/job117_m0p033367166455_g0p00320813801552_s91p2_IDEA/delphes.root
118,invisible_upper,invisible,0.0350852277366,0.00288405626543,91.2,10000,169,0.0169,2.729375894650471e-08,0.9826744374724365,2.68208792192648e-08,630106.1147861674,/data/alice/ipardoza/Axions/results/alp_full_production/fccee_z_full_projection_fullbg_channelaware/cluster_4797476/job118_m0p0350852277366_g0p00288405626543_s91p2_IDEA/delphes.root
119,invisible_upper,invisible,0.0368917512666,0.00259250697507,91.2,10000,168,0.0168,3.377777095902482e-08,0.9826744374724365,3.3192552076232516e-08,506137.64080013655,/data/alice/ipardoza/Axions/results/alp_full_production/fccee_z_full_projection_fullbg_channelaware/cluster_4797476/job119_m0p0368917512666_g0p00259250697507_s91p2_IDEA/delphes.root
120,invisible_upper,invisible,0.0387912919287,0.00233024034604,91.2,10000,167,0.0167,4.180897033921616e-08,0.9826744374724365,4.108460640939102e-08,406478.2764033673,/data/alice/ipardoza/Axions/results/alp_full_production/fccee_z_full_projection_fullbg_channelaware/cluster_4797476/job120_m0p0387912919287_g0p00233024034604_s91p2_IDEA/delphes.root
121,invisible_upper,invisible,0.0407886391358,0.00209432993798,91.2,10000,177,0.0177,5.1758390751210146e-08,0.9826744374724365,5.0861647515923995e-08,348002.8835962973,/data/alice/ipardoza/Axions/results/alp_full_production/fccee_z_full_projection_fullbg_channelaware/cluster_4797476/job121_m0p0407886391358_g0p00209432993798_s91p2_IDEA/delphes.root
122,invisible_upper,invisible,0.0428888289054,0.00188214059817,91.2,10000,152,0.0152,6.408655114242221e-08,0.9826744374724365,6.297621559342827e-08,241360.9623374409,/data/alice/ipardoza/Axions/results/alp_full_production/fccee_z_full_projection_fullbg_channelaware/cluster_4797476/job122_m0p0428888289054_g0p00188214059817_s91p2_IDEA/delphes.root
123,invisible_upper,invisible,0.0450971565575,0.00169129956045,91.2,10000,134,0.0134,7.936518342483746e-08,0.9826744374724365,7.799013697689889e-08,171816.59783427685,/data/alice/ipardoza/Axions/results/alp_full_production/fccee_z_full_projection_fullbg_channelaware/cluster_4797476/job123_m0p0450971565575_g0p00169129956045_s91p2_IDEA/delphes.root
124,invisible_upper,invisible,0.047419190066,0.00151967041244,91.2,10000,143,0.0143,9.830426435371915e-08,0.9826744374724365,9.660108767493266e-08,148031.4595226939,/data/alice/ipardoza/Axions/results/alp_full_production/fccee_z_full_projection_fullbg_channelaware/cluster_4797476/job124_m0p047419190066_g0p00151967041244_s91p2_IDEA/delphes.root
125,invisible_upper,invisible,0.0498607840973,0.00136532962985,91.2,10000,136,0.0136,1.217856807892057e-07,0.9826744374724365,1.1967567536173043e-07,113640.4700361438,/data/alice/ipardoza/Axions/results/alp_full_production/fccee_z_full_projection_fullbg_channelaware/cluster_4797476/job125_m0p0498607840973_g0p00136532962985_s91p2_IDEA/delphes.root
126,invisible_upper,invisible,0.0524280947721,0.00122654543786,91.2,10000,130,0.013,1.5090515295238384e-07,0.9826744374724365,1.482906362891758e-07,87665.68358806692,/data/alice/ipardoza/Axions/results/alp_full_production/fccee_z_full_projection_fullbg_channelaware/cluster_4797476/job126_m0p0524280947721_g0p00122654543786_s91p2_IDEA/delphes.root
127,invisible_upper,invisible,0.0551275951872,0.00110175876432,91.2,10000,149,0.0149,1.8702446845879052e-07,0.9826744374724365,1.8378416433632342e-07,81073.3615369229,/data/alice/ipardoza/Axions/results/alp_full_production/fccee_z_full_projection_fullbg_channelaware/cluster_4797476/job127_m0p0551275951872_g0p00110175876432_s91p2_IDEA/delphes.root
128,invisible_upper,invisible,0.0579660917364,0.000989566079368,91.2,10000,156,0.0156,2.3183658561871502e-07,0.9826744374724365,2.2781988635840115e-07,68475.14608737196,/data/alice/ipardoza/Axions/results/alp_full_production/fccee_z_full_projection_fullbg_channelaware/cluster_4797476/job128_m0p0579660917364_g0p000989566079368_s91p2_IDEA/delphes.root
129,invisible_upper,invisible,0.0609507412719,0.000888703934882,91.2,10000,147,0.0147,2.8744680985463424e-07,0.9826744374724365,2.8246663217714913e-07,52041.54517897493,/data/alice/ipardoza/Axions/results/alp_full_production/fccee_z_full_projection_fullbg_channelaware/cluster_4797476/job129_m0p0609507412719_g0p000888703934882_s91p2_IDEA/delphes.root
130,invisible_upper,invisible,0.0640890691489,0.00079803503603,91.2,10000,148,0.0148,3.564740520854659e-07,0.9826744374724365,3.5029793860660523e-07,42249.74905325044,/data/alice/ipardoza/Axions/results/alp_full_production/fccee_z_full_projection_fullbg_channelaware/cluster_4797476/job130_m0p0640890691489_g0p00079803503603_s91p2_IDEA/delphes.root
131,invisible_upper,invisible,0.0673889882004,0.000716535693349,91.2,10000,123,0.0123,4.421771917260622e-07,0.9826744374724365,4.3451622314254994e-07,28307.343534938143,/data/alice/ipardoza/Axions/results/alp_full_production/fccee_z_full_projection_fullbg_channelaware/cluster_4797476/job131_m0p0673889882004_g0p000716535693349_s91p2_IDEA/delphes.root
132,invisible_upper,invisible,0.0708588186875,0.000643284518935,91.2,10000,149,0.0149,5.486128395302764e-07,0.9826744374724365,5.391078134755705e-07,27638.25644436739,/data/alice/ipardoza/Axions/results/alp_full_production/fccee_z_full_projection_fullbg_channelaware/cluster_4797476/job132_m0p0708588186875_g0p000643284518935_s91p2_IDEA/delphes.root
133,invisible_upper,invisible,0.0745073092782,0.000577452243722,91.2,10000,155,0.0155,6.808323937151541e-07,0.9826744374724365,6.690365895070515e-07,23167.641715112255,/data/alice/ipardoza/Axions/results/alp_full_production/fccee_z_full_projection_fullbg_channelaware/cluster_4797476/job133_m0p0745073092782_g0p000577452243722_s91p2_IDEA/delphes.root
134,invisible_upper,invisible,0.0783436591055,0.000518292544954,91.2,10000,142,0.0142,8.451282973405217e-07,0.9826744374724365,8.304859741811352e-07,17098.422419477098,/data/alice/ipardoza/Axions/results/alp_full_production/fccee_z_full_projection_fullbg_channelaware/cluster_4797476/job134_m0p0783436591055_g0p000518292544954_s91p2_IDEA/delphes.root
135,invisible_upper,invisible,0.0823775409621,0.000465133783922,91.2,10000,133,0.0133,1.0493419376060583e-06,0.9826744374724365,1.03116149825327e-06,12898.07660829992,/data/alice/ipardoza/Axions/results/alp_full_production/fccee_z_full_projection_fullbg_channelaware/cluster_4797476/job135_m0p0823775409621_g0p000465133783922_s91p2_IDEA/delphes.root
136,invisible_upper,invisible,0.0866191256886,0.000417371563853,91.2,10000,132,0.0132,1.3032488264964756e-06,0.9826744374724365,1.2806693074640373e-06,10307.110448472016,/data/alice/ipardoza/Axions/results/alp_full_production/fccee_z_full_projection_fullbg_channelaware/cluster_4797476/job136_m0p0866191256886_g0p000417371563853_s91p2_IDEA/delphes.root
137,invisible_upper,invisible,0.0910791078178,0.000374462026804,91.2,10000,134,0.0134,1.6190407305542933e-06,0.9826744374724365,1.5909899391424029e-06,8422.429124362063,/data/alice/ipardoza/Axions/results/alp_full_production/fccee_z_full_projection_fullbg_channelaware/cluster_4797476/job137_m0p0910791078178_g0p000374462026804_s91p2_IDEA/delphes.root
138,invisible_upper,invisible,0.0957687325396,0.000335915816743,91.2,10000,126,0.0126,2.011929454909876e-06,0.9826744374724365,1.9770716453377883e-06,6373.061911900139,/data/alice/ipardoza/Axions/results/alp_full_production/fccee_z_full_projection_fullbg_channelaware/cluster_4797476/job138_m0p0957687325396_g0p000335915816743_s91p2_IDEA/delphes.root
139,invisible_upper,invisible,0.100699824054,0.000301292641646,91.2,10000,138,0.0138,2.5009036028393154e-06,0.9826744374724365,2.457574041092914e-06,5615.293687698201,/data/alice/ipardoza/Axions/results/alp_full_production/fccee_z_full_projection_fullbg_channelaware/cluster_4797476/job139_m0p100699824054_g0p000301292641646_s91p2_IDEA/delphes.root
140,invisible_upper,invisible,0.105884815384,0.000270196377036,91.2,10000,122,0.0122,3.1096774410066364e-06,0.9826744374724365,3.0558005300619224e-06,3992.407187570185,/data/alice/ipardoza/Axions/results/alp_full_production/fccee_z_full_projection_fullbg_channelaware/cluster_4797476/job140_m0p105884815384_g0p000270196377036_s91p2_IDEA/delphes.root
141,invisible_upper,invisible,0.111336779723,0.000242270655769,91.2,10000,112,0.0112,3.867881693281629e-06,0.9826744374724365,3.8008684671554606e-06,2946.694971631573,/data/alice/ipardoza/Axions/results/alp_full_production/fccee_z_full_projection_fullbg_channelaware/cluster_4797476/job141_m0p111336779723_g0p000242270655769_s91p2_IDEA/delphes.root
142,invisible_upper,invisible,0.1170694634,0.000217194896911,91.2,10000,114,0.0114,4.812558772259194e-06,0.9826744374724365,4.729178484332843e-06,2410.5666634843083,/data/alice/ipardoza/Axions/results/alp_full_production/fccee_z_full_projection_fullbg_channelaware/cluster_4797476/job142_m0p1170694634_g0p000217194896911_s91p2_IDEA/delphes.root
143,invisible_upper,invisible,0.123097320533,0.00019468072931,91.2,10000,111,0.0111,5.990042034716729e-06,0.9826744374724365,5.886261186901511e-06,1885.7471062786744,/data/alice/ipardoza/Axions/results/alp_full_production/fccee_z_full_projection_fullbg_channelaware/cluster_4797476/job143_m0p123097320533_g0p00019468072931_s91p2_IDEA/delphes.root
144,invisible_upper,invisible,0.129435549479,0.000174468771492,91.2,10000,101,0.0101,7.458319218538128e-06,0.9826744374724365,7.3290996425668175e-06,1378.0683156959713,/data/alice/ipardoza/Axions/results/alp_full_production/fccee_z_full_projection_fullbg_channelaware/cluster_4797476/job144_m0p129435549479_g0p000174468771492_s91p2_IDEA/delphes.root
145,invisible_upper,invisible,0.136100131152,0.000156325732109,91.2,10000,106,0.0106,9.290007510089648e-06,0.9826744374724365,9.129052904092055e-06,1161.1281160665199,/data/alice/ipardoza/Axions/results/alp_full_production/fccee_z_full_projection_fullbg_channelaware/cluster_4797476/job145_m0p136100131152_g0p000156325732109_s91p2_IDEA/delphes.root
146,invisible_upper,invisible,0.143107869314,0.000140041799075,91.2,10000,95,0.0095,1.1576102050469292e-05,0.9826744374724365,1.1375539570568432e-05,835.1252211876653,/data/alice/ipardoza/Axions/results/alp_full_production/fccee_z_full_projection_fullbg_channelaware/cluster_4797476/job146_m0p143107869314_g0p000140041799075_s91p2_IDEA/delphes.root
147,invisible_upper,invisible,0.15047643295,0.000125428289052,91.2,10000,69,0.0069,1.4430702993082604e-05,0.9826744374724365,1.4180682946059254e-05,486.5774114156806,/data/alice/ipardoza/Axions/results/alp_full_production/fccee_z_full_projection_fullbg_channelaware/cluster_4797476/job147_m0p15047643295_g0p000125428289052_s91p2_IDEA/delphes.root
148,invisible_upper,invisible,0.158224400809,0.000112315531085,91.2,10000,94,0.0094,1.799698324077501e-05,0.9826744374724365,1.7685175382329452e-05,531.5186192268258,/data/alice/ipardoza/Axions/results/alp_full_production/fccee_z_full_projection_fullbg_channelaware/cluster_4797476/job148_m0p158224400809_g0p000112315531085_s91p2_IDEA/delphes.root
149,invisible_upper,invisible,0.166371308255,0.000100550961414,91.2,10000,99,0.0099,2.2454729880803883e-05,0.9826744374724365,2.2065689054214467e-05,448.66036023965165,/data/alice/ipardoza/Axions/results/alp_full_production/fccee_z_full_projection_fullbg_channelaware/cluster_4797476/job149_m0p166371308255_g0p000100550961414_s91p2_IDEA/delphes.root
150,invisible_upper,invisible,0.174937696518,8.99974082431e-05,91.2,10000,85,0.0085,2.8029886084704202e-05,0.9826744374724365,2.754425254070318e-05,308.5943242583632,/data/alice/ipardoza/Axions/results/alp_full_production/fccee_z_full_projection_fullbg_channelaware/cluster_4797476/job150_m0p174937696518_g8p99974082431em05_s91p2_IDEA/delphes.root
151,invisible_upper,invisible,0.183945164487,8.05315477773e-05,91.2,10000,91,0.0091,3.5006638123498923e-05,0.9826744374724365,3.4400128425810455e-05,264.5338961343022,/data/alice/ipardoza/Axions/results/alp_full_production/fccee_z_full_projection_fullbg_channelaware/cluster_4797476/job151_m0p183945164487_g8p05315477773em05_s91p2_IDEA/delphes.root
152,invisible_upper,invisible,0.193416423171,7.20425143535e-05,91.2,10000,72,0.0072,4.374274721409595e-05,0.9826744374724365,4.298487951211073e-05,167.5007603073877,/data/alice/ipardoza/Axions/results/alp_full_production/fccee_z_full_projection_fullbg_channelaware/cluster_4797476/job152_m0p193416423171_g7p20425143535em05_s91p2_IDEA/delphes.root
153,invisible_upper,invisible,0.203375352957,6.44306492101e-05,91.2,10000,82,0.0082,5.468902785477501e-05,0.9826744374724365,5.3741509683105446e-05,152.58224133174676,/data/alice/ipardoza/Axions/results/alp_full_production/fccee_z_full_projection_fullbg_channelaware/cluster_4797476/job153_m0p203375352957_g6p44306492101em05_s91p2_IDEA/delphes.root
154,invisible_upper,invisible,0.213847063824,5.76063754591e-05,91.2,10000,76,0.0076,6.841410658726901e-05,0.9826744374724365,6.72287937058239e-05,113.0468000549834,/data/alice/ipardoza/Axions/results/alp_full_production/fccee_z_full_projection_fullbg_channelaware/cluster_4797476/job154_m0p213847063824_g5p76063754591em05_s91p2_IDEA/delphes.root
155,invisible_upper,invisible,0.224857958652,5.14891826593e-05,91.2,10000,75,0.0075,8.563602439555656e-05,0.9826744374724365,8.41523321002794e-05,89.1240897645319,/data/alice/ipardoza/Axions/results/alp_full_production/fccee_z_full_projection_fullbg_channelaware/cluster_4797476/job155_m0p224857958652_g5p14891826593em05_s91p2_IDEA/delphes.root
156,invisible_upper,invisible,0.236435799795,4.60067166599e-05,91.2,10000,68,0.0068,0.00010726250298437681,0.9826744374724365,0.00010540411978205803,64.51360738138341,/data/alice/ipardoza/Axions/results/alp_full_production/fccee_z_full_projection_fullbg_channelaware/cluster_4797476/job156_m0p236435799795_g4p60067166599em05_s91p2_IDEA/delphes.root
157,invisible_upper,invisible,0.24860977908,4.10939577662e-05,91.2,10000,49,0.0049,0.000134442501312197,0.9826744374724365,0.0001321132093493505,37.08940252176298,/data/alice/ipardoza/Axions/results/alp_full_production/fccee_z_full_projection_fullbg_channelaware/cluster_4797476/job157_m0p24860977908_g4p10939577662em05_s91p2_IDEA/delphes.root
158,invisible_upper,invisible,0.261410591406,3.6692482232e-05,91.2,10000,52,0.0052,0.0001686322675027696,0.9826744374724365,0.00016571061860798557,31.380004755768937,/data/alice/ipardoza/Axions/results/alp_full_production/fccee_z_full_projection_fullbg_channelaware/cluster_4797476/job158_m0p261410591406_g3p6692482232em05_s91p2_IDEA/delphes.root
159,invisible_upper,invisible,0.274870512143,3.27497975784e-05,91.2,10000,53,0.0053,0.0002116801823011922,0.9826744374724365,0.00020801270406688686,25.47921303064151,/data/alice/ipardoza/Axions/results/alp_full_production/fccee_z_full_projection_fullbg_channelaware/cluster_4797476/job159_m0p274870512143_g3p27497975784em05_s91p2_IDEA/delphes.root
160,invisible_upper,invisible,0.289023478503,2.921874387e-05,91.2,10000,61,0.0061,0.00026593609569437786,0.9826744374724365,0.0002613286032400888,23.342259226005144,/data/alice/ipardoza/Axions/results/alp_full_production/fccee_z_full_projection_fullbg_channelaware/cluster_4797476/job160_m0p289023478503_g2p921874387em05_s91p2_IDEA/delphes.root
161,invisible_upper,invisible,0.303905175113,2.60569574206e-05,91.2,10000,57,0.0057,0.00033439214745799854,0.9826744374724365,0.0003285986153984888,17.3463908029182,/data/alice/ipardoza/Axions/results/alp_full_production/fccee_z_full_projection_fullbg_channelaware/cluster_4797476/job161_m0p303905175113_g2p60569574206em05_s91p2_IDEA/delphes.root
162,invisible_upper,invisible,0.319553123983,2.32263830951e-05,91.2,10000,55,0.0055,0.0004208659977326239,0.9826744374724365,0.00041357425757318196,13.298700050321132,/data/alice/ipardoza/Axions/results/alp_full_production/fccee_z_full_projection_fullbg_channelaware/cluster_4797476/job162_m0p319553123983_g2p32263830951em05_s91p2_IDEA/delphes.root
163,invisible_upper,invisible,0.33600677912,2.06928419593e-05,91.2,10000,53,0.0053,0.0005302377444298977,0.9826744374724365,0.0005210510772343033,10.17174751491153,/data/alice/ipardoza/Axions/results/alp_full_production/fccee_z_full_projection_fullbg_channelaware/cluster_4797476/job163_m0p33600677912_g2p06928419593em05_s91p2_IDEA/delphes.root
164,invisible_upper,invisible,0.353307625997,1.84256378197e-05,91.2,10000,56,0.0056,0.0006687596646197344,0.9826744374724365,0.0006571730272344528,8.52134790675477,/data/alice/ipardoza/Axions/results/alp_full_production/fccee_z_full_projection_fullbg_channelaware/cluster_4797476/job164_m0p353307625997_g1p84256378197em05_s91p2_IDEA/delphes.root
165,invisible_upper,invisible,0.371499286159,1.63972034928e-05,91.2,10000,55,0.0055,0.0008444623090726227,0.9826744374724365,0.0008298315245346144,6.627851361858669,/data/alice/ipardoza/Axions/results/alp_full_production/fccee_z_full_projection_fullbg_channelaware/cluster_4797476/job165_m0p371499286159_g1p63972034928em05_s91p2_IDEA/delphes.root
166,invisible_upper,invisible,0.390627627205,1.45827850793e-05,91.2,10000,46,0.0046,0.0010676874034480277,0.9826744374724365,0.0010491891185796971,4.384338265180531,/data/alice/ipardoza/Axions/results/alp_full_production/fccee_z_full_projection_fullbg_channelaware/cluster_4797476/job166_m0p390627627205_g1p45827850793em05_s91p2_IDEA/delphes.root
167,invisible_upper,invisible,0.410740878438,1.29601554215e-05,91.2,10000,49,0.0049,0.0013517938672657635,0.9826744374724365,0.0013283732780940737,3.6887221994034936,/data/alice/ipardoza/Axions/results/alp_full_production/fccee_z_full_projection_fullbg_channelaware/cluster_4797476/job167_m0p410740878438_g1p29601554215em05_s91p2_IDEA/delphes.root
168,invisible_upper,invisible,0.431889752465,1.15093576363e-05,91.2,10000,44,0.0044,0.0017140957002463582,0.9826744374724365,0.0016843980280135122,2.612209185016158,/data/alice/ipardoza/Axions/results/alp_full_production/fccee_z_full_projection_fullbg_channelaware/cluster_4797476/job168_m0p431889752465_g1p15093576363em05_s91p2_IDEA/delphes.root
169,invisible_upper,invisible,0.454127573068,1.02124725409e-05,91.2,10000,50,0.005,0.0021771206813466807,0.9826744374724365,0.002139400840851957,2.3371029423401035,/data/alice/ipardoza/Axions/results/alp_full_production/fccee_z_full_projection_fullbg_channelaware/cluster_4797476/job169_m0p454127573068_g1p02124725409em05_s91p2_IDEA/delphes.root
170,invisible_upper,invisible,0.477510409643,9.05341141115e-06,91.2,10000,52,0.0052,0.002770305137479215,0.9826744374724365,0.0027223080425993885,1.9101438627183402,/data/alice/ipardoza/Axions/results/alp_full_production/fccee_z_full_projection_fullbg_channelaware/cluster_4797476/job170_m0p477510409643_g9p05341141115em06_s91p2_IDEA/delphes.root
171,invisible_upper,invisible,0.502097218579,8.0177269369e-06,91.2,10000,62,0.0062,0.003532307223059162,0.9826744374724365,0.0034711080133994865,1.7861731689322824,/data/alice/ipardoza/Axions/results/alp_full_production/fccee_z_full_projection_fullbg_channelaware/cluster_4797476/job171_m0p502097218579_g8p0177269369em06_s91p2_IDEA/delphes.root
172,invisible_upper,invisible,0.527949991904,7.09244613333e-06,91.2,10000,66,0.0066,0.004514172990807323,0.9826744374724365,0.0044359624043948526,1.4878394806640303,/data/alice/ipardoza/Axions/results/alp_full_production/fccee_z_full_projection_fullbg_channelaware/cluster_4797476/job172_m0p527949991904_g7p09244613333em06_s91p2_IDEA/delphes.root
173,invisible_upper,invisible,0.555133913587,6.26591188787e-06,91.2,10000,84,0.0084,0.005783788792309021,0.9826744374724365,0.00568358139794165,1.4779413563148969,/data/alice/ipardoza/Axions/results/alp_full_production/fccee_z_full_projection_fullbg_channelaware/cluster_4797476/job173_m0p555133913587_g6p26591188787em06_s91p2_IDEA/delphes.root
174,invisible_upper,invisible,0.583717523896,5.52764980678e-06,91.2,10000,86,0.0086,0.00743209876088097,0.9826744374724365,0.0073033334690883,1.1775444783399118,/data/alice/ipardoza/Axions/results/alp_full_production/fccee_z_full_projection_fullbg_channelaware/cluster_4797476/job174_m0p583717523896_g5p52764980678em06_s91p2_IDEA/delphes.root
175,invisible_upper,invisible,0.613772892204,4.86823648727e-06,91.2,10000,119,0.0119,0.009582123507263715,0.9826744374724365,0.009416107827291782,1.2637918148631295,/data/alice/ipardoza/Axions/results/alp_full_production/fccee_z_full_projection_fullbg_channelaware/cluster_4797476/job175_m0p613772892204_g4p86823648727em06_s91p2_IDEA/delphes.root
176,invisible_upper,invisible,0.645375798708,4.2791829878e-06,91.2,10000,130,0.013,0.01240217117383254,0.9826744374724365,0.01218729658168276,1.066684470413128,/data/alice/ipardoza/Axions/results/alp_full_production/fccee_z_full_projection_fullbg_channelaware/cluster_4797476/job176_m0p645375798708_g4p2791829878em06_s91p2_IDEA/delphes.root
177,invisible_upper,invisible,0.678605925496,3.75282601898e-06,91.2,10000,168,0.0168,0.01612570064993392,0.9826744374724365,0.015846313815022717,1.060183472074948,/data/alice/ipardoza/Axions/results/alp_full_production/fccee_z_full_projection_fullbg_channelaware/cluster_4797476/job177_m0p678605925496_g3p75282601898em06_s91p2_IDEA/delphes.root
178,invisible_upper,invisible,0.713547057451,3.28221927344e-06,91.2,10000,218,0.0218,0.021082273157649198,0.9826744374724365,0.020717010915833174,1.0522753542278216,/data/alice/ipardoza/Axions/results/alp_full_production/fccee_z_full_projection_fullbg_channelaware/cluster_4797476/job178_m0p713547057451_g3p28221927344em06_s91p2_IDEA/delphes.root
179,invisible_upper,invisible,0.750287293505,2.86101847964e-06,91.2,10000,248,0.0248,0.027747939488471658,0.9826744374724365,0.027267190827853095,0.9095179681900751,/data/alice/ipardoza/Axions/results/alp_full_production/fccee_z_full_projection_fullbg_channelaware/cluster_4797476/job179_m0p750287293505_g2p86101847964em06_s91p2_IDEA/delphes.root
180,invisible_upper,invisible,0.788919268767,2.48335598193e-06,91.2,10000,334,0.0334,0.03683117109421343,0.9826744374724365,0.03619305033645725,0.9228290981143468,/data/alice/ipardoza/Axions/results/alp_full_production/fccee_z_full_projection_fullbg_channelaware/cluster_4797476/job180_m0p788919268767_g2p48335598193em06_s91p2_IDEA/delphes.root
181,invisible_upper,invisible,0.829540388089,2.14366142747e-06,91.2,10000,460,0.046,0.049431600651810494,0.9826744374724365,0.04857517036388,0.9469858706703606,/data/alice/ipardoza/Axions/results/alp_full_production/fccee_z_full_projection_fullbg_channelaware/cluster_4797476/job181_m0p829540388089_g2p14366142747em06_s91p2_IDEA/delphes.root
182,invisible_upper,invisible,0.872253071655,1.83636205548e-06,91.2,10000,612,0.0612,0.06736378763896965,0.9826744374724365,0.06619667212413717,0.9245177746282015,/data/alice/ipardoza/Axions/results/alp_full_production/fccee_z_full_projection_fullbg_channelaware/cluster_4797476/job182_m0p872253071655_g1p83636205548em06_s91p2_IDEA/delphes.root
183,invisible_upper,invisible,0.917165013225,1.55521800203e-06,91.2,10000,866,0.0866,0.09392674123991725,0.9826744374724365,0.09229940761155479,0.9382508755035466,/data/alice/ipardoza/Axions/results/alp_full_production/fccee_z_full_projection_fullbg_channelaware/cluster_4797476/job183_m0p917165013225_g1p55521800203em06_s91p2_IDEA/delphes.root
184,invisible_upper,invisible,0.964389451662,1.29126049441e-06,91.2,10000,1224,0.1224,0.13626240706886547,0.9826744374724365,0.13390158421503753,0.9141041961343287,/data/alice/ipardoza/Axions/results/alp_full_production/fccee_z_full_projection_fullbg_channelaware/cluster_4797476/job184_m0p964389451662_g1p29126049441em06_s91p2_IDEA/delphes.root
185,invisible_upper,invisible,1.01404545645,1.02108773312e-06,91.2,10000,1935,0.1935,0.21792793290088586,0.9826744374724365,0.2141522088729089,0.9035629425369823,/data/alice/ipardoza/Axions/results/alp_full_production/fccee_z_full_projection_fullbg_channelaware/cluster_4797476/job185_m1p01404545645_g1p02108773312em06_s91p2_IDEA/delphes.root
186,resolved_prompt,resolved_prompt,0.613772892204,1.64234412574e-05,91.2,10000,2223,0.2223,0.34504087270702977,0.9631192161667351,0.33231549486708073,0.6689426266112429,/data/alice/ipardoza/Axions/results/alp_full_production/fccee_z_full_projection_fullbg_channelaware/cluster_4797476/job186_m0p613772892204_g1p64234412574em05_s91p2_IDEA/delphes.root
187,resolved_prompt,resolved_prompt,0.645375798708,1.57508504264e-05,91.2,10000,2199,0.2199,0.3786155644686511,0.9631192161667351,0.3646519256795732,0.6030408302114122,/data/alice/ipardoza/Axions/results/alp_full_production/fccee_z_full_projection_fullbg_channelaware/cluster_4797476/job187_m0p645375798708_g1p57508504264em05_s91p2_IDEA/delphes.root
188,resolved_prompt,resolved_prompt,0.678605925496,1.52543094844e-05,91.2,10000,2268,0.2268,0.4204726882800731,0.9631192161667351,0.40496532595582396,0.5600479484624832,/data/alice/ipardoza/Axions/results/alp_full_production/fccee_z_full_projection_fullbg_channelaware/cluster_4797476/job188_m0p678605925496_g1p52543094844em05_s91p2_IDEA/delphes.root
189,resolved_prompt,resolved_prompt,0.713547057451,1.5139972114e-05,91.2,10000,2093,0.2093,0.4815571069722243,0.9631192161667351,0.4637969034066093,0.451275113013222,/data/alice/ipardoza/Axions/results/alp_full_production/fccee_z_full_projection_fullbg_channelaware/cluster_4797476/job189_m0p713547057451_g1p5139972114em05_s91p2_IDEA/delphes.root
190,resolved_prompt,resolved_prompt,0.750287293505,1.52829745106e-05,91.2,10000,2148,0.2148,0.558812178324906,0.9631192161667351,0.5382027471727093,0.39910610105278904,/data/alice/ipardoza/Axions/results/alp_full_production/fccee_z_full_projection_fullbg_channelaware/cluster_4797476/job190_m0p750287293505_g1p52829745106em05_s91p2_IDEA/delphes.root
191,resolved_prompt,resolved_prompt,0.788919268767,1.43958782417e-05,91.2,10000,2097,0.2097,0.5883327779143459,0.9631192161667351,0.5666346039100627,0.3700797631365344,/data/alice/ipardoza/Axions/results/alp_full_production/fccee_z_full_projection_fullbg_channelaware/cluster_4797476/job191_m0p788919268767_g1p43958782417em05_s91p2_IDEA/delphes.root
192,resolved_prompt,resolved_prompt,0.829540388089,1.31223495336e-05,91.2,10000,2142,0.2142,0.5940333196023803,0.9631192161667351,0.5721249051523681,0.3743937697362682,/data/alice/ipardoza/Axions/results/alp_full_production/fccee_z_full_projection_fullbg_channelaware/cluster_4797476/job192_m0p829540388089_g1p31223495336em05_s91p2_IDEA/delphes.root
193,resolved_prompt,resolved_prompt,0.872253071655,1.23661456864e-05,91.2,10000,2129,0.2129,0.6241818146279615,0.9631192161667351,0.6011615000500127,0.3541477622607039,/data/alice/ipardoza/Axions/results/alp_full_production/fccee_z_full_projection_fullbg_channelaware/cluster_4797476/job193_m0p872253071655_g1p23661456864em05_s91p2_IDEA/delphes.root
194,resolved_prompt,resolved_prompt,0.917165013225,1.18804309575e-05,91.2,10000,2135,0.2135,0.668523475644391,0.9631192161667351,0.6438678058516872,0.331589804707799,/data/alice/ipardoza/Axions/results/alp_full_production/fccee_z_full_projection_fullbg_channelaware/cluster_4797476/job194_m0p917165013225_g1p18804309575em05_s91p2_IDEA/delphes.root
195,resolved_prompt,resolved_prompt,0.964389451662,1.14753250872e-05,91.2,10000,2093,0.2093,0.7161539306756164,0.9631192161667351,0.689741612367026,0.3034469665846797,/data/alice/ipardoza/Axions/results/alp_full_production/fccee_z_full_projection_fullbg_channelaware/cluster_4797476/job195_m0p964389451662_g1p14753250872em05_s91p2_IDEA/delphes.root
196,resolved_prompt,resolved_prompt,1.01404545645,1.11354650489e-05,91.2,10000,2102,0.2102,0.765336463615429,0.9631192161667351,0.7371102549411129,0.2851676510955511,/data/alice/ipardoza/Axions/results/alp_full_production/fccee_z_full_projection_fullbg_channelaware/cluster_4797476/job196_m1p01404545645_g1p11354650489em05_s91p2_IDEA/delphes.root
197,resolved_prompt,resolved_prompt,1.06625822792,1.11229993073e-05,91.2,10000,2227,0.2227,0.829339445983128,0.9631192161667351,0.7987527571514247,0.27880967922315586,/data/alice/ipardoza/Axions/results/alp_full_production/fccee_z_full_projection_fullbg_channelaware/cluster_4797476/job197_m1p06625822792_g1p11229993073em05_s91p2_IDEA/delphes.root
198,resolved_prompt,resolved_prompt,1.12115941289,1.21410890866e-05,91.2,10000,2351,0.2351,0.9238561123263249,0.9631192161667351,0.8897835747545773,0.2642215552976981,/data/alice/ipardoza/Axions/results/alp_full_production/fccee_z_full_projection_fullbg_channelaware/cluster_4797476/job198_m1p12115941289_g1p21410890866em05_s91p2_IDEA/delphes.root
199,resolved_prompt,resolved_prompt,1.17888743664,1.24800709541e-05,91.2,10000,2433,0.2433,0.9640696641346402,0.9631192161667351,0.9285140192514822,0.2620315848285579,/data/alice/ipardoza/Axions/results/alp_full_production/fccee_z_full_projection_fullbg_channelaware/cluster_4797476/job199_m1p17888743664_g1p24800709541em05_s91p2_IDEA/delphes.root
200,resolved_prompt,resolved_prompt,1.23958785192,1.15410140067e-05,91.2,10000,2536,0.2536,0.9691053633336691,0.9631192161667351,0.9333639979169025,0.2717053588589112,/data/alice/ipardoza/Axions/results/alp_full_production/fccee_z_full_projection_fullbg_channelaware/cluster_4797476/job200_m1p23958785192_g1p15410140067em05_s91p2_IDEA/delphes.root
201,resolved_prompt,resolved_prompt,1.30341370589,1.12040636095e-05,91.2,10000,2633,0.2633,0.9817950802610429,0.9631192161667351,0.9455857081373724,0.27845175507004216,/data/alice/ipardoza/Axions/results/alp_full_production/fccee_z_full_projection_fullbg_channelaware/cluster_4797476/job201_m1p30341370589_g1p12040636095em05_s91p2_IDEA/delphes.root
202,resolved_prompt,resolved_prompt,1.37052592607,1.11914495615e-05,91.2,10000,2814,0.2814,0.9924497201634277,0.9631192161667351,0.9558473965686961,0.29439845838380746,/data/alice/ipardoza/Axions/results/alp_full_production/fccee_z_full_projection_fullbg_channelaware/cluster_4797476/job202_m1p37052592607_g1p11914495615em05_s91p2_IDEA/delphes.root
203,resolved_prompt,resolved_prompt,1.44109372607,1.18582263363e-05,91.2,10000,2868,0.2868,0.9987764914995182,0.9631192161667351,0.9619408316187777,0.29814723585167485,/data/alice/ipardoza/Axions/results/alp_full_production/fccee_z_full_projection_fullbg_channelaware/cluster_4797476/job203_m1p44109372607_g1p18582263363em05_s91p2_IDEA/delphes.root
204,resolved_prompt,resolved_prompt,1.51529503223,1.34532950578e-05,91.2,10000,2967,0.2967,0.9999738462083467,0.9631192161667351,0.9630940269474182,0.3080696086761203,/data/alice/ipardoza/Axions/results/alp_full_production/fccee_z_full_projection_fullbg_channelaware/cluster_4797476/job204_m1p51529503223_g1p34532950578em05_s91p2_IDEA/delphes.root
205,resolved_prompt,resolved_prompt,1.59331693225,1.26981874539e-05,91.2,10000,3008,0.3008,0.999989782580796,0.9631192161667351,0.96310937557396,0.3123217441640414,/data/alice/ipardoza/Axions/results/alp_full_production/fccee_z_full_projection_fullbg_channelaware/cluster_4797476/job205_m1p59331693225_g1p26981874539em05_s91p2_IDEA/delphes.root
206,resolved_prompt,resolved_prompt,1.67535614689,1.18816185226e-05,91.2,10000,3264,0.3264,0.9999954443983623,0.9631192161667351,0.9631148285792567,0.3389003993236097,/data/alice/ipardoza/Axions/results/alp_full_production/fccee_z_full_projection_fullbg_channelaware/cluster_4797476/job206_m1p67535614689_g1p18816185226em05_s91p2_IDEA/delphes.root
207,resolved_prompt,resolved_prompt,1.76161952598,1.20370624119e-05,91.2,10000,3419,0.3419,0.9999998012512951,0.9631192161667351,0.9631190247480382,0.35499246844328974,/data/alice/ipardoza/Axions/results/alp_full_production/fccee_z_full_projection_fullbg_channelaware/cluster_4797476/job207_m1p76161952598_g1p20370624119em05_s91p2_IDEA/delphes.root
208,resolved_prompt,resolved_prompt,1.85232456995,1.34473049971e-05,91.2,10000,3511,0.3511,0.9999999999403947,0.9631192161667351,0.963119216109328,0.3645446940808884,/data/alice/ipardoza/Axions/results/alp_full_production/fccee_z_full_projection_fullbg_channelaware/cluster_4797476/job208_m1p85232456995_g1p34473049971em05_s91p2_IDEA/delphes.root
209,resolved_prompt,resolved_prompt,1.94769997825,1.37256839079e-05,91.2,10000,3666,0.3666,0.999999999999905,0.9631192161667351,0.9631192161666436,0.38063823651979656,/data/alice/ipardoza/Axions/results/alp_full_production/fccee_z_full_projection_fullbg_channelaware/cluster_4797476/job209_m1p94769997825_g1p37256839079em05_s91p2_IDEA/delphes.root
210,resolved_prompt,resolved_prompt,2.04798622597,1.25106342845e-05,91.2,10000,3766,0.3766,0.9999999999999405,0.9631192161667351,0.9631192161666778,0.39102116713952617,/data/alice/ipardoza/Axions/results/alp_full_production/fccee_z_full_projection_fullbg_channelaware/cluster_4797476/job210_m2p04798622597_g1p25106342845em05_s91p2_IDEA/delphes.root
211,resolved_prompt,resolved_prompt,2.15343617015,1.27866888282e-05,91.2,10000,3922,0.3922,1.0,0.9631192161667351,0.9631192161667351,0.4072185389063013,/data/alice/ipardoza/Axions/results/alp_full_production/fccee_z_full_projection_fullbg_channelaware/cluster_4797476/job211_m2p15343617015_g1p27866888282em05_s91p2_IDEA/delphes.root
212,resolved_prompt,resolved_prompt,2.26431568734,1.43294358404e-05,91.2,10000,4059,0.4059,1.0,0.9631192161667351,0.9631192161667351,0.4214431538553485,/data/alice/ipardoza/Axions/results/alp_full_production/fccee_z_full_projection_fullbg_channelaware/cluster_4797476/job212_m2p26431568734_g1p43294358404em05_s91p2_IDEA/delphes.root
213,resolved_prompt,resolved_prompt,2.38090434394,1.35246108864e-05,91.2,10000,4182,0.4182,1.0,0.9631192161667351,0.9631192161667351,0.4342141585176318,/data/alice/ipardoza/Axions/results/alp_full_production/fccee_z_full_projection_fullbg_channelaware/cluster_4797476/job213_m2p38090434394_g1p35246108864em05_s91p2_IDEA/delphes.root
214,resolved_prompt,resolved_prompt,2.50349610114,1.31720205075e-05,91.2,10000,4302,0.4302,1.0,0.9631192161667351,0.9631192161667351,0.44667367526132284,/data/alice/ipardoza/Axions/results/alp_full_production/fccee_z_full_projection_fullbg_channelaware/cluster_4797476/job214_m2p50349610114_g1p31720205075em05_s91p2_IDEA/delphes.root
215,resolved_prompt,resolved_prompt,2.63240005605,1.47609100785e-05,91.2,10000,4522,0.4522,1.0,0.9631192161667351,0.9631192161667351,0.46951612262475634,/data/alice/ipardoza/Axions/results/alp_full_production/fccee_z_full_projection_fullbg_channelaware/cluster_4797476/job215_m2p63240005605_g1p47609100785em05_s91p2_IDEA/delphes.root
216,resolved_prompt,resolved_prompt,2.76794122105,1.45375595891e-05,91.2,10000,4751,0.4751,1.0,0.9631192161667351,0.9631192161667351,0.4932930337439667,/data/alice/ipardoza/Axions/results/alp_full_production/fccee_z_full_projection_fullbg_channelaware/cluster_4797476/job216_m2p76794122105_g1p45375595891em05_s91p2_IDEA/delphes.root
217,resolved_prompt,resolved_prompt,2.91046134328,1.45668650419e-05,91.2,10000,4688,0.4688,1.0,0.9631192161667351,0.9631192161667351,0.4867517874535289,/data/alice/ipardoza/Axions/results/alp_full_production/fccee_z_full_projection_fullbg_channelaware/cluster_4797476/job217_m2p91046134328_g1p45668650419em05_s91p2_IDEA/delphes.root
218,resolved_prompt,resolved_prompt,3.06031976629,1.56016261291e-05,91.2,10000,4877,0.4877,1.0,0.9631192161667351,0.9631192161667351,0.5063755263248423,/data/alice/ipardoza/Axions/results/alp_full_production/fccee_z_full_projection_fullbg_channelaware/cluster_4797476/job218_m3p06031976629_g1p56016261291em05_s91p2_IDEA/delphes.root
219,resolved_prompt,resolved_prompt,3.2178943361,1.48646612158e-05,91.2,10000,5059,0.5059,1.0,0.9631192161667351,0.9631192161667351,0.5252724600527736,/data/alice/ipardoza/Axions/results/alp_full_production/fccee_z_full_projection_fullbg_channelaware/cluster_4797476/job219_m3p2178943361_g1p48646612158em05_s91p2_IDEA/delphes.root
220,resolved_prompt,resolved_prompt,3.38358235383,1.58964467999e-05,91.2,10000,5173,0.5173,1.0,0.9631192161667351,0.9631192161667351,0.53710900095928,/data/alice/ipardoza/Axions/results/alp_full_production/fccee_z_full_projection_fullbg_channelaware/cluster_4797476/job220_m3p38358235383_g1p58964467999em05_s91p2_IDEA/delphes.root
221,resolved_prompt,resolved_prompt,3.55780157748,1.57956940872e-05,91.2,10000,5491,0.5491,1.0,0.9631192161667351,0.9631192161667351,0.5701267203300613,/data/alice/ipardoza/Axions/results/alp_full_production/fccee_z_full_projection_fullbg_channelaware/cluster_4797476/job221_m3p55780157748_g1p57956940872em05_s91p2_IDEA/delphes.root
222,resolved_prompt,resolved_prompt,3.74099127524,1.6329223627e-05,91.2,10000,5609,0.5609,1.0,0.9631192161667351,0.9631192161667351,0.5823785784613573,/data/alice/ipardoza/Axions/results/alp_full_production/fccee_z_full_projection_fullbg_channelaware/cluster_4797476/job222_m3p74099127524_g1p6329223627em05_s91p2_IDEA/delphes.root
223,resolved_prompt,resolved_prompt,3.93361333302,1.61827615012e-05,91.2,10000,5731,0.5731,1.0,0.9631192161667351,0.9631192161667351,0.5950457538174433,/data/alice/ipardoza/Axions/results/alp_full_production/fccee_z_full_projection_fullbg_channelaware/cluster_4797476/job223_m3p93361333302_g1p61827615012em05_s91p2_IDEA/delphes.root
224,resolved_prompt,resolved_prompt,4.13615341905,1.66911436839e-05,91.2,10000,5828,0.5828,1.0,0.9631192161667351,0.9631192161667351,0.6051171965185935,/data/alice/ipardoza/Axions/results/alp_full_production/fccee_z_full_projection_fullbg_channelaware/cluster_4797476/job224_m4p13615341905_g1p66911436839em05_s91p2_IDEA/delphes.root
225,resolved_prompt,resolved_prompt,4.3491222084,1.68235802997e-05,91.2,10000,6009,0.6009,1.0,0.9631192161667351,0.9631192161667351,0.6239103009403274,/data/alice/ipardoza/Axions/results/alp_full_production/fccee_z_full_projection_fullbg_channelaware/cluster_4797476/job225_m4p3491222084_g1p68235802997em05_s91p2_IDEA/delphes.root
226,resolved_prompt,resolved_prompt,4.5730566706,1.73595374942e-05,91.2,10000,6179,0.6179,1.0,0.9631192161667351,0.9631192161667351,0.6415612829938897,/data/alice/ipardoza/Axions/results/alp_full_production/fccee_z_full_projection_fullbg_channelaware/cluster_4797476/job226_m4p5730566706_g1p73595374942em05_s91p2_IDEA/delphes.root
227,resolved_prompt,resolved_prompt,4.8085214235,1.74338814747e-05,91.2,10000,6370,0.637,1.0,0.9631192161667351,0.9631192161667351,0.6613926804775979,/data/alice/ipardoza/Axions/results/alp_full_production/fccee_z_full_projection_fullbg_channelaware/cluster_4797476/job227_m4p8085214235_g1p74338814747em05_s91p2_IDEA/delphes.root
228,resolved_prompt,resolved_prompt,5.05611015689,1.73645892574e-05,91.2,10000,6521,0.6521,1.0,0.9631192161667351,0.9631192161667351,0.6770709057134091,/data/alice/ipardoza/Axions/results/alp_full_production/fccee_z_full_projection_fullbg_channelaware/cluster_4797476/job228_m5p05611015689_g1p73645892574em05_s91p2_IDEA/delphes.root
229,resolved_prompt,resolved_prompt,5.3164471294,1.76103955047e-05,91.2,10000,6567,0.6567,1.0,0.9631192161667351,0.9631192161667351,0.6818470537984906,/data/alice/ipardoza/Axions/results/alp_full_production/fccee_z_full_projection_fullbg_channelaware/cluster_4797476/job229_m5p3164471294_g1p76103955047em05_s91p2_IDEA/delphes.root
230,resolved_prompt,resolved_prompt,5.59018874247,1.80460465925e-05,91.2,10000,6748,0.6748,1.0,0.9631192161667351,0.9631192161667351,0.7006401582202245,/data/alice/ipardoza/Axions/results/alp_full_production/fccee_z_full_projection_fullbg_channelaware/cluster_4797476/job230_m5p59018874247_g1p80460465925em05_s91p2_IDEA/delphes.root
231,resolved_prompt,resolved_prompt,5.87802519536,1.8505438461e-05,91.2,10000,6946,0.6946,1.0,0.9631192161667351,0.9631192161667351,0.7211983608473148,/data/alice/ipardoza/Axions/results/alp_full_production/fccee_z_full_projection_fullbg_channelaware/cluster_4797476/job231_m5p87802519536_g1p8505438461em05_s91p2_IDEA/delphes.root
232,resolved_prompt,resolved_prompt,6.18068222541,1.83256901051e-05,91.2,10000,7034,0.7034,1.0,0.9631192161667351,0.9631192161667351,0.7303353397926882,/data/alice/ipardoza/Axions/results/alp_full_production/fccee_z_full_projection_fullbg_channelaware/cluster_4797476/job232_m6p18068222541_g1p83256901051em05_s91p2_IDEA/delphes.root
233,resolved_prompt,resolved_prompt,6.49892293787,1.84631721006e-05,91.2,10000,7121,0.7121,1.0,0.9631192161667351,0.9631192161667351,0.7393684894318642,/data/alice/ipardoza/Axions/results/alp_full_production/fccee_z_full_projection_fullbg_channelaware/cluster_4797476/job233_m6p49892293787_g1p84631721006em05_s91p2_IDEA/delphes.root
234,resolved_prompt,resolved_prompt,6.83354972995,1.88911612139e-05,91.2,10000,7253,0.7253,1.0,0.9631192161667351,0.9631192161667351,0.7530739578499243,/data/alice/ipardoza/Axions/results/alp_full_production/fccee_z_full_projection_fullbg_channelaware/cluster_4797476/job234_m6p83354972995_g1p88911612139em05_s91p2_IDEA/delphes.root
235,resolved_prompt,resolved_prompt,7.18540631396,1.93160134624e-05,91.2,10000,7415,0.7415,1.0,0.9631192161667351,0.9631192161667351,0.7698943054539072,/data/alice/ipardoza/Axions/results/alp_full_production/fccee_z_full_projection_fullbg_channelaware/cluster_4797476/job235_m7p18540631396_g1p93160134624em05_s91p2_IDEA/delphes.root
236,resolved_prompt,resolved_prompt,7.55537984459,1.92530467842e-05,91.2,10000,7547,0.7547,1.0,0.9631192161667351,0.9631192161667351,0.7835997738719673,/data/alice/ipardoza/Axions/results/alp_full_production/fccee_z_full_projection_fullbg_channelaware/cluster_4797476/job236_m7p55537984459_g1p92530467842em05_s91p2_IDEA/delphes.root
237,resolved_prompt,resolved_prompt,7.94440315577,1.91502375071e-05,91.2,10000,7548,0.7548,1.0,0.9631192161667351,0.9631192161667351,0.7837036031781647,/data/alice/ipardoza/Axions/results/alp_full_production/fccee_z_full_projection_fullbg_channelaware/cluster_4797476/job237_m7p94440315577_g1p91502375071em05_s91p2_IDEA/delphes.root
238,resolved_prompt,resolved_prompt,8.35345711262,1.94584964083e-05,91.2,10000,7674,0.7674,1.0,0.9631192161667351,0.9631192161667351,0.7967860957590402,/data/alice/ipardoza/Axions/results/alp_full_production/fccee_z_full_projection_fullbg_channelaware/cluster_4797476/job238_m8p35345711262_g1p94584964083em05_s91p2_IDEA/delphes.root
239,resolved_prompt,resolved_prompt,8.78357308462,1.9896447151e-05,91.2,10000,7787,0.7787,1.0,0.9631192161667351,0.9631192161667351,0.8085188073593492,/data/alice/ipardoza/Axions/results/alp_full_production/fccee_z_full_projection_fullbg_channelaware/cluster_4797476/job239_m8p78357308462_g1p9896447151em05_s91p2_IDEA/delphes.root
240,resolved_prompt,resolved_prompt,9.23583554602,2.01873497403e-05,91.2,10000,7952,0.7952,1.0,0.9631192161667351,0.9631192161667351,0.8256506428819245,/data/alice/ipardoza/Axions/results/alp_full_production/fccee_z_full_projection_fullbg_channelaware/cluster_4797476/job240_m9p23583554602_g2p01873497403em05_s91p2_IDEA/delphes.root
241,resolved_prompt,resolved_prompt,9.71138481019,2.02940556334e-05,91.2,10000,8001,0.8001,1.0,0.9631192161667351,0.9631192161667351,0.8307382788855983,/data/alice/ipardoza/Axions/results/alp_full_production/fccee_z_full_projection_fullbg_channelaware/cluster_4797476/job241_m9p71138481019_g2p02940556334em05_s91p2_IDEA/delphes.root
242,resolved_prompt,resolved_prompt,10.2114199047,2.03778953531e-05,91.2,10000,8070,0.807,1.0,0.9631192161667351,0.9631192161667351,0.8379025010132206,/data/alice/ipardoza/Axions/results/alp_full_production/fccee_z_full_projection_fullbg_channelaware/cluster_4797476/job242_m10p2114199047_g2p03778953531em05_s91p2_IDEA/delphes.root
243,resolved_prompt,resolved_prompt,10.7372015947,2.06575707487e-05,91.2,10000,8144,0.8144,1.0,0.9631192161667351,0.9631192161667351,0.84558586967183,/data/alice/ipardoza/Axions/results/alp_full_production/fccee_z_full_projection_fullbg_channelaware/cluster_4797476/job243_m10p7372015947_g2p06575707487em05_s91p2_IDEA/delphes.root
244,resolved_prompt,resolved_prompt,11.2900555614,2.10377149214e-05,91.2,10000,8256,0.8256,1.0,0.9631192161667351,0.9631192161667351,0.8572147519659417,/data/alice/ipardoza/Axions/results/alp_full_production/fccee_z_full_projection_fullbg_channelaware/cluster_4797476/job244_m11p2900555614_g2p10377149214em05_s91p2_IDEA/delphes.root
245,resolved_prompt,resolved_prompt,11.871375745,2.16055716418e-05,91.2,10000,8249,0.8249,1.0,0.9631192161667351,0.9631192161667351,0.8564879468225597,/data/alice/ipardoza/Axions/results/alp_full_production/fccee_z_full_projection_fullbg_channelaware/cluster_4797476/job245_m11p871375745_g2p16055716418em05_s91p2_IDEA/delphes.root
246,resolved_prompt,resolved_prompt,12.4826278588,2.17187984487e-05,91.2,10000,8351,0.8351,1.0,0.9631192161667351,0.9631192161667351,0.867078536054697,/data/alice/ipardoza/Axions/results/alp_full_production/fccee_z_full_projection_fullbg_channelaware/cluster_4797476/job246_m12p4826278588_g2p17187984487em05_s91p2_IDEA/delphes.root
247,resolved_prompt,resolved_prompt,13.1253530852,2.1720660894e-05,91.2,10000,8479,0.8479,1.0,0.9631192161667351,0.9631192161667351,0.8803686872479675,/data/alice/ipardoza/Axions/results/alp_full_production/fccee_z_full_projection_fullbg_channelaware/cluster_4797476/job247_m13p1253530852_g2p1720660894em05_s91p2_IDEA/delphes.root
248,resolved_prompt,resolved_prompt,13.8011719617,2.22634156092e-05,91.2,10000,8520,0.852,1.0,0.9631192161667351,0.9631192161667351,0.8846256888020618,/data/alice/ipardoza/Axions/results/alp_full_production/fccee_z_full_projection_fullbg_channelaware/cluster_4797476/job248_m13p8011719617_g2p22634156092em05_s91p2_IDEA/delphes.root
249,resolved_prompt,resolved_prompt,14.5117884661,2.22899947461e-05,91.2,10000,8623,0.8623,1.0,0.9631192161667351,0.9631192161667351,0.8953201073403966,/data/alice/ipardoza/Axions/results/alp_full_production/fccee_z_full_projection_fullbg_channelaware/cluster_4797476/job249_m14p5117884661_g2p22899947461em05_s91p2_IDEA/delphes.root
250,resolved_prompt,resolved_prompt,15.2589943136,2.26259363996e-05,91.2,10000,8700,0.87,1.0,0.9631192161667351,0.9631192161667351,0.9033149639175984,/data/alice/ipardoza/Axions/results/alp_full_production/fccee_z_full_projection_fullbg_channelaware/cluster_4797476/job250_m15p2589943136_g2p26259363996em05_s91p2_IDEA/delphes.root
251,resolved_prompt,resolved_prompt,16.044673474,2.32356511977e-05,91.2,10000,8782,0.8782,1.0,0.9631192161667351,0.9631192161667351,0.9118289670257872,/data/alice/ipardoza/Axions/results/alp_full_production/fccee_z_full_projection_fullbg_channelaware/cluster_4797476/job251_m16p044673474_g2p32356511977em05_s91p2_IDEA/delphes.root
252,resolved_prompt,resolved_prompt,16.870806922,2.37126235256e-05,91.2,10000,8917,0.8917,1.0,0.9631192161667351,0.9631192161667351,0.9258459233624396,/data/alice/ipardoza/Axions/results/alp_full_production/fccee_z_full_projection_fullbg_channelaware/cluster_4797476/job252_m16p870806922_g2p37126235256em05_s91p2_IDEA/delphes.root
253,resolved_prompt,resolved_prompt,17.7394776316,2.44928136838e-05,91.2,10000,8986,0.8986,1.0,0.9631192161667351,0.9631192161667351,0.9330101454900619,/data/alice/ipardoza/Axions/results/alp_full_production/fccee_z_full_projection_fullbg_channelaware/cluster_4797476/job253_m17p7394776316_g2p44928136838em05_s91p2_IDEA/delphes.root
254,resolved_prompt,resolved_prompt,18.6528758285,2.58103831661e-05,91.2,10000,9099,0.9099,1.0,0.9631192161667351,0.9631192161667351,0.9447428570903711,/data/alice/ipardoza/Axions/results/alp_full_production/fccee_z_full_projection_fullbg_channelaware/cluster_4797476/job254_m18p6528758285_g2p58103831661em05_s91p2_IDEA/delphes.root
255,resolved_prompt,resolved_prompt,19.613304512,2.65108136589e-05,91.2,10000,9189,0.9189,1.0,0.9631192161667351,0.9631192161667351,0.9540874946481394,/data/alice/ipardoza/Axions/results/alp_full_production/fccee_z_full_projection_fullbg_channelaware/cluster_4797476/job255_m19p613304512_g2p65108136589em05_s91p2_IDEA/delphes.root
256,resolved_prompt,resolved_prompt,20.623185262,2.65447968167e-05,91.2,10000,8685,0.8685,1.0,0.9631192161667351,0.9631192161667351,0.9017575243246371,/data/alice/ipardoza/Axions/results/alp_full_production/fccee_z_full_projection_fullbg_channelaware/cluster_4797476/job256_m20p623185262_g2p65447968167em05_s91p2_IDEA/delphes.root
257,resolved_prompt,resolved_prompt,21.6850643446,2.69454115608e-05,91.2,10000,8680,0.868,1.0,0.9631192161667351,0.9631192161667351,0.9012383777936499,/data/alice/ipardoza/Axions/results/alp_full_production/fccee_z_full_projection_fullbg_channelaware/cluster_4797476/job257_m21p6850643446_g2p69454115608em05_s91p2_IDEA/delphes.root
258,resolved_prompt,resolved_prompt,22.8016191317,2.75010385908e-05,91.2,10000,8755,0.8755,1.0,0.9631192161667351,0.9631192161667351,0.9090255757584568,/data/alice/ipardoza/Axions/results/alp_full_production/fccee_z_full_projection_fullbg_channelaware/cluster_4797476/job258_m22p8016191317_g2p75010385908em05_s91p2_IDEA/delphes.root
259,resolved_prompt,resolved_prompt,23.9756648524,2.80909516024e-05,91.2,10000,8693,0.8693,1.0,0.9631192161667351,0.9631192161667351,0.9025881587742164,/data/alice/ipardoza/Axions/results/alp_full_production/fccee_z_full_projection_fullbg_channelaware/cluster_4797476/job259_m23p9756648524_g2p80909516024em05_s91p2_IDEA/delphes.root
260,resolved_prompt,resolved_prompt,25.2101616905,2.82273493064e-05,91.2,10000,8769,0.8769,1.0,0.9631192161667351,0.9631192161667351,0.9104791860452207,/data/alice/ipardoza/Axions/results/alp_full_production/fccee_z_full_projection_fullbg_channelaware/cluster_4797476/job260_m25p2101616905_g2p82273493064em05_s91p2_IDEA/delphes.root
261,resolved_prompt,resolved_prompt,26.5082222484,2.85372140562e-05,91.2,10000,8736,0.8736,1.0,0.9631192161667351,0.9631192161667351,0.9070528189407058,/data/alice/ipardoza/Axions/results/alp_full_production/fccee_z_full_projection_fullbg_channelaware/cluster_4797476/job261_m26p5082222484_g2p85372140562em05_s91p2_IDEA/delphes.root
262,resolved_prompt,resolved_prompt,27.8731193951,2.88808633795e-05,91.2,10000,8769,0.8769,1.0,0.9631192161667351,0.9631192161667351,0.9104791860452207,/data/alice/ipardoza/Axions/results/alp_full_production/fccee_z_full_projection_fullbg_channelaware/cluster_4797476/job262_m27p8731193951_g2p88808633795em05_s91p2_IDEA/delphes.root
263,resolved_prompt,resolved_prompt,29.3082945184,2.92807337116e-05,91.2,10000,8820,0.882,1.0,0.9631192161667351,0.9631192161667351,0.9157744806612894,/data/alice/ipardoza/Axions/results/alp_full_production/fccee_z_full_projection_fullbg_channelaware/cluster_4797476/job263_m29p3082945184_g2p92807337116em05_s91p2_IDEA/delphes.root
264,resolved_prompt,resolved_prompt,30.8173662015,2.99671662289e-05,91.2,10000,8816,0.8816,1.0,0.9631192161667351,0.9631192161667351,0.9153591634364998,/data/alice/ipardoza/Axions/results/alp_full_production/fccee_z_full_projection_fullbg_channelaware/cluster_4797476/job264_m30p8173662015_g2p99671662289em05_s91p2_IDEA/delphes.root
265,resolved_prompt,resolved_prompt,32.404139347,3.02724660456e-05,91.2,10000,8847,0.8847,1.0,0.9631192161667351,0.9631192161667351,0.91857787192862,/data/alice/ipardoza/Axions/results/alp_full_production/fccee_z_full_projection_fullbg_channelaware/cluster_4797476/job265_m32p404139347_g3p02724660456em05_s91p2_IDEA/delphes.root
266,resolved_prompt,resolved_prompt,34.0726147703,3.08960434322e-05,91.2,10000,8835,0.8835,1.0,0.9631192161667351,0.9631192161667351,0.9173319202542507,/data/alice/ipardoza/Axions/results/alp_full_production/fccee_z_full_projection_fullbg_channelaware/cluster_4797476/job266_m34p0726147703_g3p08960434322em05_s91p2_IDEA/delphes.root
267,resolved_prompt,resolved_prompt,35.8269992872,3.14680674063e-05,91.2,10000,8802,0.8802,1.0,0.9631192161667351,0.9631192161667351,0.9139055531497358,/data/alice/ipardoza/Axions/results/alp_full_production/fccee_z_full_projection_fullbg_channelaware/cluster_4797476/job267_m35p8269992872_g3p14680674063em05_s91p2_IDEA/delphes.root
268,resolved_prompt,resolved_prompt,37.6717163204,3.17193912361e-05,91.2,10000,8893,0.8893,1.0,0.9631192161667351,0.9631192161667351,0.9233540200137015,/data/alice/ipardoza/Axions/results/alp_full_production/fccee_z_full_projection_fullbg_channelaware/cluster_4797476/job268_m37p6717163204_g3p17193912361em05_s91p2_IDEA/delphes.root
269,resolved_prompt,resolved_prompt,39.6114170532,3.29220242026e-05,91.2,10000,8949,0.8949,1.0,0.9631192161667351,0.9631192161667351,0.9291684611607572,/data/alice/ipardoza/Axions/results/alp_full_production/fccee_z_full_projection_fullbg_channelaware/cluster_4797476/job269_m39p6114170532_g3p29220242026em05_s91p2_IDEA/delphes.root
270,resolved_prompt,resolved_prompt,41.6509921558,3.45946831989e-05,91.2,10000,8882,0.8882,1.0,0.9631192161667351,0.9631192161667351,0.9222118976455298,/data/alice/ipardoza/Axions/results/alp_full_production/fccee_z_full_projection_fullbg_channelaware/cluster_4797476/job270_m41p6509921558_g3p45946831989em05_s91p2_IDEA/delphes.root
271,resolved_prompt,resolved_prompt,43.7955841175,3.60740171688e-05,91.2,10000,8869,0.8869,1.0,0.9631192161667351,0.9631192161667351,0.9208621166649633,/data/alice/ipardoza/Axions/results/alp_full_production/fccee_z_full_projection_fullbg_channelaware/cluster_4797476/job271_m43p7955841175_g3p60740171688em05_s91p2_IDEA/delphes.root
272,resolved_prompt,resolved_prompt,46.0506002118,3.75279453707e-05,91.2,10000,8869,0.8869,1.0,0.9631192161667351,0.9631192161667351,0.9208621166649633,/data/alice/ipardoza/Axions/results/alp_full_production/fccee_z_full_projection_fullbg_channelaware/cluster_4797476/job272_m46p0506002118_g3p75279453707em05_s91p2_IDEA/delphes.root
273,resolved_prompt,resolved_prompt,48.4217261307,3.9364217708e-05,91.2,10000,8900,0.89,1.0,0.9631192161667351,0.9631192161667351,0.9240808251570835,/data/alice/ipardoza/Axions/results/alp_full_production/fccee_z_full_projection_fullbg_channelaware/cluster_4797476/job273_m48p4217261307_g3p9364217708em05_s91p2_IDEA/delphes.root
274,resolved_prompt,resolved_prompt,50.9149403197,4.21854952405e-05,91.2,10000,8925,0.8925,1.0,0.9631192161667351,0.9631192161667351,0.926676557812019,/data/alice/ipardoza/Axions/results/alp_full_production/fccee_z_full_projection_fullbg_channelaware/cluster_4797476/job274_m50p9149403197_g4p21854952405em05_s91p2_IDEA/delphes.root
275,resolved_prompt,resolved_prompt,53.5365290523,4.53957848604e-05,91.2,10000,8929,0.8929,1.0,0.9631192161667351,0.9631192161667351,0.9270918750368088,/data/alice/ipardoza/Axions/results/alp_full_production/fccee_z_full_projection_fullbg_channelaware/cluster_4797476/job275_m53p5365290523_g4p53957848604em05_s91p2_IDEA/delphes.root
276,resolved_prompt,resolved_prompt,56.2931022795,4.99128530387e-05,91.2,10000,8913,0.8913,1.0,0.9631192161667351,0.9631192161667351,0.9254306061376499,/data/alice/ipardoza/Axions/results/alp_full_production/fccee_z_full_projection_fullbg_channelaware/cluster_4797476/job276_m56p2931022795_g4p99128530387em05_s91p2_IDEA/delphes.root
277,resolved_prompt,resolved_prompt,59.1916102957,5.53966117401e-05,91.2,10000,9012,0.9012,1.0,0.9631192161667351,0.9631192161667351,0.9357097074511951,/data/alice/ipardoza/Axions/results/alp_full_production/fccee_z_full_projection_fullbg_channelaware/cluster_4797476/job277_m59p1916102957_g5p53966117401em05_s91p2_IDEA/delphes.root
278,resolved_prompt,resolved_prompt,62.2393612632,6.28675043631e-05,91.2,10000,8953,0.8953,1.0,0.9631192161667351,0.9631192161667351,0.929583778385547,/data/alice/ipardoza/Axions/results/alp_full_production/fccee_z_full_projection_fullbg_channelaware/cluster_4797476/job278_m62p2393612632_g6p28675043631em05_s91p2_IDEA/delphes.root
279,resolved_prompt,resolved_prompt,65.4440396384,7.51716240346e-05,91.2,10000,8971,0.8971,1.0,0.9631192161667351,0.9631192161667351,0.9314527058971006,/data/alice/ipardoza/Axions/results/alp_full_production/fccee_z_full_projection_fullbg_channelaware/cluster_4797476/job279_m65p4440396384_g7p51716240346em05_s91p2_IDEA/delphes.root
280,resolved_prompt,resolved_prompt,68.813725547,9.28914949594e-05,91.2,10000,8946,0.8946,1.0,0.9631192161667351,0.9631192161667351,0.928856973242165,/data/alice/ipardoza/Axions/results/alp_full_production/fccee_z_full_projection_fullbg_channelaware/cluster_4797476/job280_m68p813725547_g9p28914949594em05_s91p2_IDEA/delphes.root
281,resolved_prompt,resolved_prompt,72.3569151572,0.000120419073638,91.2,10000,8902,0.8902,1.0,0.9631192161667351,0.9631192161667351,0.9242884837694783,/data/alice/ipardoza/Axions/results/alp_full_production/fccee_z_full_projection_fullbg_channelaware/cluster_4797476/job281_m72p3569151572_g0p000120419073638_s91p2_IDEA/delphes.root
282,resolved_prompt,resolved_prompt,76.0825421012,0.00017235749568,91.2,10000,8955,0.8955,1.0,0.9631192161667351,0.9631192161667351,0.9297914369979418,/data/alice/ipardoza/Axions/results/alp_full_production/fccee_z_full_projection_fullbg_channelaware/cluster_4797476/job282_m76p0825421012_g0p00017235749568_s91p2_IDEA/delphes.root
283,resolved_prompt,resolved_prompt,80.0,0.000283489724582,91.2,10000,8948,0.8948,1.0,0.9631192161667351,0.9631192161667351,0.9290646318545599,/data/alice/ipardoza/Axions/results/alp_full_production/fccee_z_full_projection_fullbg_channelaware/cluster_4797476/job283_m80_g0p000283489724582_s91p2_IDEA/delphes.root
