channel,observable,bin_low_GeV,bin_high_GeV,raw_entries,bkg_events,source_root
resolved_prompt,mgg_GeV,0.0,0.38,6,657567.0,results/backgrounds/fccee_z_backgrounds/cluster_4796877/job0_resolved_3gamma/resolved_3gamma_delphes.root
resolved_prompt,mgg_GeV,0.38,0.76,34,3726213.0,results/backgrounds/fccee_z_backgrounds/cluster_4796877/job0_resolved_3gamma/resolved_3gamma_delphes.root
resolved_prompt,mgg_GeV,0.76,1.1400000000000001,35,3835807.5,results/backgrounds/fccee_z_backgrounds/cluster_4796877/job0_resolved_3gamma/resolved_3gamma_delphes.root
resolved_prompt,mgg_GeV,1.1400000000000001,1.52,59,6466075.5,results/backgrounds/fccee_z_backgrounds/cluster_4796877/job0_resolved_3gamma/resolved_3gamma_delphes.root
resolved_prompt,mgg_GeV,1.52,1.9,73,8000398.5,results/backgrounds/fccee_z_backgrounds/cluster_4796877/job0_resolved_3gamma/resolved_3gamma_delphes.root
resolved_prompt,mgg_GeV,1.9,2.2800000000000002,81,8877154.5,results/backgrounds/fccee_z_backgrounds/cluster_4796877/job0_resolved_3gamma/resolved_3gamma_delphes.root
resolved_prompt,mgg_GeV,2.2800000000000002,2.66,88,9644316.0,results/backgrounds/fccee_z_backgrounds/cluster_4796877/job0_resolved_3gamma/resolved_3gamma_delphes.root
resolved_prompt,mgg_GeV,2.66,3.04,111,12164989.5,results/backgrounds/fccee_z_backgrounds/cluster_4796877/job0_resolved_3gamma/resolved_3gamma_delphes.root
resolved_prompt,mgg_GeV,3.04,3.42,116,12712962.0,results/backgrounds/fccee_z_backgrounds/cluster_4796877/job0_resolved_3gamma/resolved_3gamma_delphes.root
resolved_prompt,mgg_GeV,3.42,3.8,132,14466474.0,results/backgrounds/fccee_z_backgrounds/cluster_4796877/job0_resolved_3gamma/resolved_3gamma_delphes.root
resolved_prompt,mgg_GeV,3.8,4.18,130,14247285.0,results/backgrounds/fccee_z_backgrounds/cluster_4796877/job0_resolved_3gamma/resolved_3gamma_delphes.root
resolved_prompt,mgg_GeV,4.18,4.5600000000000005,141,15452824.5,results/backgrounds/fccee_z_backgrounds/cluster_4796877/job0_resolved_3gamma/resolved_3gamma_delphes.root
resolved_prompt,mgg_GeV,4.5600000000000005,4.94,150,16439175.0,results/backgrounds/fccee_z_backgrounds/cluster_4796877/job0_resolved_3gamma/resolved_3gamma_delphes.root
resolved_prompt,mgg_GeV,4.94,5.32,133,14576068.5,results/backgrounds/fccee_z_backgrounds/cluster_4796877/job0_resolved_3gamma/resolved_3gamma_delphes.root
resolved_prompt,mgg_GeV,5.32,5.7,141,15452824.5,results/backgrounds/fccee_z_backgrounds/cluster_4796877/job0_resolved_3gamma/resolved_3gamma_delphes.root
resolved_prompt,mgg_GeV,5.7,6.08,164,17973498.0,results/backgrounds/fccee_z_backgrounds/cluster_4796877/job0_resolved_3gamma/resolved_3gamma_delphes.root
resolved_prompt,mgg_GeV,6.08,6.46,132,14466474.0,results/backgrounds/fccee_z_backgrounds/cluster_4796877/job0_resolved_3gamma/resolved_3gamma_delphes.root
resolved_prompt,mgg_GeV,6.46,6.84,142,15562419.0,results/backgrounds/fccee_z_backgrounds/cluster_4796877/job0_resolved_3gamma/resolved_3gamma_delphes.root
resolved_prompt,mgg_GeV,6.84,7.22,148,16219986.0,results/backgrounds/fccee_z_backgrounds/cluster_4796877/job0_resolved_3gamma/resolved_3gamma_delphes.root
resolved_prompt,mgg_GeV,7.22,7.6,160,17535120.0,results/backgrounds/fccee_z_backgrounds/cluster_4796877/job0_resolved_3gamma/resolved_3gamma_delphes.root
resolved_prompt,mgg_GeV,7.6,7.98,123,13480123.5,results/backgrounds/fccee_z_backgrounds/cluster_4796877/job0_resolved_3gamma/resolved_3gamma_delphes.root
resolved_prompt,mgg_GeV,7.98,8.36,137,15014446.5,results/backgrounds/fccee_z_backgrounds/cluster_4796877/job0_resolved_3gamma/resolved_3gamma_delphes.root
resolved_prompt,mgg_GeV,8.36,8.74,129,14137690.5,results/backgrounds/fccee_z_backgrounds/cluster_4796877/job0_resolved_3gamma/resolved_3gamma_delphes.root
resolved_prompt,mgg_GeV,8.74,9.120000000000001,149,16329580.5,results/backgrounds/fccee_z_backgrounds/cluster_4796877/job0_resolved_3gamma/resolved_3gamma_delphes.root
resolved_prompt,mgg_GeV,9.120000000000001,9.5,134,14685663.0,results/backgrounds/fccee_z_backgrounds/cluster_4796877/job0_resolved_3gamma/resolved_3gamma_delphes.root
resolved_prompt,mgg_GeV,9.5,9.88,141,15452824.5,results/backgrounds/fccee_z_backgrounds/cluster_4796877/job0_resolved_3gamma/resolved_3gamma_delphes.root
resolved_prompt,mgg_GeV,9.88,10.26,124,13589718.0,results/backgrounds/fccee_z_backgrounds/cluster_4796877/job0_resolved_3gamma/resolved_3gamma_delphes.root
resolved_prompt,mgg_GeV,10.26,10.64,130,14247285.0,results/backgrounds/fccee_z_backgrounds/cluster_4796877/job0_resolved_3gamma/resolved_3gamma_delphes.root
resolved_prompt,mgg_GeV,10.64,11.02,131,14356879.5,results/backgrounds/fccee_z_backgrounds/cluster_4796877/job0_resolved_3gamma/resolved_3gamma_delphes.root
resolved_prompt,mgg_GeV,11.02,11.4,124,13589718.0,results/backgrounds/fccee_z_backgrounds/cluster_4796877/job0_resolved_3gamma/resolved_3gamma_delphes.root
resolved_prompt,mgg_GeV,11.4,11.78,139,15233635.5,results/backgrounds/fccee_z_backgrounds/cluster_4796877/job0_resolved_3gamma/resolved_3gamma_delphes.root
resolved_prompt,mgg_GeV,11.78,12.16,137,15014446.5,results/backgrounds/fccee_z_backgrounds/cluster_4796877/job0_resolved_3gamma/resolved_3gamma_delphes.root
resolved_prompt,mgg_GeV,12.16,12.540000000000001,153,16767958.5,results/backgrounds/fccee_z_backgrounds/cluster_4796877/job0_resolved_3gamma/resolved_3gamma_delphes.root
resolved_prompt,mgg_GeV,12.540000000000001,12.92,121,13260934.5,results/backgrounds/fccee_z_backgrounds/cluster_4796877/job0_resolved_3gamma/resolved_3gamma_delphes.root
resolved_prompt,mgg_GeV,12.92,13.3,111,12164989.5,results/backgrounds/fccee_z_backgrounds/cluster_4796877/job0_resolved_3gamma/resolved_3gamma_delphes.root
resolved_prompt,mgg_GeV,13.3,13.68,133,14576068.5,results/backgrounds/fccee_z_backgrounds/cluster_4796877/job0_resolved_3gamma/resolved_3gamma_delphes.root
resolved_prompt,mgg_GeV,13.68,14.06,149,16329580.5,results/backgrounds/fccee_z_backgrounds/cluster_4796877/job0_resolved_3gamma/resolved_3gamma_delphes.root
resolved_prompt,mgg_GeV,14.06,14.44,120,13151340.0,results/backgrounds/fccee_z_backgrounds/cluster_4796877/job0_resolved_3gamma/resolved_3gamma_delphes.root
resolved_prompt,mgg_GeV,14.44,14.82,114,12493773.0,results/backgrounds/fccee_z_backgrounds/cluster_4796877/job0_resolved_3gamma/resolved_3gamma_delphes.root
resolved_prompt,mgg_GeV,14.82,15.2,118,12932151.0,results/backgrounds/fccee_z_backgrounds/cluster_4796877/job0_resolved_3gamma/resolved_3gamma_delphes.root
resolved_prompt,mgg_GeV,15.2,15.58,125,13699312.5,results/backgrounds/fccee_z_backgrounds/cluster_4796877/job0_resolved_3gamma/resolved_3gamma_delphes.root
resolved_prompt,mgg_GeV,15.58,15.96,120,13151340.0,results/backgrounds/fccee_z_backgrounds/cluster_4796877/job0_resolved_3gamma/resolved_3gamma_delphes.root
resolved_prompt,mgg_GeV,15.96,16.34,131,14356879.5,results/backgrounds/fccee_z_backgrounds/cluster_4796877/job0_resolved_3gamma/resolved_3gamma_delphes.root
resolved_prompt,mgg_GeV,16.34,16.72,131,14356879.5,results/backgrounds/fccee_z_backgrounds/cluster_4796877/job0_resolved_3gamma/resolved_3gamma_delphes.root
resolved_prompt,mgg_GeV,16.72,17.1,128,14028096.0,results/backgrounds/fccee_z_backgrounds/cluster_4796877/job0_resolved_3gamma/resolved_3gamma_delphes.root
resolved_prompt,mgg_GeV,17.1,17.48,119,13041745.5,results/backgrounds/fccee_z_backgrounds/cluster_4796877/job0_resolved_3gamma/resolved_3gamma_delphes.root
resolved_prompt,mgg_GeV,17.48,17.86,129,14137690.5,results/backgrounds/fccee_z_backgrounds/cluster_4796877/job0_resolved_3gamma/resolved_3gamma_delphes.root
resolved_prompt,mgg_GeV,17.86,18.240000000000002,139,15233635.5,results/backgrounds/fccee_z_backgrounds/cluster_4796877/job0_resolved_3gamma/resolved_3gamma_delphes.root
resolved_prompt,mgg_GeV,18.240000000000002,18.62,166,18192687.0,results/backgrounds/fccee_z_backgrounds/cluster_4796877/job0_resolved_3gamma/resolved_3gamma_delphes.root
resolved_prompt,mgg_GeV,18.62,19.0,155,16987147.5,results/backgrounds/fccee_z_backgrounds/cluster_4796877/job0_resolved_3gamma/resolved_3gamma_delphes.root
resolved_prompt,mgg_GeV,19.0,19.38,177,19398226.5,results/backgrounds/fccee_z_backgrounds/cluster_4796877/job0_resolved_3gamma/resolved_3gamma_delphes.root
resolved_prompt,mgg_GeV,19.38,19.76,160,17535120.0,results/backgrounds/fccee_z_backgrounds/cluster_4796877/job0_resolved_3gamma/resolved_3gamma_delphes.root
resolved_prompt,mgg_GeV,19.76,20.14,169,18521470.5,results/backgrounds/fccee_z_backgrounds/cluster_4796877/job0_resolved_3gamma/resolved_3gamma_delphes.root
resolved_prompt,mgg_GeV,20.14,20.52,148,16219986.0,results/backgrounds/fccee_z_backgrounds/cluster_4796877/job0_resolved_3gamma/resolved_3gamma_delphes.root
resolved_prompt,mgg_GeV,20.52,20.9,130,14247285.0,results/backgrounds/fccee_z_backgrounds/cluster_4796877/job0_resolved_3gamma/resolved_3gamma_delphes.root
resolved_prompt,mgg_GeV,20.9,21.28,150,16439175.0,results/backgrounds/fccee_z_backgrounds/cluster_4796877/job0_resolved_3gamma/resolved_3gamma_delphes.root
resolved_prompt,mgg_GeV,21.28,21.66,147,16110391.5,results/backgrounds/fccee_z_backgrounds/cluster_4796877/job0_resolved_3gamma/resolved_3gamma_delphes.root
resolved_prompt,mgg_GeV,21.66,22.04,137,15014446.5,results/backgrounds/fccee_z_backgrounds/cluster_4796877/job0_resolved_3gamma/resolved_3gamma_delphes.root
resolved_prompt,mgg_GeV,22.04,22.42,148,16219986.0,results/backgrounds/fccee_z_backgrounds/cluster_4796877/job0_resolved_3gamma/resolved_3gamma_delphes.root
resolved_prompt,mgg_GeV,22.42,22.8,158,17315931.0,results/backgrounds/fccee_z_backgrounds/cluster_4796877/job0_resolved_3gamma/resolved_3gamma_delphes.root
resolved_prompt,mgg_GeV,22.8,23.18,127,13918501.5,results/backgrounds/fccee_z_backgrounds/cluster_4796877/job0_resolved_3gamma/resolved_3gamma_delphes.root
resolved_prompt,mgg_GeV,23.18,23.56,140,15343230.0,results/backgrounds/fccee_z_backgrounds/cluster_4796877/job0_resolved_3gamma/resolved_3gamma_delphes.root
resolved_prompt,mgg_GeV,23.56,23.94,150,16439175.0,results/backgrounds/fccee_z_backgrounds/cluster_4796877/job0_resolved_3gamma/resolved_3gamma_delphes.root
resolved_prompt,mgg_GeV,23.94,24.32,152,16658364.0,results/backgrounds/fccee_z_backgrounds/cluster_4796877/job0_resolved_3gamma/resolved_3gamma_delphes.root
resolved_prompt,mgg_GeV,24.32,24.7,154,16877553.0,results/backgrounds/fccee_z_backgrounds/cluster_4796877/job0_resolved_3gamma/resolved_3gamma_delphes.root
resolved_prompt,mgg_GeV,24.7,25.080000000000002,130,14247285.0,results/backgrounds/fccee_z_backgrounds/cluster_4796877/job0_resolved_3gamma/resolved_3gamma_delphes.root
resolved_prompt,mgg_GeV,25.080000000000002,25.46,119,13041745.5,results/backgrounds/fccee_z_backgrounds/cluster_4796877/job0_resolved_3gamma/resolved_3gamma_delphes.root
resolved_prompt,mgg_GeV,25.46,25.84,134,14685663.0,results/backgrounds/fccee_z_backgrounds/cluster_4796877/job0_resolved_3gamma/resolved_3gamma_delphes.root
resolved_prompt,mgg_GeV,25.84,26.22,122,13370529.0,results/backgrounds/fccee_z_backgrounds/cluster_4796877/job0_resolved_3gamma/resolved_3gamma_delphes.root
resolved_prompt,mgg_GeV,26.22,26.6,118,12932151.0,results/backgrounds/fccee_z_backgrounds/cluster_4796877/job0_resolved_3gamma/resolved_3gamma_delphes.root
resolved_prompt,mgg_GeV,26.6,26.98,127,13918501.5,results/backgrounds/fccee_z_backgrounds/cluster_4796877/job0_resolved_3gamma/resolved_3gamma_delphes.root
resolved_prompt,mgg_GeV,26.98,27.36,124,13589718.0,results/backgrounds/fccee_z_backgrounds/cluster_4796877/job0_resolved_3gamma/resolved_3gamma_delphes.root
resolved_prompt,mgg_GeV,27.36,27.740000000000002,126,13808907.0,results/backgrounds/fccee_z_backgrounds/cluster_4796877/job0_resolved_3gamma/resolved_3gamma_delphes.root
resolved_prompt,mgg_GeV,27.740000000000002,28.12,128,14028096.0,results/backgrounds/fccee_z_backgrounds/cluster_4796877/job0_resolved_3gamma/resolved_3gamma_delphes.root
resolved_prompt,mgg_GeV,28.12,28.5,104,11397828.0,results/backgrounds/fccee_z_backgrounds/cluster_4796877/job0_resolved_3gamma/resolved_3gamma_delphes.root
resolved_prompt,mgg_GeV,28.5,28.88,105,11507422.5,results/backgrounds/fccee_z_backgrounds/cluster_4796877/job0_resolved_3gamma/resolved_3gamma_delphes.root
resolved_prompt,mgg_GeV,28.88,29.26,109,11945800.5,results/backgrounds/fccee_z_backgrounds/cluster_4796877/job0_resolved_3gamma/resolved_3gamma_delphes.root
resolved_prompt,mgg_GeV,29.26,29.64,106,11617017.0,results/backgrounds/fccee_z_backgrounds/cluster_4796877/job0_resolved_3gamma/resolved_3gamma_delphes.root
resolved_prompt,mgg_GeV,29.64,30.02,101,11069044.5,results/backgrounds/fccee_z_backgrounds/cluster_4796877/job0_resolved_3gamma/resolved_3gamma_delphes.root
resolved_prompt,mgg_GeV,30.02,30.4,119,13041745.5,results/backgrounds/fccee_z_backgrounds/cluster_4796877/job0_resolved_3gamma/resolved_3gamma_delphes.root
resolved_prompt,mgg_GeV,30.4,30.78,125,13699312.5,results/backgrounds/fccee_z_backgrounds/cluster_4796877/job0_resolved_3gamma/resolved_3gamma_delphes.root
resolved_prompt,mgg_GeV,30.78,31.16,113,12384178.5,results/backgrounds/fccee_z_backgrounds/cluster_4796877/job0_resolved_3gamma/resolved_3gamma_delphes.root
resolved_prompt,mgg_GeV,31.16,31.54,92,10082694.0,results/backgrounds/fccee_z_backgrounds/cluster_4796877/job0_resolved_3gamma/resolved_3gamma_delphes.root
resolved_prompt,mgg_GeV,31.54,31.92,105,11507422.5,results/backgrounds/fccee_z_backgrounds/cluster_4796877/job0_resolved_3gamma/resolved_3gamma_delphes.root
resolved_prompt,mgg_GeV,31.92,32.3,105,11507422.5,results/backgrounds/fccee_z_backgrounds/cluster_4796877/job0_resolved_3gamma/resolved_3gamma_delphes.root
resolved_prompt,mgg_GeV,32.3,32.68,88,9644316.0,results/backgrounds/fccee_z_backgrounds/cluster_4796877/job0_resolved_3gamma/resolved_3gamma_delphes.root
resolved_prompt,mgg_GeV,32.68,33.06,97,10630666.5,results/backgrounds/fccee_z_backgrounds/cluster_4796877/job0_resolved_3gamma/resolved_3gamma_delphes.root
resolved_prompt,mgg_GeV,33.06,33.44,96,10521072.0,results/backgrounds/fccee_z_backgrounds/cluster_4796877/job0_resolved_3gamma/resolved_3gamma_delphes.root
resolved_prompt,mgg_GeV,33.44,33.82,85,9315532.5,results/backgrounds/fccee_z_backgrounds/cluster_4796877/job0_resolved_3gamma/resolved_3gamma_delphes.root
resolved_prompt,mgg_GeV,33.82,34.2,83,9096343.5,results/backgrounds/fccee_z_backgrounds/cluster_4796877/job0_resolved_3gamma/resolved_3gamma_delphes.root
resolved_prompt,mgg_GeV,34.2,34.58,105,11507422.5,results/backgrounds/fccee_z_backgrounds/cluster_4796877/job0_resolved_3gamma/resolved_3gamma_delphes.root
resolved_prompt,mgg_GeV,34.58,34.96,84,9205938.0,results/backgrounds/fccee_z_backgrounds/cluster_4796877/job0_resolved_3gamma/resolved_3gamma_delphes.root
resolved_prompt,mgg_GeV,34.96,35.34,103,11288233.5,results/backgrounds/fccee_z_backgrounds/cluster_4796877/job0_resolved_3gamma/resolved_3gamma_delphes.root
resolved_prompt,mgg_GeV,35.34,35.72,95,10411477.5,results/backgrounds/fccee_z_backgrounds/cluster_4796877/job0_resolved_3gamma/resolved_3gamma_delphes.root
resolved_prompt,mgg_GeV,35.72,36.1,80,8767560.0,results/backgrounds/fccee_z_backgrounds/cluster_4796877/job0_resolved_3gamma/resolved_3gamma_delphes.root
resolved_prompt,mgg_GeV,36.1,36.480000000000004,86,9425127.0,results/backgrounds/fccee_z_backgrounds/cluster_4796877/job0_resolved_3gamma/resolved_3gamma_delphes.root
resolved_prompt,mgg_GeV,36.480000000000004,36.86,78,8548371.0,results/backgrounds/fccee_z_backgrounds/cluster_4796877/job0_resolved_3gamma/resolved_3gamma_delphes.root
resolved_prompt,mgg_GeV,36.86,37.24,80,8767560.0,results/backgrounds/fccee_z_backgrounds/cluster_4796877/job0_resolved_3gamma/resolved_3gamma_delphes.root
resolved_prompt,mgg_GeV,37.24,37.62,66,7233237.0,results/backgrounds/fccee_z_backgrounds/cluster_4796877/job0_resolved_3gamma/resolved_3gamma_delphes.root
resolved_prompt,mgg_GeV,37.62,38.0,78,8548371.0,results/backgrounds/fccee_z_backgrounds/cluster_4796877/job0_resolved_3gamma/resolved_3gamma_delphes.root
resolved_prompt,mgg_GeV,38.0,38.38,65,7123642.5,results/backgrounds/fccee_z_backgrounds/cluster_4796877/job0_resolved_3gamma/resolved_3gamma_delphes.root
resolved_prompt,mgg_GeV,38.38,38.76,63,6904453.5,results/backgrounds/fccee_z_backgrounds/cluster_4796877/job0_resolved_3gamma/resolved_3gamma_delphes.root
resolved_prompt,mgg_GeV,38.76,39.14,68,7452426.0,results/backgrounds/fccee_z_backgrounds/cluster_4796877/job0_resolved_3gamma/resolved_3gamma_delphes.root
resolved_prompt,mgg_GeV,39.14,39.52,78,8548371.0,results/backgrounds/fccee_z_backgrounds/cluster_4796877/job0_resolved_3gamma/resolved_3gamma_delphes.root
resolved_prompt,mgg_GeV,39.52,39.9,72,7890804.0,results/backgrounds/fccee_z_backgrounds/cluster_4796877/job0_resolved_3gamma/resolved_3gamma_delphes.root
resolved_prompt,mgg_GeV,39.9,40.28,72,7890804.0,results/backgrounds/fccee_z_backgrounds/cluster_4796877/job0_resolved_3gamma/resolved_3gamma_delphes.root
resolved_prompt,mgg_GeV,40.28,40.660000000000004,69,7562020.5,results/backgrounds/fccee_z_backgrounds/cluster_4796877/job0_resolved_3gamma/resolved_3gamma_delphes.root
resolved_prompt,mgg_GeV,40.660000000000004,41.04,81,8877154.5,results/backgrounds/fccee_z_backgrounds/cluster_4796877/job0_resolved_3gamma/resolved_3gamma_delphes.root
resolved_prompt,mgg_GeV,41.04,41.42,69,7562020.5,results/backgrounds/fccee_z_backgrounds/cluster_4796877/job0_resolved_3gamma/resolved_3gamma_delphes.root
resolved_prompt,mgg_GeV,41.42,41.8,68,7452426.0,results/backgrounds/fccee_z_backgrounds/cluster_4796877/job0_resolved_3gamma/resolved_3gamma_delphes.root
resolved_prompt,mgg_GeV,41.8,42.18,86,9425127.0,results/backgrounds/fccee_z_backgrounds/cluster_4796877/job0_resolved_3gamma/resolved_3gamma_delphes.root
resolved_prompt,mgg_GeV,42.18,42.56,65,7123642.5,results/backgrounds/fccee_z_backgrounds/cluster_4796877/job0_resolved_3gamma/resolved_3gamma_delphes.root
resolved_prompt,mgg_GeV,42.56,42.94,69,7562020.5,results/backgrounds/fccee_z_backgrounds/cluster_4796877/job0_resolved_3gamma/resolved_3gamma_delphes.root
resolved_prompt,mgg_GeV,42.94,43.32,73,8000398.5,results/backgrounds/fccee_z_backgrounds/cluster_4796877/job0_resolved_3gamma/resolved_3gamma_delphes.root
resolved_prompt,mgg_GeV,43.32,43.7,71,7781209.5,results/backgrounds/fccee_z_backgrounds/cluster_4796877/job0_resolved_3gamma/resolved_3gamma_delphes.root
resolved_prompt,mgg_GeV,43.7,44.08,61,6685264.5,results/backgrounds/fccee_z_backgrounds/cluster_4796877/job0_resolved_3gamma/resolved_3gamma_delphes.root
resolved_prompt,mgg_GeV,44.08,44.46,69,7562020.5,results/backgrounds/fccee_z_backgrounds/cluster_4796877/job0_resolved_3gamma/resolved_3gamma_delphes.root
resolved_prompt,mgg_GeV,44.46,44.84,78,8548371.0,results/backgrounds/fccee_z_backgrounds/cluster_4796877/job0_resolved_3gamma/resolved_3gamma_delphes.root
resolved_prompt,mgg_GeV,44.84,45.22,57,6246886.5,results/backgrounds/fccee_z_backgrounds/cluster_4796877/job0_resolved_3gamma/resolved_3gamma_delphes.root
resolved_prompt,mgg_GeV,45.22,45.6,67,7342831.5,results/backgrounds/fccee_z_backgrounds/cluster_4796877/job0_resolved_3gamma/resolved_3gamma_delphes.root
resolved_prompt,mgg_GeV,45.6,45.980000000000004,62,6794859.0,results/backgrounds/fccee_z_backgrounds/cluster_4796877/job0_resolved_3gamma/resolved_3gamma_delphes.root
resolved_prompt,mgg_GeV,45.980000000000004,46.36,55,6027697.5,results/backgrounds/fccee_z_backgrounds/cluster_4796877/job0_resolved_3gamma/resolved_3gamma_delphes.root
resolved_prompt,mgg_GeV,46.36,46.74,70,7671615.0,results/backgrounds/fccee_z_backgrounds/cluster_4796877/job0_resolved_3gamma/resolved_3gamma_delphes.root
resolved_prompt,mgg_GeV,46.74,47.12,77,8438776.5,results/backgrounds/fccee_z_backgrounds/cluster_4796877/job0_resolved_3gamma/resolved_3gamma_delphes.root
resolved_prompt,mgg_GeV,47.12,47.5,50,5479725.0,results/backgrounds/fccee_z_backgrounds/cluster_4796877/job0_resolved_3gamma/resolved_3gamma_delphes.root
resolved_prompt,mgg_GeV,47.5,47.88,64,7014048.0,results/backgrounds/fccee_z_backgrounds/cluster_4796877/job0_resolved_3gamma/resolved_3gamma_delphes.root
resolved_prompt,mgg_GeV,47.88,48.26,44,4822158.0,results/backgrounds/fccee_z_backgrounds/cluster_4796877/job0_resolved_3gamma/resolved_3gamma_delphes.root
resolved_prompt,mgg_GeV,48.26,48.64,65,7123642.5,results/backgrounds/fccee_z_backgrounds/cluster_4796877/job0_resolved_3gamma/resolved_3gamma_delphes.root
resolved_prompt,mgg_GeV,48.64,49.02,54,5918103.0,results/backgrounds/fccee_z_backgrounds/cluster_4796877/job0_resolved_3gamma/resolved_3gamma_delphes.root
resolved_prompt,mgg_GeV,49.02,49.4,51,5589319.5,results/backgrounds/fccee_z_backgrounds/cluster_4796877/job0_resolved_3gamma/resolved_3gamma_delphes.root
resolved_prompt,mgg_GeV,49.4,49.78,62,6794859.0,results/backgrounds/fccee_z_backgrounds/cluster_4796877/job0_resolved_3gamma/resolved_3gamma_delphes.root
resolved_prompt,mgg_GeV,49.78,50.160000000000004,50,5479725.0,results/backgrounds/fccee_z_backgrounds/cluster_4796877/job0_resolved_3gamma/resolved_3gamma_delphes.root
resolved_prompt,mgg_GeV,50.160000000000004,50.54,63,6904453.5,results/backgrounds/fccee_z_backgrounds/cluster_4796877/job0_resolved_3gamma/resolved_3gamma_delphes.root
resolved_prompt,mgg_GeV,50.54,50.92,66,7233237.0,results/backgrounds/fccee_z_backgrounds/cluster_4796877/job0_resolved_3gamma/resolved_3gamma_delphes.root
resolved_prompt,mgg_GeV,50.92,51.3,56,6137292.0,results/backgrounds/fccee_z_backgrounds/cluster_4796877/job0_resolved_3gamma/resolved_3gamma_delphes.root
resolved_prompt,mgg_GeV,51.3,51.68,58,6356481.0,results/backgrounds/fccee_z_backgrounds/cluster_4796877/job0_resolved_3gamma/resolved_3gamma_delphes.root
resolved_prompt,mgg_GeV,51.68,52.06,52,5698914.0,results/backgrounds/fccee_z_backgrounds/cluster_4796877/job0_resolved_3gamma/resolved_3gamma_delphes.root
resolved_prompt,mgg_GeV,52.06,52.44,57,6246886.5,results/backgrounds/fccee_z_backgrounds/cluster_4796877/job0_resolved_3gamma/resolved_3gamma_delphes.root
resolved_prompt,mgg_GeV,52.44,52.82,50,5479725.0,results/backgrounds/fccee_z_backgrounds/cluster_4796877/job0_resolved_3gamma/resolved_3gamma_delphes.root
resolved_prompt,mgg_GeV,52.82,53.2,53,5808508.5,results/backgrounds/fccee_z_backgrounds/cluster_4796877/job0_resolved_3gamma/resolved_3gamma_delphes.root
resolved_prompt,mgg_GeV,53.2,53.58,53,5808508.5,results/backgrounds/fccee_z_backgrounds/cluster_4796877/job0_resolved_3gamma/resolved_3gamma_delphes.root
resolved_prompt,mgg_GeV,53.58,53.96,60,6575670.0,results/backgrounds/fccee_z_backgrounds/cluster_4796877/job0_resolved_3gamma/resolved_3gamma_delphes.root
resolved_prompt,mgg_GeV,53.96,54.34,49,5370130.5,results/backgrounds/fccee_z_backgrounds/cluster_4796877/job0_resolved_3gamma/resolved_3gamma_delphes.root
resolved_prompt,mgg_GeV,54.34,54.72,47,5150941.5,results/backgrounds/fccee_z_backgrounds/cluster_4796877/job0_resolved_3gamma/resolved_3gamma_delphes.root
resolved_prompt,mgg_GeV,54.72,55.1,48,5260536.0,results/backgrounds/fccee_z_backgrounds/cluster_4796877/job0_resolved_3gamma/resolved_3gamma_delphes.root
resolved_prompt,mgg_GeV,55.1,55.480000000000004,53,5808508.5,results/backgrounds/fccee_z_backgrounds/cluster_4796877/job0_resolved_3gamma/resolved_3gamma_delphes.root
resolved_prompt,mgg_GeV,55.480000000000004,55.86,62,6794859.0,results/backgrounds/fccee_z_backgrounds/cluster_4796877/job0_resolved_3gamma/resolved_3gamma_delphes.root
resolved_prompt,mgg_GeV,55.86,56.24,47,5150941.5,results/backgrounds/fccee_z_backgrounds/cluster_4796877/job0_resolved_3gamma/resolved_3gamma_delphes.root
resolved_prompt,mgg_GeV,56.24,56.62,45,4931752.5,results/backgrounds/fccee_z_backgrounds/cluster_4796877/job0_resolved_3gamma/resolved_3gamma_delphes.root
resolved_prompt,mgg_GeV,56.62,57.0,51,5589319.5,results/backgrounds/fccee_z_backgrounds/cluster_4796877/job0_resolved_3gamma/resolved_3gamma_delphes.root
resolved_prompt,mgg_GeV,57.0,57.38,63,6904453.5,results/backgrounds/fccee_z_backgrounds/cluster_4796877/job0_resolved_3gamma/resolved_3gamma_delphes.root
resolved_prompt,mgg_GeV,57.38,57.76,54,5918103.0,results/backgrounds/fccee_z_backgrounds/cluster_4796877/job0_resolved_3gamma/resolved_3gamma_delphes.root
resolved_prompt,mgg_GeV,57.76,58.14,51,5589319.5,results/backgrounds/fccee_z_backgrounds/cluster_4796877/job0_resolved_3gamma/resolved_3gamma_delphes.root
resolved_prompt,mgg_GeV,58.14,58.52,69,7562020.5,results/backgrounds/fccee_z_backgrounds/cluster_4796877/job0_resolved_3gamma/resolved_3gamma_delphes.root
resolved_prompt,mgg_GeV,58.52,58.9,65,7123642.5,results/backgrounds/fccee_z_backgrounds/cluster_4796877/job0_resolved_3gamma/resolved_3gamma_delphes.root
resolved_prompt,mgg_GeV,58.9,59.28,55,6027697.5,results/backgrounds/fccee_z_backgrounds/cluster_4796877/job0_resolved_3gamma/resolved_3gamma_delphes.root
resolved_prompt,mgg_GeV,59.28,59.660000000000004,39,4274185.5,results/backgrounds/fccee_z_backgrounds/cluster_4796877/job0_resolved_3gamma/resolved_3gamma_delphes.root
resolved_prompt,mgg_GeV,59.660000000000004,60.04,48,5260536.0,results/backgrounds/fccee_z_backgrounds/cluster_4796877/job0_resolved_3gamma/resolved_3gamma_delphes.root
resolved_prompt,mgg_GeV,60.04,60.42,47,5150941.5,results/backgrounds/fccee_z_backgrounds/cluster_4796877/job0_resolved_3gamma/resolved_3gamma_delphes.root
resolved_prompt,mgg_GeV,60.42,60.8,56,6137292.0,results/backgrounds/fccee_z_backgrounds/cluster_4796877/job0_resolved_3gamma/resolved_3gamma_delphes.root
resolved_prompt,mgg_GeV,60.8,61.18,33,3616618.5,results/backgrounds/fccee_z_backgrounds/cluster_4796877/job0_resolved_3gamma/resolved_3gamma_delphes.root
resolved_prompt,mgg_GeV,61.18,61.56,55,6027697.5,results/backgrounds/fccee_z_backgrounds/cluster_4796877/job0_resolved_3gamma/resolved_3gamma_delphes.root
resolved_prompt,mgg_GeV,61.56,61.94,46,5041347.0,results/backgrounds/fccee_z_backgrounds/cluster_4796877/job0_resolved_3gamma/resolved_3gamma_delphes.root
resolved_prompt,mgg_GeV,61.94,62.32,51,5589319.5,results/backgrounds/fccee_z_backgrounds/cluster_4796877/job0_resolved_3gamma/resolved_3gamma_delphes.root
resolved_prompt,mgg_GeV,62.32,62.7,51,5589319.5,results/backgrounds/fccee_z_backgrounds/cluster_4796877/job0_resolved_3gamma/resolved_3gamma_delphes.root
resolved_prompt,mgg_GeV,62.7,63.08,47,5150941.5,results/backgrounds/fccee_z_backgrounds/cluster_4796877/job0_resolved_3gamma/resolved_3gamma_delphes.root
resolved_prompt,mgg_GeV,63.08,63.46,44,4822158.0,results/backgrounds/fccee_z_backgrounds/cluster_4796877/job0_resolved_3gamma/resolved_3gamma_delphes.root
resolved_prompt,mgg_GeV,63.46,63.84,59,6466075.5,results/backgrounds/fccee_z_backgrounds/cluster_4796877/job0_resolved_3gamma/resolved_3gamma_delphes.root
resolved_prompt,mgg_GeV,63.84,64.22,46,5041347.0,results/backgrounds/fccee_z_backgrounds/cluster_4796877/job0_resolved_3gamma/resolved_3gamma_delphes.root
resolved_prompt,mgg_GeV,64.22,64.6,52,5698914.0,results/backgrounds/fccee_z_backgrounds/cluster_4796877/job0_resolved_3gamma/resolved_3gamma_delphes.root
resolved_prompt,mgg_GeV,64.6,64.98,52,5698914.0,results/backgrounds/fccee_z_backgrounds/cluster_4796877/job0_resolved_3gamma/resolved_3gamma_delphes.root
resolved_prompt,mgg_GeV,64.98,65.36,59,6466075.5,results/backgrounds/fccee_z_backgrounds/cluster_4796877/job0_resolved_3gamma/resolved_3gamma_delphes.root
resolved_prompt,mgg_GeV,65.36,65.74,58,6356481.0,results/backgrounds/fccee_z_backgrounds/cluster_4796877/job0_resolved_3gamma/resolved_3gamma_delphes.root
resolved_prompt,mgg_GeV,65.74,66.12,71,7781209.5,results/backgrounds/fccee_z_backgrounds/cluster_4796877/job0_resolved_3gamma/resolved_3gamma_delphes.root
resolved_prompt,mgg_GeV,66.12,66.5,44,4822158.0,results/backgrounds/fccee_z_backgrounds/cluster_4796877/job0_resolved_3gamma/resolved_3gamma_delphes.root
resolved_prompt,mgg_GeV,66.5,66.88,56,6137292.0,results/backgrounds/fccee_z_backgrounds/cluster_4796877/job0_resolved_3gamma/resolved_3gamma_delphes.root
resolved_prompt,mgg_GeV,66.88,67.26,52,5698914.0,results/backgrounds/fccee_z_backgrounds/cluster_4796877/job0_resolved_3gamma/resolved_3gamma_delphes.root
resolved_prompt,mgg_GeV,67.26,67.64,57,6246886.5,results/backgrounds/fccee_z_backgrounds/cluster_4796877/job0_resolved_3gamma/resolved_3gamma_delphes.root
resolved_prompt,mgg_GeV,67.64,68.02,56,6137292.0,results/backgrounds/fccee_z_backgrounds/cluster_4796877/job0_resolved_3gamma/resolved_3gamma_delphes.root
resolved_prompt,mgg_GeV,68.02,68.4,66,7233237.0,results/backgrounds/fccee_z_backgrounds/cluster_4796877/job0_resolved_3gamma/resolved_3gamma_delphes.root
resolved_prompt,mgg_GeV,68.4,68.78,71,7781209.5,results/backgrounds/fccee_z_backgrounds/cluster_4796877/job0_resolved_3gamma/resolved_3gamma_delphes.root
resolved_prompt,mgg_GeV,68.78,69.16,54,5918103.0,results/backgrounds/fccee_z_backgrounds/cluster_4796877/job0_resolved_3gamma/resolved_3gamma_delphes.root
resolved_prompt,mgg_GeV,69.16,69.54,57,6246886.5,results/backgrounds/fccee_z_backgrounds/cluster_4796877/job0_resolved_3gamma/resolved_3gamma_delphes.root
resolved_prompt,mgg_GeV,69.54,69.92,68,7452426.0,results/backgrounds/fccee_z_backgrounds/cluster_4796877/job0_resolved_3gamma/resolved_3gamma_delphes.root
resolved_prompt,mgg_GeV,69.92,70.3,69,7562020.5,results/backgrounds/fccee_z_backgrounds/cluster_4796877/job0_resolved_3gamma/resolved_3gamma_delphes.root
resolved_prompt,mgg_GeV,70.3,70.68,50,5479725.0,results/backgrounds/fccee_z_backgrounds/cluster_4796877/job0_resolved_3gamma/resolved_3gamma_delphes.root
resolved_prompt,mgg_GeV,70.68,71.06,51,5589319.5,results/backgrounds/fccee_z_backgrounds/cluster_4796877/job0_resolved_3gamma/resolved_3gamma_delphes.root
resolved_prompt,mgg_GeV,71.06,71.44,59,6466075.5,results/backgrounds/fccee_z_backgrounds/cluster_4796877/job0_resolved_3gamma/resolved_3gamma_delphes.root
resolved_prompt,mgg_GeV,71.44,71.82000000000001,65,7123642.5,results/backgrounds/fccee_z_backgrounds/cluster_4796877/job0_resolved_3gamma/resolved_3gamma_delphes.root
resolved_prompt,mgg_GeV,71.82000000000001,72.2,59,6466075.5,results/backgrounds/fccee_z_backgrounds/cluster_4796877/job0_resolved_3gamma/resolved_3gamma_delphes.root
resolved_prompt,mgg_GeV,72.2,72.58,65,7123642.5,results/backgrounds/fccee_z_backgrounds/cluster_4796877/job0_resolved_3gamma/resolved_3gamma_delphes.root
resolved_prompt,mgg_GeV,72.58,72.96000000000001,61,6685264.5,results/backgrounds/fccee_z_backgrounds/cluster_4796877/job0_resolved_3gamma/resolved_3gamma_delphes.root
resolved_prompt,mgg_GeV,72.96000000000001,73.34,67,7342831.5,results/backgrounds/fccee_z_backgrounds/cluster_4796877/job0_resolved_3gamma/resolved_3gamma_delphes.root
resolved_prompt,mgg_GeV,73.34,73.72,66,7233237.0,results/backgrounds/fccee_z_backgrounds/cluster_4796877/job0_resolved_3gamma/resolved_3gamma_delphes.root
resolved_prompt,mgg_GeV,73.72,74.1,62,6794859.0,results/backgrounds/fccee_z_backgrounds/cluster_4796877/job0_resolved_3gamma/resolved_3gamma_delphes.root
resolved_prompt,mgg_GeV,74.1,74.48,59,6466075.5,results/backgrounds/fccee_z_backgrounds/cluster_4796877/job0_resolved_3gamma/resolved_3gamma_delphes.root
resolved_prompt,mgg_GeV,74.48,74.86,73,8000398.5,results/backgrounds/fccee_z_backgrounds/cluster_4796877/job0_resolved_3gamma/resolved_3gamma_delphes.root
resolved_prompt,mgg_GeV,74.86,75.24,69,7562020.5,results/backgrounds/fccee_z_backgrounds/cluster_4796877/job0_resolved_3gamma/resolved_3gamma_delphes.root
resolved_prompt,mgg_GeV,75.24,75.62,73,8000398.5,results/backgrounds/fccee_z_backgrounds/cluster_4796877/job0_resolved_3gamma/resolved_3gamma_delphes.root
resolved_prompt,mgg_GeV,75.62,76.0,82,8986749.0,results/backgrounds/fccee_z_backgrounds/cluster_4796877/job0_resolved_3gamma/resolved_3gamma_delphes.root
resolved_prompt,mgg_GeV,76.0,76.38,100,10959450.0,results/backgrounds/fccee_z_backgrounds/cluster_4796877/job0_resolved_3gamma/resolved_3gamma_delphes.root
resolved_prompt,mgg_GeV,76.38,76.76,97,10630666.5,results/backgrounds/fccee_z_backgrounds/cluster_4796877/job0_resolved_3gamma/resolved_3gamma_delphes.root
resolved_prompt,mgg_GeV,76.76,77.14,65,7123642.5,results/backgrounds/fccee_z_backgrounds/cluster_4796877/job0_resolved_3gamma/resolved_3gamma_delphes.root
resolved_prompt,mgg_GeV,77.14,77.52,93,10192288.5,results/backgrounds/fccee_z_backgrounds/cluster_4796877/job0_resolved_3gamma/resolved_3gamma_delphes.root
resolved_prompt,mgg_GeV,77.52,77.9,90,9863505.0,results/backgrounds/fccee_z_backgrounds/cluster_4796877/job0_resolved_3gamma/resolved_3gamma_delphes.root
resolved_prompt,mgg_GeV,77.9,78.28,94,10301883.0,results/backgrounds/fccee_z_backgrounds/cluster_4796877/job0_resolved_3gamma/resolved_3gamma_delphes.root
resolved_prompt,mgg_GeV,78.28,78.66,85,9315532.5,results/backgrounds/fccee_z_backgrounds/cluster_4796877/job0_resolved_3gamma/resolved_3gamma_delphes.root
resolved_prompt,mgg_GeV,78.66,79.04,83,9096343.5,results/backgrounds/fccee_z_backgrounds/cluster_4796877/job0_resolved_3gamma/resolved_3gamma_delphes.root
resolved_prompt,mgg_GeV,79.04,79.42,101,11069044.5,results/backgrounds/fccee_z_backgrounds/cluster_4796877/job0_resolved_3gamma/resolved_3gamma_delphes.root
resolved_prompt,mgg_GeV,79.42,79.8,99,10849855.5,results/backgrounds/fccee_z_backgrounds/cluster_4796877/job0_resolved_3gamma/resolved_3gamma_delphes.root
resolved_prompt,mgg_GeV,79.8,80.18,89,9753910.5,results/backgrounds/fccee_z_backgrounds/cluster_4796877/job0_resolved_3gamma/resolved_3gamma_delphes.root
resolved_prompt,mgg_GeV,80.18,80.56,116,12712962.0,results/backgrounds/fccee_z_backgrounds/cluster_4796877/job0_resolved_3gamma/resolved_3gamma_delphes.root
resolved_prompt,mgg_GeV,80.56,80.94,129,14137690.5,results/backgrounds/fccee_z_backgrounds/cluster_4796877/job0_resolved_3gamma/resolved_3gamma_delphes.root
resolved_prompt,mgg_GeV,80.94,81.32000000000001,99,10849855.5,results/backgrounds/fccee_z_backgrounds/cluster_4796877/job0_resolved_3gamma/resolved_3gamma_delphes.root
resolved_prompt,mgg_GeV,81.32000000000001,81.7,120,13151340.0,results/backgrounds/fccee_z_backgrounds/cluster_4796877/job0_resolved_3gamma/resolved_3gamma_delphes.root
resolved_prompt,mgg_GeV,81.7,82.08,118,12932151.0,results/backgrounds/fccee_z_backgrounds/cluster_4796877/job0_resolved_3gamma/resolved_3gamma_delphes.root
resolved_prompt,mgg_GeV,82.08,82.46000000000001,129,14137690.5,results/backgrounds/fccee_z_backgrounds/cluster_4796877/job0_resolved_3gamma/resolved_3gamma_delphes.root
resolved_prompt,mgg_GeV,82.46000000000001,82.84,133,14576068.5,results/backgrounds/fccee_z_backgrounds/cluster_4796877/job0_resolved_3gamma/resolved_3gamma_delphes.root
resolved_prompt,mgg_GeV,82.84,83.22,153,16767958.5,results/backgrounds/fccee_z_backgrounds/cluster_4796877/job0_resolved_3gamma/resolved_3gamma_delphes.root
resolved_prompt,mgg_GeV,83.22,83.6,142,15562419.0,results/backgrounds/fccee_z_backgrounds/cluster_4796877/job0_resolved_3gamma/resolved_3gamma_delphes.root
resolved_prompt,mgg_GeV,83.6,83.98,154,16877553.0,results/backgrounds/fccee_z_backgrounds/cluster_4796877/job0_resolved_3gamma/resolved_3gamma_delphes.root
resolved_prompt,mgg_GeV,83.98,84.36,159,17425525.5,results/backgrounds/fccee_z_backgrounds/cluster_4796877/job0_resolved_3gamma/resolved_3gamma_delphes.root
resolved_prompt,mgg_GeV,84.36,84.74,178,19507821.0,results/backgrounds/fccee_z_backgrounds/cluster_4796877/job0_resolved_3gamma/resolved_3gamma_delphes.root
resolved_prompt,mgg_GeV,84.74,85.12,183,20055793.5,results/backgrounds/fccee_z_backgrounds/cluster_4796877/job0_resolved_3gamma/resolved_3gamma_delphes.root
resolved_prompt,mgg_GeV,85.12,85.5,187,20494171.5,results/backgrounds/fccee_z_backgrounds/cluster_4796877/job0_resolved_3gamma/resolved_3gamma_delphes.root
resolved_prompt,mgg_GeV,85.5,85.88,217,23782006.5,results/backgrounds/fccee_z_backgrounds/cluster_4796877/job0_resolved_3gamma/resolved_3gamma_delphes.root
resolved_prompt,mgg_GeV,85.88,86.26,221,24220384.5,results/backgrounds/fccee_z_backgrounds/cluster_4796877/job0_resolved_3gamma/resolved_3gamma_delphes.root
resolved_prompt,mgg_GeV,86.26,86.64,238,26083491.0,results/backgrounds/fccee_z_backgrounds/cluster_4796877/job0_resolved_3gamma/resolved_3gamma_delphes.root
resolved_prompt,mgg_GeV,86.64,87.02,240,26302680.0,results/backgrounds/fccee_z_backgrounds/cluster_4796877/job0_resolved_3gamma/resolved_3gamma_delphes.root
resolved_prompt,mgg_GeV,87.02,87.4,251,27508219.5,results/backgrounds/fccee_z_backgrounds/cluster_4796877/job0_resolved_3gamma/resolved_3gamma_delphes.root
resolved_prompt,mgg_GeV,87.4,87.78,256,28056192.0,results/backgrounds/fccee_z_backgrounds/cluster_4796877/job0_resolved_3gamma/resolved_3gamma_delphes.root
resolved_prompt,mgg_GeV,87.78,88.16,269,29480920.5,results/backgrounds/fccee_z_backgrounds/cluster_4796877/job0_resolved_3gamma/resolved_3gamma_delphes.root
resolved_prompt,mgg_GeV,88.16,88.54,235,25754707.5,results/backgrounds/fccee_z_backgrounds/cluster_4796877/job0_resolved_3gamma/resolved_3gamma_delphes.root
resolved_prompt,mgg_GeV,88.54,88.92,216,23672412.0,results/backgrounds/fccee_z_backgrounds/cluster_4796877/job0_resolved_3gamma/resolved_3gamma_delphes.root
resolved_prompt,mgg_GeV,88.92,89.3,144,15781608.0,results/backgrounds/fccee_z_backgrounds/cluster_4796877/job0_resolved_3gamma/resolved_3gamma_delphes.root
resolved_prompt,mgg_GeV,89.3,89.68,121,13260934.5,results/backgrounds/fccee_z_backgrounds/cluster_4796877/job0_resolved_3gamma/resolved_3gamma_delphes.root
resolved_prompt,mgg_GeV,89.68,90.06,78,8548371.0,results/backgrounds/fccee_z_backgrounds/cluster_4796877/job0_resolved_3gamma/resolved_3gamma_delphes.root
resolved_prompt,mgg_GeV,90.06,90.44,58,6356481.0,results/backgrounds/fccee_z_backgrounds/cluster_4796877/job0_resolved_3gamma/resolved_3gamma_delphes.root
resolved_prompt,mgg_GeV,90.44,90.82000000000001,44,4822158.0,results/backgrounds/fccee_z_backgrounds/cluster_4796877/job0_resolved_3gamma/resolved_3gamma_delphes.root
resolved_prompt,mgg_GeV,90.82000000000001,91.2,18,1972701.0,results/backgrounds/fccee_z_backgrounds/cluster_4796877/job0_resolved_3gamma/resolved_3gamma_delphes.root
invisible,recoil_energy_GeV,0.0,0.1893939393939394,0,0.0,results/backgrounds/fccee_z_backgrounds/cluster_4796877/job1_invisible_gamma_nunu/invisible_gamma_nunu_delphes.root
invisible,recoil_energy_GeV,0.1893939393939394,0.3787878787878788,0,0.0,results/backgrounds/fccee_z_backgrounds/cluster_4796877/job1_invisible_gamma_nunu/invisible_gamma_nunu_delphes.root
invisible,recoil_energy_GeV,0.3787878787878788,0.5681818181818181,0,0.0,results/backgrounds/fccee_z_backgrounds/cluster_4796877/job1_invisible_gamma_nunu/invisible_gamma_nunu_delphes.root
invisible,recoil_energy_GeV,0.5681818181818181,0.7575757575757576,0,0.0,results/backgrounds/fccee_z_backgrounds/cluster_4796877/job1_invisible_gamma_nunu/invisible_gamma_nunu_delphes.root
invisible,recoil_energy_GeV,0.7575757575757576,0.946969696969697,0,0.0,results/backgrounds/fccee_z_backgrounds/cluster_4796877/job1_invisible_gamma_nunu/invisible_gamma_nunu_delphes.root
invisible,recoil_energy_GeV,0.946969696969697,1.1363636363636362,0,0.0,results/backgrounds/fccee_z_backgrounds/cluster_4796877/job1_invisible_gamma_nunu/invisible_gamma_nunu_delphes.root
invisible,recoil_energy_GeV,1.1363636363636362,1.3257575757575757,0,0.0,results/backgrounds/fccee_z_backgrounds/cluster_4796877/job1_invisible_gamma_nunu/invisible_gamma_nunu_delphes.root
invisible,recoil_energy_GeV,1.3257575757575757,1.5151515151515151,0,0.0,results/backgrounds/fccee_z_backgrounds/cluster_4796877/job1_invisible_gamma_nunu/invisible_gamma_nunu_delphes.root
invisible,recoil_energy_GeV,1.5151515151515151,1.7045454545454546,0,0.0,results/backgrounds/fccee_z_backgrounds/cluster_4796877/job1_invisible_gamma_nunu/invisible_gamma_nunu_delphes.root
invisible,recoil_energy_GeV,1.7045454545454546,1.893939393939394,0,0.0,results/backgrounds/fccee_z_backgrounds/cluster_4796877/job1_invisible_gamma_nunu/invisible_gamma_nunu_delphes.root
invisible,recoil_energy_GeV,1.893939393939394,2.0833333333333335,195,394539013.6155,results/backgrounds/fccee_z_backgrounds/cluster_4796877/job1_invisible_gamma_nunu/invisible_gamma_nunu_delphes.root
invisible,recoil_energy_GeV,2.0833333333333335,2.2727272727272725,310,627215867.799,results/backgrounds/fccee_z_backgrounds/cluster_4796877/job1_invisible_gamma_nunu/invisible_gamma_nunu_delphes.root
invisible,recoil_energy_GeV,2.2727272727272725,2.462121212121212,300,606983097.87,results/backgrounds/fccee_z_backgrounds/cluster_4796877/job1_invisible_gamma_nunu/invisible_gamma_nunu_delphes.root
invisible,recoil_energy_GeV,2.462121212121212,2.6515151515151514,233,471423539.34569997,results/backgrounds/fccee_z_backgrounds/cluster_4796877/job1_invisible_gamma_nunu/invisible_gamma_nunu_delphes.root
invisible,recoil_energy_GeV,2.6515151515151514,2.840909090909091,209,422864891.5161,results/backgrounds/fccee_z_backgrounds/cluster_4796877/job1_invisible_gamma_nunu/invisible_gamma_nunu_delphes.root
invisible,recoil_energy_GeV,2.840909090909091,3.0303030303030303,159,321701041.8711,results/backgrounds/fccee_z_backgrounds/cluster_4796877/job1_invisible_gamma_nunu/invisible_gamma_nunu_delphes.root
invisible,recoil_energy_GeV,3.0303030303030303,3.2196969696969697,152,307538102.9208,results/backgrounds/fccee_z_backgrounds/cluster_4796877/job1_invisible_gamma_nunu/invisible_gamma_nunu_delphes.root
invisible,recoil_energy_GeV,3.2196969696969697,3.409090909090909,114,230653577.1906,results/backgrounds/fccee_z_backgrounds/cluster_4796877/job1_invisible_gamma_nunu/invisible_gamma_nunu_delphes.root
invisible,recoil_energy_GeV,3.409090909090909,3.5984848484848486,123,248863070.12669998,results/backgrounds/fccee_z_backgrounds/cluster_4796877/job1_invisible_gamma_nunu/invisible_gamma_nunu_delphes.root
invisible,recoil_energy_GeV,3.5984848484848486,3.787878787878788,89,180071652.3681,results/backgrounds/fccee_z_backgrounds/cluster_4796877/job1_invisible_gamma_nunu/invisible_gamma_nunu_delphes.root
invisible,recoil_energy_GeV,3.787878787878788,3.977272727272727,77,155792328.4533,results/backgrounds/fccee_z_backgrounds/cluster_4796877/job1_invisible_gamma_nunu/invisible_gamma_nunu_delphes.root
invisible,recoil_energy_GeV,3.977272727272727,4.166666666666667,60,121396619.574,results/backgrounds/fccee_z_backgrounds/cluster_4796877/job1_invisible_gamma_nunu/invisible_gamma_nunu_delphes.root
invisible,recoil_energy_GeV,4.166666666666667,4.356060606060606,83,167931990.4107,results/backgrounds/fccee_z_backgrounds/cluster_4796877/job1_invisible_gamma_nunu/invisible_gamma_nunu_delphes.root
invisible,recoil_energy_GeV,4.356060606060606,4.545454545454545,47,95094018.6663,results/backgrounds/fccee_z_backgrounds/cluster_4796877/job1_invisible_gamma_nunu/invisible_gamma_nunu_delphes.root
invisible,recoil_energy_GeV,4.545454545454545,4.734848484848484,58,117350065.5882,results/backgrounds/fccee_z_backgrounds/cluster_4796877/job1_invisible_gamma_nunu/invisible_gamma_nunu_delphes.root
invisible,recoil_energy_GeV,4.734848484848484,4.924242424242424,39,78907802.72309999,results/backgrounds/fccee_z_backgrounds/cluster_4796877/job1_invisible_gamma_nunu/invisible_gamma_nunu_delphes.root
invisible,recoil_energy_GeV,4.924242424242424,5.113636363636363,41,82954356.7089,results/backgrounds/fccee_z_backgrounds/cluster_4796877/job1_invisible_gamma_nunu/invisible_gamma_nunu_delphes.root
invisible,recoil_energy_GeV,5.113636363636363,5.303030303030303,40,80931079.71599999,results/backgrounds/fccee_z_backgrounds/cluster_4796877/job1_invisible_gamma_nunu/invisible_gamma_nunu_delphes.root
invisible,recoil_energy_GeV,5.303030303030303,5.492424242424242,31,62721586.7799,results/backgrounds/fccee_z_backgrounds/cluster_4796877/job1_invisible_gamma_nunu/invisible_gamma_nunu_delphes.root
invisible,recoil_energy_GeV,5.492424242424242,5.681818181818182,26,52605201.8154,results/backgrounds/fccee_z_backgrounds/cluster_4796877/job1_invisible_gamma_nunu/invisible_gamma_nunu_delphes.root
invisible,recoil_energy_GeV,5.681818181818182,5.871212121212121,14,28325877.9006,results/backgrounds/fccee_z_backgrounds/cluster_4796877/job1_invisible_gamma_nunu/invisible_gamma_nunu_delphes.root
invisible,recoil_energy_GeV,5.871212121212121,6.0606060606060606,26,52605201.8154,results/backgrounds/fccee_z_backgrounds/cluster_4796877/job1_invisible_gamma_nunu/invisible_gamma_nunu_delphes.root
invisible,recoil_energy_GeV,6.0606060606060606,6.25,21,42488816.8509,results/backgrounds/fccee_z_backgrounds/cluster_4796877/job1_invisible_gamma_nunu/invisible_gamma_nunu_delphes.root
invisible,recoil_energy_GeV,6.25,6.4393939393939394,14,28325877.9006,results/backgrounds/fccee_z_backgrounds/cluster_4796877/job1_invisible_gamma_nunu/invisible_gamma_nunu_delphes.root
invisible,recoil_energy_GeV,6.4393939393939394,6.628787878787879,20,40465539.857999995,results/backgrounds/fccee_z_backgrounds/cluster_4796877/job1_invisible_gamma_nunu/invisible_gamma_nunu_delphes.root
invisible,recoil_energy_GeV,6.628787878787879,6.818181818181818,15,30349154.8935,results/backgrounds/fccee_z_backgrounds/cluster_4796877/job1_invisible_gamma_nunu/invisible_gamma_nunu_delphes.root
invisible,recoil_energy_GeV,6.818181818181818,7.007575757575758,16,32372431.8864,results/backgrounds/fccee_z_backgrounds/cluster_4796877/job1_invisible_gamma_nunu/invisible_gamma_nunu_delphes.root
invisible,recoil_energy_GeV,7.007575757575758,7.196969696969697,9,18209492.9361,results/backgrounds/fccee_z_backgrounds/cluster_4796877/job1_invisible_gamma_nunu/invisible_gamma_nunu_delphes.root
invisible,recoil_energy_GeV,7.196969696969697,7.386363636363637,13,26302600.9077,results/backgrounds/fccee_z_backgrounds/cluster_4796877/job1_invisible_gamma_nunu/invisible_gamma_nunu_delphes.root
invisible,recoil_energy_GeV,7.386363636363637,7.575757575757576,10,20232769.928999998,results/backgrounds/fccee_z_backgrounds/cluster_4796877/job1_invisible_gamma_nunu/invisible_gamma_nunu_delphes.root
invisible,recoil_energy_GeV,7.575757575757576,7.765151515151515,7,14162938.9503,results/backgrounds/fccee_z_backgrounds/cluster_4796877/job1_invisible_gamma_nunu/invisible_gamma_nunu_delphes.root
invisible,recoil_energy_GeV,7.765151515151515,7.954545454545454,6,12139661.9574,results/backgrounds/fccee_z_backgrounds/cluster_4796877/job1_invisible_gamma_nunu/invisible_gamma_nunu_delphes.root
invisible,recoil_energy_GeV,7.954545454545454,8.143939393939394,3,6069830.9787,results/backgrounds/fccee_z_backgrounds/cluster_4796877/job1_invisible_gamma_nunu/invisible_gamma_nunu_delphes.root
invisible,recoil_energy_GeV,8.143939393939394,8.333333333333334,7,14162938.9503,results/backgrounds/fccee_z_backgrounds/cluster_4796877/job1_invisible_gamma_nunu/invisible_gamma_nunu_delphes.root
invisible,recoil_energy_GeV,8.333333333333334,8.522727272727273,8,16186215.9432,results/backgrounds/fccee_z_backgrounds/cluster_4796877/job1_invisible_gamma_nunu/invisible_gamma_nunu_delphes.root
invisible,recoil_energy_GeV,8.522727272727273,8.712121212121213,4,8093107.9716,results/backgrounds/fccee_z_backgrounds/cluster_4796877/job1_invisible_gamma_nunu/invisible_gamma_nunu_delphes.root
invisible,recoil_energy_GeV,8.712121212121213,8.901515151515152,3,6069830.9787,results/backgrounds/fccee_z_backgrounds/cluster_4796877/job1_invisible_gamma_nunu/invisible_gamma_nunu_delphes.root
invisible,recoil_energy_GeV,8.901515151515152,9.09090909090909,6,12139661.9574,results/backgrounds/fccee_z_backgrounds/cluster_4796877/job1_invisible_gamma_nunu/invisible_gamma_nunu_delphes.root
invisible,recoil_energy_GeV,9.09090909090909,9.28030303030303,3,6069830.9787,results/backgrounds/fccee_z_backgrounds/cluster_4796877/job1_invisible_gamma_nunu/invisible_gamma_nunu_delphes.root
invisible,recoil_energy_GeV,9.28030303030303,9.469696969696969,2,4046553.9858,results/backgrounds/fccee_z_backgrounds/cluster_4796877/job1_invisible_gamma_nunu/invisible_gamma_nunu_delphes.root
invisible,recoil_energy_GeV,9.469696969696969,9.659090909090908,6,12139661.9574,results/backgrounds/fccee_z_backgrounds/cluster_4796877/job1_invisible_gamma_nunu/invisible_gamma_nunu_delphes.root
invisible,recoil_energy_GeV,9.659090909090908,9.848484848484848,4,8093107.9716,results/backgrounds/fccee_z_backgrounds/cluster_4796877/job1_invisible_gamma_nunu/invisible_gamma_nunu_delphes.root
invisible,recoil_energy_GeV,9.848484848484848,10.037878787878787,2,4046553.9858,results/backgrounds/fccee_z_backgrounds/cluster_4796877/job1_invisible_gamma_nunu/invisible_gamma_nunu_delphes.root
invisible,recoil_energy_GeV,10.037878787878787,10.227272727272727,5,10116384.964499999,results/backgrounds/fccee_z_backgrounds/cluster_4796877/job1_invisible_gamma_nunu/invisible_gamma_nunu_delphes.root
invisible,recoil_energy_GeV,10.227272727272727,10.416666666666666,4,8093107.9716,results/backgrounds/fccee_z_backgrounds/cluster_4796877/job1_invisible_gamma_nunu/invisible_gamma_nunu_delphes.root
invisible,recoil_energy_GeV,10.416666666666666,10.606060606060606,6,12139661.9574,results/backgrounds/fccee_z_backgrounds/cluster_4796877/job1_invisible_gamma_nunu/invisible_gamma_nunu_delphes.root
invisible,recoil_energy_GeV,10.606060606060606,10.795454545454545,1,2023276.9929,results/backgrounds/fccee_z_backgrounds/cluster_4796877/job1_invisible_gamma_nunu/invisible_gamma_nunu_delphes.root
invisible,recoil_energy_GeV,10.795454545454545,10.984848484848484,1,2023276.9929,results/backgrounds/fccee_z_backgrounds/cluster_4796877/job1_invisible_gamma_nunu/invisible_gamma_nunu_delphes.root
invisible,recoil_energy_GeV,10.984848484848484,11.174242424242424,5,10116384.964499999,results/backgrounds/fccee_z_backgrounds/cluster_4796877/job1_invisible_gamma_nunu/invisible_gamma_nunu_delphes.root
invisible,recoil_energy_GeV,11.174242424242424,11.363636363636363,2,4046553.9858,results/backgrounds/fccee_z_backgrounds/cluster_4796877/job1_invisible_gamma_nunu/invisible_gamma_nunu_delphes.root
invisible,recoil_energy_GeV,11.363636363636363,11.553030303030303,6,12139661.9574,results/backgrounds/fccee_z_backgrounds/cluster_4796877/job1_invisible_gamma_nunu/invisible_gamma_nunu_delphes.root
invisible,recoil_energy_GeV,11.553030303030303,11.742424242424242,2,4046553.9858,results/backgrounds/fccee_z_backgrounds/cluster_4796877/job1_invisible_gamma_nunu/invisible_gamma_nunu_delphes.root
invisible,recoil_energy_GeV,11.742424242424242,11.931818181818182,0,0.0,results/backgrounds/fccee_z_backgrounds/cluster_4796877/job1_invisible_gamma_nunu/invisible_gamma_nunu_delphes.root
invisible,recoil_energy_GeV,11.931818181818182,12.121212121212121,3,6069830.9787,results/backgrounds/fccee_z_backgrounds/cluster_4796877/job1_invisible_gamma_nunu/invisible_gamma_nunu_delphes.root
invisible,recoil_energy_GeV,12.121212121212121,12.31060606060606,4,8093107.9716,results/backgrounds/fccee_z_backgrounds/cluster_4796877/job1_invisible_gamma_nunu/invisible_gamma_nunu_delphes.root
invisible,recoil_energy_GeV,12.31060606060606,12.5,2,4046553.9858,results/backgrounds/fccee_z_backgrounds/cluster_4796877/job1_invisible_gamma_nunu/invisible_gamma_nunu_delphes.root
invisible,recoil_energy_GeV,12.5,12.68939393939394,4,8093107.9716,results/backgrounds/fccee_z_backgrounds/cluster_4796877/job1_invisible_gamma_nunu/invisible_gamma_nunu_delphes.root
invisible,recoil_energy_GeV,12.68939393939394,12.878787878787879,3,6069830.9787,results/backgrounds/fccee_z_backgrounds/cluster_4796877/job1_invisible_gamma_nunu/invisible_gamma_nunu_delphes.root
invisible,recoil_energy_GeV,12.878787878787879,13.068181818181818,1,2023276.9929,results/backgrounds/fccee_z_backgrounds/cluster_4796877/job1_invisible_gamma_nunu/invisible_gamma_nunu_delphes.root
invisible,recoil_energy_GeV,13.068181818181818,13.257575757575758,1,2023276.9929,results/backgrounds/fccee_z_backgrounds/cluster_4796877/job1_invisible_gamma_nunu/invisible_gamma_nunu_delphes.root
invisible,recoil_energy_GeV,13.257575757575758,13.446969696969697,1,2023276.9929,results/backgrounds/fccee_z_backgrounds/cluster_4796877/job1_invisible_gamma_nunu/invisible_gamma_nunu_delphes.root
invisible,recoil_energy_GeV,13.446969696969697,13.636363636363637,0,0.0,results/backgrounds/fccee_z_backgrounds/cluster_4796877/job1_invisible_gamma_nunu/invisible_gamma_nunu_delphes.root
invisible,recoil_energy_GeV,13.636363636363637,13.825757575757576,2,4046553.9858,results/backgrounds/fccee_z_backgrounds/cluster_4796877/job1_invisible_gamma_nunu/invisible_gamma_nunu_delphes.root
invisible,recoil_energy_GeV,13.825757575757576,14.015151515151516,2,4046553.9858,results/backgrounds/fccee_z_backgrounds/cluster_4796877/job1_invisible_gamma_nunu/invisible_gamma_nunu_delphes.root
invisible,recoil_energy_GeV,14.015151515151516,14.204545454545455,3,6069830.9787,results/backgrounds/fccee_z_backgrounds/cluster_4796877/job1_invisible_gamma_nunu/invisible_gamma_nunu_delphes.root
invisible,recoil_energy_GeV,14.204545454545455,14.393939393939394,2,4046553.9858,results/backgrounds/fccee_z_backgrounds/cluster_4796877/job1_invisible_gamma_nunu/invisible_gamma_nunu_delphes.root
invisible,recoil_energy_GeV,14.393939393939394,14.583333333333334,0,0.0,results/backgrounds/fccee_z_backgrounds/cluster_4796877/job1_invisible_gamma_nunu/invisible_gamma_nunu_delphes.root
invisible,recoil_energy_GeV,14.583333333333334,14.772727272727273,2,4046553.9858,results/backgrounds/fccee_z_backgrounds/cluster_4796877/job1_invisible_gamma_nunu/invisible_gamma_nunu_delphes.root
invisible,recoil_energy_GeV,14.772727272727273,14.962121212121213,0,0.0,results/backgrounds/fccee_z_backgrounds/cluster_4796877/job1_invisible_gamma_nunu/invisible_gamma_nunu_delphes.root
invisible,recoil_energy_GeV,14.962121212121213,15.151515151515152,1,2023276.9929,results/backgrounds/fccee_z_backgrounds/cluster_4796877/job1_invisible_gamma_nunu/invisible_gamma_nunu_delphes.root
invisible,recoil_energy_GeV,15.151515151515152,15.34090909090909,0,0.0,results/backgrounds/fccee_z_backgrounds/cluster_4796877/job1_invisible_gamma_nunu/invisible_gamma_nunu_delphes.root
invisible,recoil_energy_GeV,15.34090909090909,15.53030303030303,0,0.0,results/backgrounds/fccee_z_backgrounds/cluster_4796877/job1_invisible_gamma_nunu/invisible_gamma_nunu_delphes.root
invisible,recoil_energy_GeV,15.53030303030303,15.719696969696969,1,2023276.9929,results/backgrounds/fccee_z_backgrounds/cluster_4796877/job1_invisible_gamma_nunu/invisible_gamma_nunu_delphes.root
invisible,recoil_energy_GeV,15.719696969696969,15.909090909090908,3,6069830.9787,results/backgrounds/fccee_z_backgrounds/cluster_4796877/job1_invisible_gamma_nunu/invisible_gamma_nunu_delphes.root
invisible,recoil_energy_GeV,15.909090909090908,16.098484848484848,0,0.0,results/backgrounds/fccee_z_backgrounds/cluster_4796877/job1_invisible_gamma_nunu/invisible_gamma_nunu_delphes.root
invisible,recoil_energy_GeV,16.098484848484848,16.28787878787879,0,0.0,results/backgrounds/fccee_z_backgrounds/cluster_4796877/job1_invisible_gamma_nunu/invisible_gamma_nunu_delphes.root
invisible,recoil_energy_GeV,16.28787878787879,16.477272727272727,0,0.0,results/backgrounds/fccee_z_backgrounds/cluster_4796877/job1_invisible_gamma_nunu/invisible_gamma_nunu_delphes.root
invisible,recoil_energy_GeV,16.477272727272727,16.666666666666668,0,0.0,results/backgrounds/fccee_z_backgrounds/cluster_4796877/job1_invisible_gamma_nunu/invisible_gamma_nunu_delphes.root
invisible,recoil_energy_GeV,16.666666666666668,16.856060606060606,0,0.0,results/backgrounds/fccee_z_backgrounds/cluster_4796877/job1_invisible_gamma_nunu/invisible_gamma_nunu_delphes.root
invisible,recoil_energy_GeV,16.856060606060606,17.045454545454547,2,4046553.9858,results/backgrounds/fccee_z_backgrounds/cluster_4796877/job1_invisible_gamma_nunu/invisible_gamma_nunu_delphes.root
invisible,recoil_energy_GeV,17.045454545454547,17.234848484848484,0,0.0,results/backgrounds/fccee_z_backgrounds/cluster_4796877/job1_invisible_gamma_nunu/invisible_gamma_nunu_delphes.root
invisible,recoil_energy_GeV,17.234848484848484,17.424242424242426,0,0.0,results/backgrounds/fccee_z_backgrounds/cluster_4796877/job1_invisible_gamma_nunu/invisible_gamma_nunu_delphes.root
invisible,recoil_energy_GeV,17.424242424242426,17.613636363636363,0,0.0,results/backgrounds/fccee_z_backgrounds/cluster_4796877/job1_invisible_gamma_nunu/invisible_gamma_nunu_delphes.root
invisible,recoil_energy_GeV,17.613636363636363,17.803030303030305,1,2023276.9929,results/backgrounds/fccee_z_backgrounds/cluster_4796877/job1_invisible_gamma_nunu/invisible_gamma_nunu_delphes.root
invisible,recoil_energy_GeV,17.803030303030305,17.992424242424242,0,0.0,results/backgrounds/fccee_z_backgrounds/cluster_4796877/job1_invisible_gamma_nunu/invisible_gamma_nunu_delphes.root
invisible,recoil_energy_GeV,17.992424242424242,18.18181818181818,0,0.0,results/backgrounds/fccee_z_backgrounds/cluster_4796877/job1_invisible_gamma_nunu/invisible_gamma_nunu_delphes.root
invisible,recoil_energy_GeV,18.18181818181818,18.37121212121212,1,2023276.9929,results/backgrounds/fccee_z_backgrounds/cluster_4796877/job1_invisible_gamma_nunu/invisible_gamma_nunu_delphes.root
invisible,recoil_energy_GeV,18.37121212121212,18.56060606060606,0,0.0,results/backgrounds/fccee_z_backgrounds/cluster_4796877/job1_invisible_gamma_nunu/invisible_gamma_nunu_delphes.root
invisible,recoil_energy_GeV,18.56060606060606,18.75,0,0.0,results/backgrounds/fccee_z_backgrounds/cluster_4796877/job1_invisible_gamma_nunu/invisible_gamma_nunu_delphes.root
invisible,recoil_energy_GeV,18.75,18.939393939393938,0,0.0,results/backgrounds/fccee_z_backgrounds/cluster_4796877/job1_invisible_gamma_nunu/invisible_gamma_nunu_delphes.root
invisible,recoil_energy_GeV,18.939393939393938,19.12878787878788,0,0.0,results/backgrounds/fccee_z_backgrounds/cluster_4796877/job1_invisible_gamma_nunu/invisible_gamma_nunu_delphes.root
invisible,recoil_energy_GeV,19.12878787878788,19.318181818181817,1,2023276.9929,results/backgrounds/fccee_z_backgrounds/cluster_4796877/job1_invisible_gamma_nunu/invisible_gamma_nunu_delphes.root
invisible,recoil_energy_GeV,19.318181818181817,19.507575757575758,0,0.0,results/backgrounds/fccee_z_backgrounds/cluster_4796877/job1_invisible_gamma_nunu/invisible_gamma_nunu_delphes.root
invisible,recoil_energy_GeV,19.507575757575758,19.696969696969695,0,0.0,results/backgrounds/fccee_z_backgrounds/cluster_4796877/job1_invisible_gamma_nunu/invisible_gamma_nunu_delphes.root
invisible,recoil_energy_GeV,19.696969696969695,19.886363636363637,0,0.0,results/backgrounds/fccee_z_backgrounds/cluster_4796877/job1_invisible_gamma_nunu/invisible_gamma_nunu_delphes.root
invisible,recoil_energy_GeV,19.886363636363637,20.075757575757574,0,0.0,results/backgrounds/fccee_z_backgrounds/cluster_4796877/job1_invisible_gamma_nunu/invisible_gamma_nunu_delphes.root
invisible,recoil_energy_GeV,20.075757575757574,20.265151515151516,0,0.0,results/backgrounds/fccee_z_backgrounds/cluster_4796877/job1_invisible_gamma_nunu/invisible_gamma_nunu_delphes.root
invisible,recoil_energy_GeV,20.265151515151516,20.454545454545453,0,0.0,results/backgrounds/fccee_z_backgrounds/cluster_4796877/job1_invisible_gamma_nunu/invisible_gamma_nunu_delphes.root
invisible,recoil_energy_GeV,20.454545454545453,20.643939393939394,0,0.0,results/backgrounds/fccee_z_backgrounds/cluster_4796877/job1_invisible_gamma_nunu/invisible_gamma_nunu_delphes.root
invisible,recoil_energy_GeV,20.643939393939394,20.833333333333332,0,0.0,results/backgrounds/fccee_z_backgrounds/cluster_4796877/job1_invisible_gamma_nunu/invisible_gamma_nunu_delphes.root
invisible,recoil_energy_GeV,20.833333333333332,21.022727272727273,1,2023276.9929,results/backgrounds/fccee_z_backgrounds/cluster_4796877/job1_invisible_gamma_nunu/invisible_gamma_nunu_delphes.root
invisible,recoil_energy_GeV,21.022727272727273,21.21212121212121,0,0.0,results/backgrounds/fccee_z_backgrounds/cluster_4796877/job1_invisible_gamma_nunu/invisible_gamma_nunu_delphes.root
invisible,recoil_energy_GeV,21.21212121212121,21.401515151515152,0,0.0,results/backgrounds/fccee_z_backgrounds/cluster_4796877/job1_invisible_gamma_nunu/invisible_gamma_nunu_delphes.root
invisible,recoil_energy_GeV,21.401515151515152,21.59090909090909,0,0.0,results/backgrounds/fccee_z_backgrounds/cluster_4796877/job1_invisible_gamma_nunu/invisible_gamma_nunu_delphes.root
invisible,recoil_energy_GeV,21.59090909090909,21.78030303030303,0,0.0,results/backgrounds/fccee_z_backgrounds/cluster_4796877/job1_invisible_gamma_nunu/invisible_gamma_nunu_delphes.root
invisible,recoil_energy_GeV,21.78030303030303,21.96969696969697,0,0.0,results/backgrounds/fccee_z_backgrounds/cluster_4796877/job1_invisible_gamma_nunu/invisible_gamma_nunu_delphes.root
invisible,recoil_energy_GeV,21.96969696969697,22.15909090909091,0,0.0,results/backgrounds/fccee_z_backgrounds/cluster_4796877/job1_invisible_gamma_nunu/invisible_gamma_nunu_delphes.root
invisible,recoil_energy_GeV,22.15909090909091,22.348484848484848,0,0.0,results/backgrounds/fccee_z_backgrounds/cluster_4796877/job1_invisible_gamma_nunu/invisible_gamma_nunu_delphes.root
invisible,recoil_energy_GeV,22.348484848484848,22.53787878787879,0,0.0,results/backgrounds/fccee_z_backgrounds/cluster_4796877/job1_invisible_gamma_nunu/invisible_gamma_nunu_delphes.root
invisible,recoil_energy_GeV,22.53787878787879,22.727272727272727,0,0.0,results/backgrounds/fccee_z_backgrounds/cluster_4796877/job1_invisible_gamma_nunu/invisible_gamma_nunu_delphes.root
invisible,recoil_energy_GeV,22.727272727272727,22.916666666666668,0,0.0,results/backgrounds/fccee_z_backgrounds/cluster_4796877/job1_invisible_gamma_nunu/invisible_gamma_nunu_delphes.root
invisible,recoil_energy_GeV,22.916666666666668,23.106060606060606,1,2023276.9929,results/backgrounds/fccee_z_backgrounds/cluster_4796877/job1_invisible_gamma_nunu/invisible_gamma_nunu_delphes.root
invisible,recoil_energy_GeV,23.106060606060606,23.295454545454547,0,0.0,results/backgrounds/fccee_z_backgrounds/cluster_4796877/job1_invisible_gamma_nunu/invisible_gamma_nunu_delphes.root
invisible,recoil_energy_GeV,23.295454545454547,23.484848484848484,0,0.0,results/backgrounds/fccee_z_backgrounds/cluster_4796877/job1_invisible_gamma_nunu/invisible_gamma_nunu_delphes.root
invisible,recoil_energy_GeV,23.484848484848484,23.674242424242426,0,0.0,results/backgrounds/fccee_z_backgrounds/cluster_4796877/job1_invisible_gamma_nunu/invisible_gamma_nunu_delphes.root
invisible,recoil_energy_GeV,23.674242424242426,23.863636363636363,0,0.0,results/backgrounds/fccee_z_backgrounds/cluster_4796877/job1_invisible_gamma_nunu/invisible_gamma_nunu_delphes.root
invisible,recoil_energy_GeV,23.863636363636363,24.053030303030305,0,0.0,results/backgrounds/fccee_z_backgrounds/cluster_4796877/job1_invisible_gamma_nunu/invisible_gamma_nunu_delphes.root
invisible,recoil_energy_GeV,24.053030303030305,24.242424242424242,0,0.0,results/backgrounds/fccee_z_backgrounds/cluster_4796877/job1_invisible_gamma_nunu/invisible_gamma_nunu_delphes.root
invisible,recoil_energy_GeV,24.242424242424242,24.43181818181818,0,0.0,results/backgrounds/fccee_z_backgrounds/cluster_4796877/job1_invisible_gamma_nunu/invisible_gamma_nunu_delphes.root
invisible,recoil_energy_GeV,24.43181818181818,24.62121212121212,0,0.0,results/backgrounds/fccee_z_backgrounds/cluster_4796877/job1_invisible_gamma_nunu/invisible_gamma_nunu_delphes.root
invisible,recoil_energy_GeV,24.62121212121212,24.81060606060606,0,0.0,results/backgrounds/fccee_z_backgrounds/cluster_4796877/job1_invisible_gamma_nunu/invisible_gamma_nunu_delphes.root
invisible,recoil_energy_GeV,24.81060606060606,25.0,0,0.0,results/backgrounds/fccee_z_backgrounds/cluster_4796877/job1_invisible_gamma_nunu/invisible_gamma_nunu_delphes.root
invisible,recoil_energy_GeV,25.0,25.189393939393938,1,2023276.9929,results/backgrounds/fccee_z_backgrounds/cluster_4796877/job1_invisible_gamma_nunu/invisible_gamma_nunu_delphes.root
invisible,recoil_energy_GeV,25.189393939393938,25.37878787878788,0,0.0,results/backgrounds/fccee_z_backgrounds/cluster_4796877/job1_invisible_gamma_nunu/invisible_gamma_nunu_delphes.root
invisible,recoil_energy_GeV,25.37878787878788,25.568181818181817,0,0.0,results/backgrounds/fccee_z_backgrounds/cluster_4796877/job1_invisible_gamma_nunu/invisible_gamma_nunu_delphes.root
invisible,recoil_energy_GeV,25.568181818181817,25.757575757575758,0,0.0,results/backgrounds/fccee_z_backgrounds/cluster_4796877/job1_invisible_gamma_nunu/invisible_gamma_nunu_delphes.root
invisible,recoil_energy_GeV,25.757575757575758,25.946969696969695,0,0.0,results/backgrounds/fccee_z_backgrounds/cluster_4796877/job1_invisible_gamma_nunu/invisible_gamma_nunu_delphes.root
invisible,recoil_energy_GeV,25.946969696969695,26.136363636363637,0,0.0,results/backgrounds/fccee_z_backgrounds/cluster_4796877/job1_invisible_gamma_nunu/invisible_gamma_nunu_delphes.root
invisible,recoil_energy_GeV,26.136363636363637,26.325757575757574,0,0.0,results/backgrounds/fccee_z_backgrounds/cluster_4796877/job1_invisible_gamma_nunu/invisible_gamma_nunu_delphes.root
invisible,recoil_energy_GeV,26.325757575757574,26.515151515151516,0,0.0,results/backgrounds/fccee_z_backgrounds/cluster_4796877/job1_invisible_gamma_nunu/invisible_gamma_nunu_delphes.root
invisible,recoil_energy_GeV,26.515151515151516,26.704545454545453,1,2023276.9929,results/backgrounds/fccee_z_backgrounds/cluster_4796877/job1_invisible_gamma_nunu/invisible_gamma_nunu_delphes.root
invisible,recoil_energy_GeV,26.704545454545453,26.893939393939394,0,0.0,results/backgrounds/fccee_z_backgrounds/cluster_4796877/job1_invisible_gamma_nunu/invisible_gamma_nunu_delphes.root
invisible,recoil_energy_GeV,26.893939393939394,27.083333333333332,0,0.0,results/backgrounds/fccee_z_backgrounds/cluster_4796877/job1_invisible_gamma_nunu/invisible_gamma_nunu_delphes.root
invisible,recoil_energy_GeV,27.083333333333332,27.272727272727273,0,0.0,results/backgrounds/fccee_z_backgrounds/cluster_4796877/job1_invisible_gamma_nunu/invisible_gamma_nunu_delphes.root
invisible,recoil_energy_GeV,27.272727272727273,27.46212121212121,0,0.0,results/backgrounds/fccee_z_backgrounds/cluster_4796877/job1_invisible_gamma_nunu/invisible_gamma_nunu_delphes.root
invisible,recoil_energy_GeV,27.46212121212121,27.651515151515152,1,2023276.9929,results/backgrounds/fccee_z_backgrounds/cluster_4796877/job1_invisible_gamma_nunu/invisible_gamma_nunu_delphes.root
invisible,recoil_energy_GeV,27.651515151515152,27.84090909090909,0,0.0,results/backgrounds/fccee_z_backgrounds/cluster_4796877/job1_invisible_gamma_nunu/invisible_gamma_nunu_delphes.root
invisible,recoil_energy_GeV,27.84090909090909,28.03030303030303,0,0.0,results/backgrounds/fccee_z_backgrounds/cluster_4796877/job1_invisible_gamma_nunu/invisible_gamma_nunu_delphes.root
invisible,recoil_energy_GeV,28.03030303030303,28.21969696969697,0,0.0,results/backgrounds/fccee_z_backgrounds/cluster_4796877/job1_invisible_gamma_nunu/invisible_gamma_nunu_delphes.root
invisible,recoil_energy_GeV,28.21969696969697,28.40909090909091,0,0.0,results/backgrounds/fccee_z_backgrounds/cluster_4796877/job1_invisible_gamma_nunu/invisible_gamma_nunu_delphes.root
invisible,recoil_energy_GeV,28.40909090909091,28.598484848484848,0,0.0,results/backgrounds/fccee_z_backgrounds/cluster_4796877/job1_invisible_gamma_nunu/invisible_gamma_nunu_delphes.root
invisible,recoil_energy_GeV,28.598484848484848,28.78787878787879,0,0.0,results/backgrounds/fccee_z_backgrounds/cluster_4796877/job1_invisible_gamma_nunu/invisible_gamma_nunu_delphes.root
invisible,recoil_energy_GeV,28.78787878787879,28.977272727272727,0,0.0,results/backgrounds/fccee_z_backgrounds/cluster_4796877/job1_invisible_gamma_nunu/invisible_gamma_nunu_delphes.root
invisible,recoil_energy_GeV,28.977272727272727,29.166666666666668,0,0.0,results/backgrounds/fccee_z_backgrounds/cluster_4796877/job1_invisible_gamma_nunu/invisible_gamma_nunu_delphes.root
invisible,recoil_energy_GeV,29.166666666666668,29.356060606060606,0,0.0,results/backgrounds/fccee_z_backgrounds/cluster_4796877/job1_invisible_gamma_nunu/invisible_gamma_nunu_delphes.root
invisible,recoil_energy_GeV,29.356060606060606,29.545454545454547,0,0.0,results/backgrounds/fccee_z_backgrounds/cluster_4796877/job1_invisible_gamma_nunu/invisible_gamma_nunu_delphes.root
invisible,recoil_energy_GeV,29.545454545454547,29.734848484848484,0,0.0,results/backgrounds/fccee_z_backgrounds/cluster_4796877/job1_invisible_gamma_nunu/invisible_gamma_nunu_delphes.root
invisible,recoil_energy_GeV,29.734848484848484,29.924242424242426,0,0.0,results/backgrounds/fccee_z_backgrounds/cluster_4796877/job1_invisible_gamma_nunu/invisible_gamma_nunu_delphes.root
invisible,recoil_energy_GeV,29.924242424242426,30.113636363636363,0,0.0,results/backgrounds/fccee_z_backgrounds/cluster_4796877/job1_invisible_gamma_nunu/invisible_gamma_nunu_delphes.root
invisible,recoil_energy_GeV,30.113636363636363,30.303030303030305,0,0.0,results/backgrounds/fccee_z_backgrounds/cluster_4796877/job1_invisible_gamma_nunu/invisible_gamma_nunu_delphes.root
invisible,recoil_energy_GeV,30.303030303030305,30.492424242424242,0,0.0,results/backgrounds/fccee_z_backgrounds/cluster_4796877/job1_invisible_gamma_nunu/invisible_gamma_nunu_delphes.root
invisible,recoil_energy_GeV,30.492424242424242,30.68181818181818,0,0.0,results/backgrounds/fccee_z_backgrounds/cluster_4796877/job1_invisible_gamma_nunu/invisible_gamma_nunu_delphes.root
invisible,recoil_energy_GeV,30.68181818181818,30.87121212121212,0,0.0,results/backgrounds/fccee_z_backgrounds/cluster_4796877/job1_invisible_gamma_nunu/invisible_gamma_nunu_delphes.root
invisible,recoil_energy_GeV,30.87121212121212,31.06060606060606,0,0.0,results/backgrounds/fccee_z_backgrounds/cluster_4796877/job1_invisible_gamma_nunu/invisible_gamma_nunu_delphes.root
invisible,recoil_energy_GeV,31.06060606060606,31.25,0,0.0,results/backgrounds/fccee_z_backgrounds/cluster_4796877/job1_invisible_gamma_nunu/invisible_gamma_nunu_delphes.root
invisible,recoil_energy_GeV,31.25,31.439393939393938,0,0.0,results/backgrounds/fccee_z_backgrounds/cluster_4796877/job1_invisible_gamma_nunu/invisible_gamma_nunu_delphes.root
invisible,recoil_energy_GeV,31.439393939393938,31.62878787878788,0,0.0,results/backgrounds/fccee_z_backgrounds/cluster_4796877/job1_invisible_gamma_nunu/invisible_gamma_nunu_delphes.root
invisible,recoil_energy_GeV,31.62878787878788,31.818181818181817,0,0.0,results/backgrounds/fccee_z_backgrounds/cluster_4796877/job1_invisible_gamma_nunu/invisible_gamma_nunu_delphes.root
invisible,recoil_energy_GeV,31.818181818181817,32.00757575757576,0,0.0,results/backgrounds/fccee_z_backgrounds/cluster_4796877/job1_invisible_gamma_nunu/invisible_gamma_nunu_delphes.root
invisible,recoil_energy_GeV,32.00757575757576,32.196969696969695,0,0.0,results/backgrounds/fccee_z_backgrounds/cluster_4796877/job1_invisible_gamma_nunu/invisible_gamma_nunu_delphes.root
invisible,recoil_energy_GeV,32.196969696969695,32.38636363636363,0,0.0,results/backgrounds/fccee_z_backgrounds/cluster_4796877/job1_invisible_gamma_nunu/invisible_gamma_nunu_delphes.root
invisible,recoil_energy_GeV,32.38636363636363,32.57575757575758,0,0.0,results/backgrounds/fccee_z_backgrounds/cluster_4796877/job1_invisible_gamma_nunu/invisible_gamma_nunu_delphes.root
invisible,recoil_energy_GeV,32.57575757575758,32.765151515151516,0,0.0,results/backgrounds/fccee_z_backgrounds/cluster_4796877/job1_invisible_gamma_nunu/invisible_gamma_nunu_delphes.root
invisible,recoil_energy_GeV,32.765151515151516,32.95454545454545,0,0.0,results/backgrounds/fccee_z_backgrounds/cluster_4796877/job1_invisible_gamma_nunu/invisible_gamma_nunu_delphes.root
invisible,recoil_energy_GeV,32.95454545454545,33.14393939393939,0,0.0,results/backgrounds/fccee_z_backgrounds/cluster_4796877/job1_invisible_gamma_nunu/invisible_gamma_nunu_delphes.root
invisible,recoil_energy_GeV,33.14393939393939,33.333333333333336,0,0.0,results/backgrounds/fccee_z_backgrounds/cluster_4796877/job1_invisible_gamma_nunu/invisible_gamma_nunu_delphes.root
invisible,recoil_energy_GeV,33.333333333333336,33.52272727272727,0,0.0,results/backgrounds/fccee_z_backgrounds/cluster_4796877/job1_invisible_gamma_nunu/invisible_gamma_nunu_delphes.root
invisible,recoil_energy_GeV,33.52272727272727,33.71212121212121,0,0.0,results/backgrounds/fccee_z_backgrounds/cluster_4796877/job1_invisible_gamma_nunu/invisible_gamma_nunu_delphes.root
invisible,recoil_energy_GeV,33.71212121212121,33.90151515151515,0,0.0,results/backgrounds/fccee_z_backgrounds/cluster_4796877/job1_invisible_gamma_nunu/invisible_gamma_nunu_delphes.root
invisible,recoil_energy_GeV,33.90151515151515,34.09090909090909,0,0.0,results/backgrounds/fccee_z_backgrounds/cluster_4796877/job1_invisible_gamma_nunu/invisible_gamma_nunu_delphes.root
invisible,recoil_energy_GeV,34.09090909090909,34.28030303030303,0,0.0,results/backgrounds/fccee_z_backgrounds/cluster_4796877/job1_invisible_gamma_nunu/invisible_gamma_nunu_delphes.root
invisible,recoil_energy_GeV,34.28030303030303,34.46969696969697,0,0.0,results/backgrounds/fccee_z_backgrounds/cluster_4796877/job1_invisible_gamma_nunu/invisible_gamma_nunu_delphes.root
invisible,recoil_energy_GeV,34.46969696969697,34.65909090909091,0,0.0,results/backgrounds/fccee_z_backgrounds/cluster_4796877/job1_invisible_gamma_nunu/invisible_gamma_nunu_delphes.root
invisible,recoil_energy_GeV,34.65909090909091,34.84848484848485,1,2023276.9929,results/backgrounds/fccee_z_backgrounds/cluster_4796877/job1_invisible_gamma_nunu/invisible_gamma_nunu_delphes.root
invisible,recoil_energy_GeV,34.84848484848485,35.03787878787879,0,0.0,results/backgrounds/fccee_z_backgrounds/cluster_4796877/job1_invisible_gamma_nunu/invisible_gamma_nunu_delphes.root
invisible,recoil_energy_GeV,35.03787878787879,35.22727272727273,0,0.0,results/backgrounds/fccee_z_backgrounds/cluster_4796877/job1_invisible_gamma_nunu/invisible_gamma_nunu_delphes.root
invisible,recoil_energy_GeV,35.22727272727273,35.416666666666664,0,0.0,results/backgrounds/fccee_z_backgrounds/cluster_4796877/job1_invisible_gamma_nunu/invisible_gamma_nunu_delphes.root
invisible,recoil_energy_GeV,35.416666666666664,35.60606060606061,0,0.0,results/backgrounds/fccee_z_backgrounds/cluster_4796877/job1_invisible_gamma_nunu/invisible_gamma_nunu_delphes.root
invisible,recoil_energy_GeV,35.60606060606061,35.79545454545455,0,0.0,results/backgrounds/fccee_z_backgrounds/cluster_4796877/job1_invisible_gamma_nunu/invisible_gamma_nunu_delphes.root
invisible,recoil_energy_GeV,35.79545454545455,35.984848484848484,0,0.0,results/backgrounds/fccee_z_backgrounds/cluster_4796877/job1_invisible_gamma_nunu/invisible_gamma_nunu_delphes.root
invisible,recoil_energy_GeV,35.984848484848484,36.17424242424242,0,0.0,results/backgrounds/fccee_z_backgrounds/cluster_4796877/job1_invisible_gamma_nunu/invisible_gamma_nunu_delphes.root
invisible,recoil_energy_GeV,36.17424242424242,36.36363636363636,0,0.0,results/backgrounds/fccee_z_backgrounds/cluster_4796877/job1_invisible_gamma_nunu/invisible_gamma_nunu_delphes.root
invisible,recoil_energy_GeV,36.36363636363636,36.553030303030305,0,0.0,results/backgrounds/fccee_z_backgrounds/cluster_4796877/job1_invisible_gamma_nunu/invisible_gamma_nunu_delphes.root
invisible,recoil_energy_GeV,36.553030303030305,36.74242424242424,0,0.0,results/backgrounds/fccee_z_backgrounds/cluster_4796877/job1_invisible_gamma_nunu/invisible_gamma_nunu_delphes.root
invisible,recoil_energy_GeV,36.74242424242424,36.93181818181818,0,0.0,results/backgrounds/fccee_z_backgrounds/cluster_4796877/job1_invisible_gamma_nunu/invisible_gamma_nunu_delphes.root
invisible,recoil_energy_GeV,36.93181818181818,37.12121212121212,0,0.0,results/backgrounds/fccee_z_backgrounds/cluster_4796877/job1_invisible_gamma_nunu/invisible_gamma_nunu_delphes.root
invisible,recoil_energy_GeV,37.12121212121212,37.31060606060606,0,0.0,results/backgrounds/fccee_z_backgrounds/cluster_4796877/job1_invisible_gamma_nunu/invisible_gamma_nunu_delphes.root
invisible,recoil_energy_GeV,37.31060606060606,37.5,0,0.0,results/backgrounds/fccee_z_backgrounds/cluster_4796877/job1_invisible_gamma_nunu/invisible_gamma_nunu_delphes.root
invisible,recoil_energy_GeV,37.5,37.68939393939394,0,0.0,results/backgrounds/fccee_z_backgrounds/cluster_4796877/job1_invisible_gamma_nunu/invisible_gamma_nunu_delphes.root
invisible,recoil_energy_GeV,37.68939393939394,37.878787878787875,0,0.0,results/backgrounds/fccee_z_backgrounds/cluster_4796877/job1_invisible_gamma_nunu/invisible_gamma_nunu_delphes.root
invisible,recoil_energy_GeV,37.878787878787875,38.06818181818182,0,0.0,results/backgrounds/fccee_z_backgrounds/cluster_4796877/job1_invisible_gamma_nunu/invisible_gamma_nunu_delphes.root
invisible,recoil_energy_GeV,38.06818181818182,38.25757575757576,0,0.0,results/backgrounds/fccee_z_backgrounds/cluster_4796877/job1_invisible_gamma_nunu/invisible_gamma_nunu_delphes.root
invisible,recoil_energy_GeV,38.25757575757576,38.446969696969695,0,0.0,results/backgrounds/fccee_z_backgrounds/cluster_4796877/job1_invisible_gamma_nunu/invisible_gamma_nunu_delphes.root
invisible,recoil_energy_GeV,38.446969696969695,38.63636363636363,0,0.0,results/backgrounds/fccee_z_backgrounds/cluster_4796877/job1_invisible_gamma_nunu/invisible_gamma_nunu_delphes.root
invisible,recoil_energy_GeV,38.63636363636363,38.82575757575758,0,0.0,results/backgrounds/fccee_z_backgrounds/cluster_4796877/job1_invisible_gamma_nunu/invisible_gamma_nunu_delphes.root
invisible,recoil_energy_GeV,38.82575757575758,39.015151515151516,0,0.0,results/backgrounds/fccee_z_backgrounds/cluster_4796877/job1_invisible_gamma_nunu/invisible_gamma_nunu_delphes.root
invisible,recoil_energy_GeV,39.015151515151516,39.20454545454545,0,0.0,results/backgrounds/fccee_z_backgrounds/cluster_4796877/job1_invisible_gamma_nunu/invisible_gamma_nunu_delphes.root
invisible,recoil_energy_GeV,39.20454545454545,39.39393939393939,0,0.0,results/backgrounds/fccee_z_backgrounds/cluster_4796877/job1_invisible_gamma_nunu/invisible_gamma_nunu_delphes.root
invisible,recoil_energy_GeV,39.39393939393939,39.583333333333336,0,0.0,results/backgrounds/fccee_z_backgrounds/cluster_4796877/job1_invisible_gamma_nunu/invisible_gamma_nunu_delphes.root
invisible,recoil_energy_GeV,39.583333333333336,39.77272727272727,0,0.0,results/backgrounds/fccee_z_backgrounds/cluster_4796877/job1_invisible_gamma_nunu/invisible_gamma_nunu_delphes.root
invisible,recoil_energy_GeV,39.77272727272727,39.96212121212121,0,0.0,results/backgrounds/fccee_z_backgrounds/cluster_4796877/job1_invisible_gamma_nunu/invisible_gamma_nunu_delphes.root
invisible,recoil_energy_GeV,39.96212121212121,40.15151515151515,0,0.0,results/backgrounds/fccee_z_backgrounds/cluster_4796877/job1_invisible_gamma_nunu/invisible_gamma_nunu_delphes.root
invisible,recoil_energy_GeV,40.15151515151515,40.34090909090909,0,0.0,results/backgrounds/fccee_z_backgrounds/cluster_4796877/job1_invisible_gamma_nunu/invisible_gamma_nunu_delphes.root
invisible,recoil_energy_GeV,40.34090909090909,40.53030303030303,0,0.0,results/backgrounds/fccee_z_backgrounds/cluster_4796877/job1_invisible_gamma_nunu/invisible_gamma_nunu_delphes.root
invisible,recoil_energy_GeV,40.53030303030303,40.71969696969697,0,0.0,results/backgrounds/fccee_z_backgrounds/cluster_4796877/job1_invisible_gamma_nunu/invisible_gamma_nunu_delphes.root
invisible,recoil_energy_GeV,40.71969696969697,40.90909090909091,0,0.0,results/backgrounds/fccee_z_backgrounds/cluster_4796877/job1_invisible_gamma_nunu/invisible_gamma_nunu_delphes.root
invisible,recoil_energy_GeV,40.90909090909091,41.09848484848485,0,0.0,results/backgrounds/fccee_z_backgrounds/cluster_4796877/job1_invisible_gamma_nunu/invisible_gamma_nunu_delphes.root
invisible,recoil_energy_GeV,41.09848484848485,41.28787878787879,0,0.0,results/backgrounds/fccee_z_backgrounds/cluster_4796877/job1_invisible_gamma_nunu/invisible_gamma_nunu_delphes.root
invisible,recoil_energy_GeV,41.28787878787879,41.47727272727273,0,0.0,results/backgrounds/fccee_z_backgrounds/cluster_4796877/job1_invisible_gamma_nunu/invisible_gamma_nunu_delphes.root
invisible,recoil_energy_GeV,41.47727272727273,41.666666666666664,0,0.0,results/backgrounds/fccee_z_backgrounds/cluster_4796877/job1_invisible_gamma_nunu/invisible_gamma_nunu_delphes.root
invisible,recoil_energy_GeV,41.666666666666664,41.85606060606061,0,0.0,results/backgrounds/fccee_z_backgrounds/cluster_4796877/job1_invisible_gamma_nunu/invisible_gamma_nunu_delphes.root
invisible,recoil_energy_GeV,41.85606060606061,42.04545454545455,0,0.0,results/backgrounds/fccee_z_backgrounds/cluster_4796877/job1_invisible_gamma_nunu/invisible_gamma_nunu_delphes.root
invisible,recoil_energy_GeV,42.04545454545455,42.234848484848484,0,0.0,results/backgrounds/fccee_z_backgrounds/cluster_4796877/job1_invisible_gamma_nunu/invisible_gamma_nunu_delphes.root
invisible,recoil_energy_GeV,42.234848484848484,42.42424242424242,0,0.0,results/backgrounds/fccee_z_backgrounds/cluster_4796877/job1_invisible_gamma_nunu/invisible_gamma_nunu_delphes.root
invisible,recoil_energy_GeV,42.42424242424242,42.61363636363636,0,0.0,results/backgrounds/fccee_z_backgrounds/cluster_4796877/job1_invisible_gamma_nunu/invisible_gamma_nunu_delphes.root
invisible,recoil_energy_GeV,42.61363636363636,42.803030303030305,0,0.0,results/backgrounds/fccee_z_backgrounds/cluster_4796877/job1_invisible_gamma_nunu/invisible_gamma_nunu_delphes.root
invisible,recoil_energy_GeV,42.803030303030305,42.99242424242424,0,0.0,results/backgrounds/fccee_z_backgrounds/cluster_4796877/job1_invisible_gamma_nunu/invisible_gamma_nunu_delphes.root
invisible,recoil_energy_GeV,42.99242424242424,43.18181818181818,0,0.0,results/backgrounds/fccee_z_backgrounds/cluster_4796877/job1_invisible_gamma_nunu/invisible_gamma_nunu_delphes.root
invisible,recoil_energy_GeV,43.18181818181818,43.37121212121212,0,0.0,results/backgrounds/fccee_z_backgrounds/cluster_4796877/job1_invisible_gamma_nunu/invisible_gamma_nunu_delphes.root
invisible,recoil_energy_GeV,43.37121212121212,43.56060606060606,0,0.0,results/backgrounds/fccee_z_backgrounds/cluster_4796877/job1_invisible_gamma_nunu/invisible_gamma_nunu_delphes.root
invisible,recoil_energy_GeV,43.56060606060606,43.75,0,0.0,results/backgrounds/fccee_z_backgrounds/cluster_4796877/job1_invisible_gamma_nunu/invisible_gamma_nunu_delphes.root
invisible,recoil_energy_GeV,43.75,43.93939393939394,0,0.0,results/backgrounds/fccee_z_backgrounds/cluster_4796877/job1_invisible_gamma_nunu/invisible_gamma_nunu_delphes.root
invisible,recoil_energy_GeV,43.93939393939394,44.128787878787875,0,0.0,results/backgrounds/fccee_z_backgrounds/cluster_4796877/job1_invisible_gamma_nunu/invisible_gamma_nunu_delphes.root
invisible,recoil_energy_GeV,44.128787878787875,44.31818181818182,0,0.0,results/backgrounds/fccee_z_backgrounds/cluster_4796877/job1_invisible_gamma_nunu/invisible_gamma_nunu_delphes.root
invisible,recoil_energy_GeV,44.31818181818182,44.50757575757576,0,0.0,results/backgrounds/fccee_z_backgrounds/cluster_4796877/job1_invisible_gamma_nunu/invisible_gamma_nunu_delphes.root
invisible,recoil_energy_GeV,44.50757575757576,44.696969696969695,0,0.0,results/backgrounds/fccee_z_backgrounds/cluster_4796877/job1_invisible_gamma_nunu/invisible_gamma_nunu_delphes.root
invisible,recoil_energy_GeV,44.696969696969695,44.88636363636363,1,2023276.9929,results/backgrounds/fccee_z_backgrounds/cluster_4796877/job1_invisible_gamma_nunu/invisible_gamma_nunu_delphes.root
invisible,recoil_energy_GeV,44.88636363636363,45.07575757575758,0,0.0,results/backgrounds/fccee_z_backgrounds/cluster_4796877/job1_invisible_gamma_nunu/invisible_gamma_nunu_delphes.root
invisible,recoil_energy_GeV,45.07575757575758,45.265151515151516,0,0.0,results/backgrounds/fccee_z_backgrounds/cluster_4796877/job1_invisible_gamma_nunu/invisible_gamma_nunu_delphes.root
invisible,recoil_energy_GeV,45.265151515151516,45.45454545454545,0,0.0,results/backgrounds/fccee_z_backgrounds/cluster_4796877/job1_invisible_gamma_nunu/invisible_gamma_nunu_delphes.root
invisible,recoil_energy_GeV,45.45454545454545,45.64393939393939,0,0.0,results/backgrounds/fccee_z_backgrounds/cluster_4796877/job1_invisible_gamma_nunu/invisible_gamma_nunu_delphes.root
invisible,recoil_energy_GeV,45.64393939393939,45.833333333333336,0,0.0,results/backgrounds/fccee_z_backgrounds/cluster_4796877/job1_invisible_gamma_nunu/invisible_gamma_nunu_delphes.root
invisible,recoil_energy_GeV,45.833333333333336,46.02272727272727,0,0.0,results/backgrounds/fccee_z_backgrounds/cluster_4796877/job1_invisible_gamma_nunu/invisible_gamma_nunu_delphes.root
invisible,recoil_energy_GeV,46.02272727272727,46.21212121212121,0,0.0,results/backgrounds/fccee_z_backgrounds/cluster_4796877/job1_invisible_gamma_nunu/invisible_gamma_nunu_delphes.root
invisible,recoil_energy_GeV,46.21212121212121,46.40151515151515,0,0.0,results/backgrounds/fccee_z_backgrounds/cluster_4796877/job1_invisible_gamma_nunu/invisible_gamma_nunu_delphes.root
invisible,recoil_energy_GeV,46.40151515151515,46.59090909090909,0,0.0,results/backgrounds/fccee_z_backgrounds/cluster_4796877/job1_invisible_gamma_nunu/invisible_gamma_nunu_delphes.root
invisible,recoil_energy_GeV,46.59090909090909,46.78030303030303,0,0.0,results/backgrounds/fccee_z_backgrounds/cluster_4796877/job1_invisible_gamma_nunu/invisible_gamma_nunu_delphes.root
invisible,recoil_energy_GeV,46.78030303030303,46.96969696969697,0,0.0,results/backgrounds/fccee_z_backgrounds/cluster_4796877/job1_invisible_gamma_nunu/invisible_gamma_nunu_delphes.root
invisible,recoil_energy_GeV,46.96969696969697,47.15909090909091,0,0.0,results/backgrounds/fccee_z_backgrounds/cluster_4796877/job1_invisible_gamma_nunu/invisible_gamma_nunu_delphes.root
invisible,recoil_energy_GeV,47.15909090909091,47.34848484848485,0,0.0,results/backgrounds/fccee_z_backgrounds/cluster_4796877/job1_invisible_gamma_nunu/invisible_gamma_nunu_delphes.root
invisible,recoil_energy_GeV,47.34848484848485,47.53787878787879,0,0.0,results/backgrounds/fccee_z_backgrounds/cluster_4796877/job1_invisible_gamma_nunu/invisible_gamma_nunu_delphes.root
invisible,recoil_energy_GeV,47.53787878787879,47.72727272727273,0,0.0,results/backgrounds/fccee_z_backgrounds/cluster_4796877/job1_invisible_gamma_nunu/invisible_gamma_nunu_delphes.root
invisible,recoil_energy_GeV,47.72727272727273,47.916666666666664,0,0.0,results/backgrounds/fccee_z_backgrounds/cluster_4796877/job1_invisible_gamma_nunu/invisible_gamma_nunu_delphes.root
invisible,recoil_energy_GeV,47.916666666666664,48.10606060606061,0,0.0,results/backgrounds/fccee_z_backgrounds/cluster_4796877/job1_invisible_gamma_nunu/invisible_gamma_nunu_delphes.root
invisible,recoil_energy_GeV,48.10606060606061,48.29545454545455,0,0.0,results/backgrounds/fccee_z_backgrounds/cluster_4796877/job1_invisible_gamma_nunu/invisible_gamma_nunu_delphes.root
invisible,recoil_energy_GeV,48.29545454545455,48.484848484848484,0,0.0,results/backgrounds/fccee_z_backgrounds/cluster_4796877/job1_invisible_gamma_nunu/invisible_gamma_nunu_delphes.root
invisible,recoil_energy_GeV,48.484848484848484,48.67424242424242,0,0.0,results/backgrounds/fccee_z_backgrounds/cluster_4796877/job1_invisible_gamma_nunu/invisible_gamma_nunu_delphes.root
invisible,recoil_energy_GeV,48.67424242424242,48.86363636363636,0,0.0,results/backgrounds/fccee_z_backgrounds/cluster_4796877/job1_invisible_gamma_nunu/invisible_gamma_nunu_delphes.root
invisible,recoil_energy_GeV,48.86363636363636,49.053030303030305,0,0.0,results/backgrounds/fccee_z_backgrounds/cluster_4796877/job1_invisible_gamma_nunu/invisible_gamma_nunu_delphes.root
invisible,recoil_energy_GeV,49.053030303030305,49.24242424242424,0,0.0,results/backgrounds/fccee_z_backgrounds/cluster_4796877/job1_invisible_gamma_nunu/invisible_gamma_nunu_delphes.root
invisible,recoil_energy_GeV,49.24242424242424,49.43181818181818,0,0.0,results/backgrounds/fccee_z_backgrounds/cluster_4796877/job1_invisible_gamma_nunu/invisible_gamma_nunu_delphes.root
invisible,recoil_energy_GeV,49.43181818181818,49.62121212121212,0,0.0,results/backgrounds/fccee_z_backgrounds/cluster_4796877/job1_invisible_gamma_nunu/invisible_gamma_nunu_delphes.root
invisible,recoil_energy_GeV,49.62121212121212,49.81060606060606,0,0.0,results/backgrounds/fccee_z_backgrounds/cluster_4796877/job1_invisible_gamma_nunu/invisible_gamma_nunu_delphes.root
invisible,recoil_energy_GeV,49.81060606060606,50.0,0,0.0,results/backgrounds/fccee_z_backgrounds/cluster_4796877/job1_invisible_gamma_nunu/invisible_gamma_nunu_delphes.root
