channel,m_a_GeV,bkg_events,bkg_selected_events,n_generated,sigma_pb,luminosity_ab_inv,source_root
resolved_prompt,0.01,109594.5,1,10000,7.3063,150.0,results/backgrounds/fccee_z_backgrounds/cluster_4796877/job0_resolved_3gamma/resolved_3gamma_delphes.root
resolved_prompt,0.010514895768547274,109594.5,1,10000,7.3063,150.0,results/backgrounds/fccee_z_backgrounds/cluster_4796877/job0_resolved_3gamma/resolved_3gamma_delphes.root
resolved_prompt,0.011056303302341332,109594.5,1,10000,7.3063,150.0,results/backgrounds/fccee_z_backgrounds/cluster_4796877/job0_resolved_3gamma/resolved_3gamma_delphes.root
resolved_prompt,0.011625587680956413,109594.5,1,10000,7.3063,150.0,results/backgrounds/fccee_z_backgrounds/cluster_4796877/job0_resolved_3gamma/resolved_3gamma_delphes.root
resolved_prompt,0.012224184271336385,109594.5,1,10000,7.3063,150.0,results/backgrounds/fccee_z_backgrounds/cluster_4796877/job0_resolved_3gamma/resolved_3gamma_delphes.root
resolved_prompt,0.01285360234686171,109594.5,1,10000,7.3063,150.0,results/backgrounds/fccee_z_backgrounds/cluster_4796877/job0_resolved_3gamma/resolved_3gamma_delphes.root
resolved_prompt,0.013515428892760552,109594.5,1,10000,7.3063,150.0,results/backgrounds/fccee_z_backgrounds/cluster_4796877/job0_resolved_3gamma/resolved_3gamma_delphes.root
resolved_prompt,0.014211332607458943,109594.5,1,10000,7.3063,150.0,results/backgrounds/fccee_z_backgrounds/cluster_4796877/job0_resolved_3gamma/resolved_3gamma_delphes.root
resolved_prompt,0.014943068109958794,109594.5,1,10000,7.3063,150.0,results/backgrounds/fccee_z_backgrounds/cluster_4796877/job0_resolved_3gamma/resolved_3gamma_delphes.root
resolved_prompt,0.015712480363851946,109594.5,1,10000,7.3063,150.0,results/backgrounds/fccee_z_backgrounds/cluster_4796877/job0_resolved_3gamma/resolved_3gamma_delphes.root
resolved_prompt,0.016521509329124887,109594.5,1,10000,7.3063,150.0,results/backgrounds/fccee_z_backgrounds/cluster_4796877/job0_resolved_3gamma/resolved_3gamma_delphes.root
resolved_prompt,0.01737219485348296,109594.5,1,10000,7.3063,150.0,results/backgrounds/fccee_z_backgrounds/cluster_4796877/job0_resolved_3gamma/resolved_3gamma_delphes.root
resolved_prompt,0.01826668181552667,109594.5,1,10000,7.3063,150.0,results/backgrounds/fccee_z_backgrounds/cluster_4796877/job0_resolved_3gamma/resolved_3gamma_delphes.root
resolved_prompt,0.019207225532748076,109594.5,1,10000,7.3063,150.0,results/backgrounds/fccee_z_backgrounds/cluster_4796877/job0_resolved_3gamma/resolved_3gamma_delphes.root
resolved_prompt,0.02019619744798259,109594.5,1,10000,7.3063,150.0,results/backgrounds/fccee_z_backgrounds/cluster_4796877/job0_resolved_3gamma/resolved_3gamma_delphes.root
resolved_prompt,0.02123609110865373,109594.5,1,10000,7.3063,150.0,results/backgrounds/fccee_z_backgrounds/cluster_4796877/job0_resolved_3gamma/resolved_3gamma_delphes.root
resolved_prompt,0.02232952845388675,109594.5,1,10000,7.3063,150.0,results/backgrounds/fccee_z_backgrounds/cluster_4796877/job0_resolved_3gamma/resolved_3gamma_delphes.root
resolved_prompt,0.023479266425342975,109594.5,1,10000,7.3063,150.0,results/backgrounds/fccee_z_backgrounds/cluster_4796877/job0_resolved_3gamma/resolved_3gamma_delphes.root
resolved_prompt,0.024688203918443282,109594.5,1,10000,7.3063,150.0,results/backgrounds/fccee_z_backgrounds/cluster_4796877/job0_resolved_3gamma/resolved_3gamma_delphes.root
resolved_prompt,0.025959389091507152,109594.5,1,10000,7.3063,150.0,results/backgrounds/fccee_z_backgrounds/cluster_4796877/job0_resolved_3gamma/resolved_3gamma_delphes.root
resolved_prompt,0.027296027051236068,109594.5,1,10000,7.3063,150.0,results/backgrounds/fccee_z_backgrounds/cluster_4796877/job0_resolved_3gamma/resolved_3gamma_delphes.root
resolved_prompt,0.02870148793391941,109594.5,1,10000,7.3063,150.0,results/backgrounds/fccee_z_backgrounds/cluster_4796877/job0_resolved_3gamma/resolved_3gamma_delphes.root
resolved_prompt,0.030179315402737984,109594.5,1,10000,7.3063,150.0,results/backgrounds/fccee_z_backgrounds/cluster_4796877/job0_resolved_3gamma/resolved_3gamma_delphes.root
resolved_prompt,0.03173323558259032,109594.5,1,10000,7.3063,150.0,results/backgrounds/fccee_z_backgrounds/cluster_4796877/job0_resolved_3gamma/resolved_3gamma_delphes.root
resolved_prompt,0.03336716645496926,109594.5,1,10000,7.3063,150.0,results/backgrounds/fccee_z_backgrounds/cluster_4796877/job0_resolved_3gamma/resolved_3gamma_delphes.root
resolved_prompt,0.035085227736576866,109594.5,1,10000,7.3063,150.0,results/backgrounds/fccee_z_backgrounds/cluster_4796877/job0_resolved_3gamma/resolved_3gamma_delphes.root
resolved_prompt,0.036891751266584956,109594.5,1,10000,7.3063,150.0,results/backgrounds/fccee_z_backgrounds/cluster_4796877/job0_resolved_3gamma/resolved_3gamma_delphes.root
resolved_prompt,0.03879129192873127,109594.5,1,10000,7.3063,150.0,results/backgrounds/fccee_z_backgrounds/cluster_4796877/job0_resolved_3gamma/resolved_3gamma_delphes.root
resolved_prompt,0.040788639135789846,109594.5,1,10000,7.3063,150.0,results/backgrounds/fccee_z_backgrounds/cluster_4796877/job0_resolved_3gamma/resolved_3gamma_delphes.root
resolved_prompt,0.04288882890537182,109594.5,1,10000,7.3063,150.0,results/backgrounds/fccee_z_backgrounds/cluster_4796877/job0_resolved_3gamma/resolved_3gamma_delphes.root
resolved_prompt,0.04509715655750422,109594.5,1,10000,7.3063,150.0,results/backgrounds/fccee_z_backgrounds/cluster_4796877/job0_resolved_3gamma/resolved_3gamma_delphes.root
resolved_prompt,0.04741919006600149,109594.5,1,10000,7.3063,150.0,results/backgrounds/fccee_z_backgrounds/cluster_4796877/job0_resolved_3gamma/resolved_3gamma_delphes.root
resolved_prompt,0.049860784097293796,109594.5,1,10000,7.3063,150.0,results/backgrounds/fccee_z_backgrounds/cluster_4796877/job0_resolved_3gamma/resolved_3gamma_delphes.root
resolved_prompt,0.05242809477210838,109594.5,1,10000,7.3063,150.0,results/backgrounds/fccee_z_backgrounds/cluster_4796877/job0_resolved_3gamma/resolved_3gamma_delphes.root
resolved_prompt,0.05512759518722376,109594.5,1,10000,7.3063,150.0,results/backgrounds/fccee_z_backgrounds/cluster_4796877/job0_resolved_3gamma/resolved_3gamma_delphes.root
resolved_prompt,0.05796609173643262,109594.5,1,10000,7.3063,150.0,results/backgrounds/fccee_z_backgrounds/cluster_4796877/job0_resolved_3gamma/resolved_3gamma_delphes.root
resolved_prompt,0.06095074127186382,109594.5,1,10000,7.3063,150.0,results/backgrounds/fccee_z_backgrounds/cluster_4796877/job0_resolved_3gamma/resolved_3gamma_delphes.root
resolved_prompt,0.06408906914893406,109594.5,1,10000,7.3063,150.0,results/backgrounds/fccee_z_backgrounds/cluster_4796877/job0_resolved_3gamma/resolved_3gamma_delphes.root
resolved_prompt,0.06738898820042605,109594.5,1,10000,7.3063,150.0,results/backgrounds/fccee_z_backgrounds/cluster_4796877/job0_resolved_3gamma/resolved_3gamma_delphes.root
resolved_prompt,0.0708588186875342,109594.5,1,10000,7.3063,150.0,results/backgrounds/fccee_z_backgrounds/cluster_4796877/job0_resolved_3gamma/resolved_3gamma_delphes.root
resolved_prompt,0.07450730927818115,109594.5,1,10000,7.3063,150.0,results/backgrounds/fccee_z_backgrounds/cluster_4796877/job0_resolved_3gamma/resolved_3gamma_delphes.root
resolved_prompt,0.07834365910549897,109594.5,1,10000,7.3063,150.0,results/backgrounds/fccee_z_backgrounds/cluster_4796877/job0_resolved_3gamma/resolved_3gamma_delphes.root
resolved_prompt,0.08237754096209213,109594.5,1,10000,7.3063,150.0,results/backgrounds/fccee_z_backgrounds/cluster_4796877/job0_resolved_3gamma/resolved_3gamma_delphes.root
resolved_prompt,0.08661912568856324,109594.5,1,10000,7.3063,150.0,results/backgrounds/fccee_z_backgrounds/cluster_4796877/job0_resolved_3gamma/resolved_3gamma_delphes.root
resolved_prompt,0.09107910781779381,109594.5,1,10000,7.3063,150.0,results/backgrounds/fccee_z_backgrounds/cluster_4796877/job0_resolved_3gamma/resolved_3gamma_delphes.root
resolved_prompt,0.09576873253963807,109594.5,1,10000,7.3063,150.0,results/backgrounds/fccee_z_backgrounds/cluster_4796877/job0_resolved_3gamma/resolved_3gamma_delphes.root
resolved_prompt,0.10069982405401759,219189.0,2,10000,7.3063,150.0,results/backgrounds/fccee_z_backgrounds/cluster_4796877/job0_resolved_3gamma/resolved_3gamma_delphes.root
resolved_prompt,0.10588481538390442,219189.0,2,10000,7.3063,150.0,results/backgrounds/fccee_z_backgrounds/cluster_4796877/job0_resolved_3gamma/resolved_3gamma_delphes.root
resolved_prompt,0.11133677972336259,109594.5,1,10000,7.3063,150.0,results/backgrounds/fccee_z_backgrounds/cluster_4796877/job0_resolved_3gamma/resolved_3gamma_delphes.root
resolved_prompt,0.11706946339968652,109594.5,1,10000,7.3063,150.0,results/backgrounds/fccee_z_backgrounds/cluster_4796877/job0_resolved_3gamma/resolved_3gamma_delphes.root
resolved_prompt,0.12309732053274633,109594.5,1,10000,7.3063,150.0,results/backgrounds/fccee_z_backgrounds/cluster_4796877/job0_resolved_3gamma/resolved_3gamma_delphes.root
resolved_prompt,0.12943554947892819,109594.5,1,10000,7.3063,150.0,results/backgrounds/fccee_z_backgrounds/cluster_4796877/job0_resolved_3gamma/resolved_3gamma_delphes.root
resolved_prompt,0.13610013115155728,109594.5,1,10000,7.3063,150.0,results/backgrounds/fccee_z_backgrounds/cluster_4796877/job0_resolved_3gamma/resolved_3gamma_delphes.root
resolved_prompt,0.14310786931442387,109594.5,1,10000,7.3063,150.0,results/backgrounds/fccee_z_backgrounds/cluster_4796877/job0_resolved_3gamma/resolved_3gamma_delphes.root
resolved_prompt,0.15047643295000518,109594.5,1,10000,7.3063,150.0,results/backgrounds/fccee_z_backgrounds/cluster_4796877/job0_resolved_3gamma/resolved_3gamma_delphes.root
resolved_prompt,0.15822440080920963,109594.5,1,10000,7.3063,150.0,results/backgrounds/fccee_z_backgrounds/cluster_4796877/job0_resolved_3gamma/resolved_3gamma_delphes.root
resolved_prompt,0.16637130825496863,109594.5,1,10000,7.3063,150.0,results/backgrounds/fccee_z_backgrounds/cluster_4796877/job0_resolved_3gamma/resolved_3gamma_delphes.root
resolved_prompt,0.1749376965177844,109594.5,1,10000,7.3063,150.0,results/backgrounds/fccee_z_backgrounds/cluster_4796877/job0_resolved_3gamma/resolved_3gamma_delphes.root
resolved_prompt,0.18394516448742576,219189.0,2,10000,7.3063,150.0,results/backgrounds/fccee_z_backgrounds/cluster_4796877/job0_resolved_3gamma/resolved_3gamma_delphes.root
resolved_prompt,0.19341642317135654,219189.0,2,10000,7.3063,150.0,results/backgrounds/fccee_z_backgrounds/cluster_4796877/job0_resolved_3gamma/resolved_3gamma_delphes.root
resolved_prompt,0.2033753529572046,109594.5,1,10000,7.3063,150.0,results/backgrounds/fccee_z_backgrounds/cluster_4796877/job0_resolved_3gamma/resolved_3gamma_delphes.root
resolved_prompt,0.2138470638236518,109594.5,1,10000,7.3063,150.0,results/backgrounds/fccee_z_backgrounds/cluster_4796877/job0_resolved_3gamma/resolved_3gamma_delphes.root
resolved_prompt,0.22485795865155753,109594.5,1,10000,7.3063,150.0,results/backgrounds/fccee_z_backgrounds/cluster_4796877/job0_resolved_3gamma/resolved_3gamma_delphes.root
resolved_prompt,0.2364357997949439,219189.0,2,10000,7.3063,150.0,results/backgrounds/fccee_z_backgrounds/cluster_4796877/job0_resolved_3gamma/resolved_3gamma_delphes.root
resolved_prompt,0.24860977907969461,219189.0,2,10000,7.3063,150.0,results/backgrounds/fccee_z_backgrounds/cluster_4796877/job0_resolved_3gamma/resolved_3gamma_delphes.root
resolved_prompt,0.2614105914064554,219189.0,2,10000,7.3063,150.0,results/backgrounds/fccee_z_backgrounds/cluster_4796877/job0_resolved_3gamma/resolved_3gamma_delphes.root
resolved_prompt,0.27487051214331765,219189.0,2,10000,7.3063,150.0,results/backgrounds/fccee_z_backgrounds/cluster_4796877/job0_resolved_3gamma/resolved_3gamma_delphes.root
resolved_prompt,0.2890234785034193,219189.0,2,10000,7.3063,150.0,results/backgrounds/fccee_z_backgrounds/cluster_4796877/job0_resolved_3gamma/resolved_3gamma_delphes.root
resolved_prompt,0.30390517511264165,219189.0,2,10000,7.3063,150.0,results/backgrounds/fccee_z_backgrounds/cluster_4796877/job0_resolved_3gamma/resolved_3gamma_delphes.root
resolved_prompt,0.3195531239831534,328783.5,3,10000,7.3063,150.0,results/backgrounds/fccee_z_backgrounds/cluster_4796877/job0_resolved_3gamma/resolved_3gamma_delphes.root
resolved_prompt,0.33600677911965227,219189.0,2,10000,7.3063,150.0,results/backgrounds/fccee_z_backgrounds/cluster_4796877/job0_resolved_3gamma/resolved_3gamma_delphes.root
resolved_prompt,0.35330762599684284,219189.0,2,10000,7.3063,150.0,results/backgrounds/fccee_z_backgrounds/cluster_4796877/job0_resolved_3gamma/resolved_3gamma_delphes.root
resolved_prompt,0.37149928615896854,328783.5,3,10000,7.3063,150.0,results/backgrounds/fccee_z_backgrounds/cluster_4796877/job0_resolved_3gamma/resolved_3gamma_delphes.root
resolved_prompt,0.39062762720512717,219189.0,2,10000,7.3063,150.0,results/backgrounds/fccee_z_backgrounds/cluster_4796877/job0_resolved_3gamma/resolved_3gamma_delphes.root
resolved_prompt,0.4107408784376852,328783.5,3,10000,7.3063,150.0,results/backgrounds/fccee_z_backgrounds/cluster_4796877/job0_resolved_3gamma/resolved_3gamma_delphes.root
resolved_prompt,0.43188975246538064,547972.5,5,10000,7.3063,150.0,results/backgrounds/fccee_z_backgrounds/cluster_4796877/job0_resolved_3gamma/resolved_3gamma_delphes.root
resolved_prompt,0.45412757306771606,767161.5,7,10000,7.3063,150.0,results/backgrounds/fccee_z_backgrounds/cluster_4796877/job0_resolved_3gamma/resolved_3gamma_delphes.root
resolved_prompt,0.47751040964303687,876756.0,8,10000,7.3063,150.0,results/backgrounds/fccee_z_backgrounds/cluster_4796877/job0_resolved_3gamma/resolved_3gamma_delphes.root
resolved_prompt,0.5020972185792844,986350.5,9,10000,7.3063,150.0,results/backgrounds/fccee_z_backgrounds/cluster_4796877/job0_resolved_3gamma/resolved_3gamma_delphes.root
resolved_prompt,0.527949991903867,986350.5,9,10000,7.3063,150.0,results/backgrounds/fccee_z_backgrounds/cluster_4796877/job0_resolved_3gamma/resolved_3gamma_delphes.root
resolved_prompt,0.555133913587454,767161.5,7,10000,7.3063,150.0,results/backgrounds/fccee_z_backgrounds/cluster_4796877/job0_resolved_3gamma/resolved_3gamma_delphes.root
resolved_prompt,0.5837175238957808,876756.0,8,10000,7.3063,150.0,results/backgrounds/fccee_z_backgrounds/cluster_4796877/job0_resolved_3gamma/resolved_3gamma_delphes.root
resolved_prompt,0.6137728922038636,1205539.5,11,10000,7.3063,150.0,results/backgrounds/fccee_z_backgrounds/cluster_4796877/job0_resolved_3gamma/resolved_3gamma_delphes.root
resolved_prompt,0.6453757987083427,1534323.0,14,10000,7.3063,150.0,results/backgrounds/fccee_z_backgrounds/cluster_4796877/job0_resolved_3gamma/resolved_3gamma_delphes.root
resolved_prompt,0.6786059254961166,1424728.5,13,10000,7.3063,150.0,results/backgrounds/fccee_z_backgrounds/cluster_4796877/job0_resolved_3gamma/resolved_3gamma_delphes.root
resolved_prompt,0.7135470574510224,1424728.5,13,10000,7.3063,150.0,results/backgrounds/fccee_z_backgrounds/cluster_4796877/job0_resolved_3gamma/resolved_3gamma_delphes.root
resolved_prompt,0.7502872935051115,1095945.0,10,10000,7.3063,150.0,results/backgrounds/fccee_z_backgrounds/cluster_4796877/job0_resolved_3gamma/resolved_3gamma_delphes.root
resolved_prompt,0.788919268767168,547972.5,5,10000,7.3063,150.0,results/backgrounds/fccee_z_backgrounds/cluster_4796877/job0_resolved_3gamma/resolved_3gamma_delphes.root
resolved_prompt,0.8295403880885305,657567.0,6,10000,7.3063,150.0,results/backgrounds/fccee_z_backgrounds/cluster_4796877/job0_resolved_3gamma/resolved_3gamma_delphes.root
resolved_prompt,0.8722530716551153,1205539.5,11,10000,7.3063,150.0,results/backgrounds/fccee_z_backgrounds/cluster_4796877/job0_resolved_3gamma/resolved_3gamma_delphes.root
resolved_prompt,0.917165013224873,1095945.0,10,10000,7.3063,150.0,results/backgrounds/fccee_z_backgrounds/cluster_4796877/job0_resolved_3gamma/resolved_3gamma_delphes.root
resolved_prompt,0.9643894516617822,767161.5,7,10000,7.3063,150.0,results/backgrounds/fccee_z_backgrounds/cluster_4796877/job0_resolved_3gamma/resolved_3gamma_delphes.root
resolved_prompt,1.01404545645101,438378.0,4,10000,7.3063,150.0,results/backgrounds/fccee_z_backgrounds/cluster_4796877/job0_resolved_3gamma/resolved_3gamma_delphes.root
resolved_prompt,1.0662582279151316,1095945.0,10,10000,7.3063,150.0,results/backgrounds/fccee_z_backgrounds/cluster_4796877/job0_resolved_3gamma/resolved_3gamma_delphes.root
resolved_prompt,1.121159412888352,1972701.0,18,10000,7.3063,150.0,results/backgrounds/fccee_z_backgrounds/cluster_4796877/job0_resolved_3gamma/resolved_3gamma_delphes.root
resolved_prompt,1.178887436644668,2191890.0,20,10000,7.3063,150.0,results/backgrounds/fccee_z_backgrounds/cluster_4796877/job0_resolved_3gamma/resolved_3gamma_delphes.root
resolved_prompt,1.2395878519168562,2520673.5,23,10000,7.3063,150.0,results/backgrounds/fccee_z_backgrounds/cluster_4796877/job0_resolved_3gamma/resolved_3gamma_delphes.root
resolved_prompt,1.3034137058863158,2739862.5,25,10000,7.3063,150.0,results/backgrounds/fccee_z_backgrounds/cluster_4796877/job0_resolved_3gamma/resolved_3gamma_delphes.root
resolved_prompt,1.3705259260690543,2191890.0,20,10000,7.3063,150.0,results/backgrounds/fccee_z_backgrounds/cluster_4796877/job0_resolved_3gamma/resolved_3gamma_delphes.root
resolved_prompt,1.441093726070782,1972701.0,18,10000,7.3063,150.0,results/backgrounds/fccee_z_backgrounds/cluster_4796877/job0_resolved_3gamma/resolved_3gamma_delphes.root
resolved_prompt,1.515295032234169,2849457.0,26,10000,7.3063,150.0,results/backgrounds/fccee_z_backgrounds/cluster_4796877/job0_resolved_3gamma/resolved_3gamma_delphes.root
resolved_prompt,1.5933169322539769,3507024.0,32,10000,7.3063,150.0,results/backgrounds/fccee_z_backgrounds/cluster_4796877/job0_resolved_3gamma/resolved_3gamma_delphes.root
resolved_prompt,1.6753561468912066,3397429.5,31,10000,7.3063,150.0,results/backgrounds/fccee_z_backgrounds/cluster_4796877/job0_resolved_3gamma/resolved_3gamma_delphes.root
resolved_prompt,1.7616195259756016,2959051.5,27,10000,7.3063,150.0,results/backgrounds/fccee_z_backgrounds/cluster_4796877/job0_resolved_3gamma/resolved_3gamma_delphes.root
resolved_prompt,1.852324569947109,3945402.0,36,10000,7.3063,150.0,results/backgrounds/fccee_z_backgrounds/cluster_4796877/job0_resolved_3gamma/resolved_3gamma_delphes.root
resolved_prompt,1.9476999782513005,4822158.0,44,10000,7.3063,150.0,results/backgrounds/fccee_z_backgrounds/cluster_4796877/job0_resolved_3gamma/resolved_3gamma_delphes.root
resolved_prompt,2.047986225971422,4493374.5,41,10000,7.3063,150.0,results/backgrounds/fccee_z_backgrounds/cluster_4796877/job0_resolved_3gamma/resolved_3gamma_delphes.root
resolved_prompt,2.1534361701510005,4712563.5,43,10000,7.3063,150.0,results/backgrounds/fccee_z_backgrounds/cluster_4796877/job0_resolved_3gamma/resolved_3gamma_delphes.root
resolved_prompt,2.2643156873357406,6356481.0,58,10000,7.3063,150.0,results/backgrounds/fccee_z_backgrounds/cluster_4796877/job0_resolved_3gamma/resolved_3gamma_delphes.root
resolved_prompt,2.3809043439421793,6246886.5,57,10000,7.3063,150.0,results/backgrounds/fccee_z_backgrounds/cluster_4796877/job0_resolved_3gamma/resolved_3gamma_delphes.root
resolved_prompt,2.503496101143342,5589319.5,51,10000,7.3063,150.0,results/backgrounds/fccee_z_backgrounds/cluster_4796877/job0_resolved_3gamma/resolved_3gamma_delphes.root
resolved_prompt,2.6324000560486724,7452426.0,68,10000,7.3063,150.0,results/backgrounds/fccee_z_backgrounds/cluster_4796877/job0_resolved_3gamma/resolved_3gamma_delphes.root
resolved_prompt,2.7679412210469794,9534721.5,87,10000,7.3063,150.0,results/backgrounds/fccee_z_backgrounds/cluster_4796877/job0_resolved_3gamma/resolved_3gamma_delphes.root
resolved_prompt,2.910461343277446,8877154.5,81,10000,7.3063,150.0,results/backgrounds/fccee_z_backgrounds/cluster_4796877/job0_resolved_3gamma/resolved_3gamma_delphes.root
resolved_prompt,3.0603197662948434,8000398.5,73,10000,7.3063,150.0,results/backgrounds/fccee_z_backgrounds/cluster_4796877/job0_resolved_3gamma/resolved_3gamma_delphes.root
resolved_prompt,3.21789433610152,10411477.5,95,10000,7.3063,150.0,results/backgrounds/fccee_z_backgrounds/cluster_4796877/job0_resolved_3gamma/resolved_3gamma_delphes.root
resolved_prompt,3.3835823538306116,13918501.5,127,10000,7.3063,150.0,results/backgrounds/fccee_z_backgrounds/cluster_4796877/job0_resolved_3gamma/resolved_3gamma_delphes.root
resolved_prompt,3.5578015774824725,14137690.5,129,10000,7.3063,150.0,results/backgrounds/fccee_z_backgrounds/cluster_4796877/job0_resolved_3gamma/resolved_3gamma_delphes.root
resolved_prompt,3.740991275240127,12712962.0,116,10000,7.3063,150.0,results/backgrounds/fccee_z_backgrounds/cluster_4796877/job0_resolved_3gamma/resolved_3gamma_delphes.root
resolved_prompt,3.9336133330194683,14356879.5,131,10000,7.3063,150.0,results/backgrounds/fccee_z_backgrounds/cluster_4796877/job0_resolved_3gamma/resolved_3gamma_delphes.root
resolved_prompt,4.136153419046755,15781608.0,144,10000,7.3063,150.0,results/backgrounds/fccee_z_backgrounds/cluster_4796877/job0_resolved_3gamma/resolved_3gamma_delphes.root
resolved_prompt,4.349122208399702,17973498.0,164,10000,7.3063,150.0,results/backgrounds/fccee_z_backgrounds/cluster_4796877/job0_resolved_3gamma/resolved_3gamma_delphes.root
resolved_prompt,4.5730566705997004,20603766.0,188,10000,7.3063,150.0,results/backgrounds/fccee_z_backgrounds/cluster_4796877/job0_resolved_3gamma/resolved_3gamma_delphes.root
resolved_prompt,4.808521423501568,20494171.5,187,10000,7.3063,150.0,results/backgrounds/fccee_z_backgrounds/cluster_4796877/job0_resolved_3gamma/resolved_3gamma_delphes.root
resolved_prompt,5.0561101568945555,19617415.5,179,10000,7.3063,150.0,results/backgrounds/fccee_z_backgrounds/cluster_4796877/job0_resolved_3gamma/resolved_3gamma_delphes.root
resolved_prompt,5.3164471294039455,21151738.5,193,10000,7.3063,150.0,results/backgrounds/fccee_z_backgrounds/cluster_4796877/job0_resolved_3gamma/resolved_3gamma_delphes.root
resolved_prompt,5.590188742467479,24001195.5,219,10000,7.3063,150.0,results/backgrounds/fccee_z_backgrounds/cluster_4796877/job0_resolved_3gamma/resolved_3gamma_delphes.root
resolved_prompt,5.878025195355191,26193085.5,239,10000,7.3063,150.0,results/backgrounds/fccee_z_backgrounds/cluster_4796877/job0_resolved_3gamma/resolved_3gamma_delphes.root
resolved_prompt,6.180682225405456,26412274.5,241,10000,7.3063,150.0,results/backgrounds/fccee_z_backgrounds/cluster_4796877/job0_resolved_3gamma/resolved_3gamma_delphes.root
resolved_prompt,6.498922937865118,25645113.0,234,10000,7.3063,150.0,results/backgrounds/fccee_z_backgrounds/cluster_4796877/job0_resolved_3gamma/resolved_3gamma_delphes.root
resolved_prompt,6.833549729947276,27179436.0,248,10000,7.3063,150.0,results/backgrounds/fccee_z_backgrounds/cluster_4796877/job0_resolved_3gamma/resolved_3gamma_delphes.root
resolved_prompt,7.185406313957991,32001594.0,292,10000,7.3063,150.0,results/backgrounds/fccee_z_backgrounds/cluster_4796877/job0_resolved_3gamma/resolved_3gamma_delphes.root
resolved_prompt,7.5553798445929745,31124838.0,284,10000,7.3063,150.0,results/backgrounds/fccee_z_backgrounds/cluster_4796877/job0_resolved_3gamma/resolved_3gamma_delphes.root
resolved_prompt,7.944403155767803,29590515.0,270,10000,7.3063,150.0,results/backgrounds/fccee_z_backgrounds/cluster_4796877/job0_resolved_3gamma/resolved_3gamma_delphes.root
resolved_prompt,8.35345711262165,32659161.0,298,10000,7.3063,150.0,results/backgrounds/fccee_z_backgrounds/cluster_4796877/job0_resolved_3gamma/resolved_3gamma_delphes.root
resolved_prompt,8.783573084624651,35946996.0,328,10000,7.3063,150.0,results/backgrounds/fccee_z_backgrounds/cluster_4796877/job0_resolved_3gamma/resolved_3gamma_delphes.root
resolved_prompt,9.235835546024537,37919697.0,346,10000,7.3063,150.0,results/backgrounds/fccee_z_backgrounds/cluster_4796877/job0_resolved_3gamma/resolved_3gamma_delphes.root
resolved_prompt,9.711384810189193,36714157.5,335,10000,7.3063,150.0,results/backgrounds/fccee_z_backgrounds/cluster_4796877/job0_resolved_3gamma/resolved_3gamma_delphes.root
resolved_prompt,10.211419904739262,36604563.0,334,10000,7.3063,150.0,results/backgrounds/fccee_z_backgrounds/cluster_4796877/job0_resolved_3gamma/resolved_3gamma_delphes.root
resolved_prompt,10.737201594720228,41317126.5,377,10000,7.3063,150.0,results/backgrounds/fccee_z_backgrounds/cluster_4796877/job0_resolved_3gamma/resolved_3gamma_delphes.root
resolved_prompt,11.290055561436278,43399422.0,396,10000,7.3063,150.0,results/backgrounds/fccee_z_backgrounds/cluster_4796877/job0_resolved_3gamma/resolved_3gamma_delphes.root
resolved_prompt,11.871375744960993,46139284.5,421,10000,7.3063,150.0,results/backgrounds/fccee_z_backgrounds/cluster_4796877/job0_resolved_3gamma/resolved_3gamma_delphes.root
resolved_prompt,12.482627858752497,49207930.5,449,10000,7.3063,150.0,results/backgrounds/fccee_z_backgrounds/cluster_4796877/job0_resolved_3gamma/resolved_3gamma_delphes.root
resolved_prompt,13.125353085234696,48988741.5,447,10000,7.3063,150.0,results/backgrounds/fccee_z_backgrounds/cluster_4796877/job0_resolved_3gamma/resolved_3gamma_delphes.root
resolved_prompt,13.801171961662321,49646308.5,453,10000,7.3063,150.0,results/backgrounds/fccee_z_backgrounds/cluster_4796877/job0_resolved_3gamma/resolved_3gamma_delphes.root
resolved_prompt,14.511788466067644,49975092.0,456,10000,7.3063,150.0,results/backgrounds/fccee_z_backgrounds/cluster_4796877/job0_resolved_3gamma/resolved_3gamma_delphes.root
resolved_prompt,15.258994313590781,50851848.0,464,10000,7.3063,150.0,results/backgrounds/fccee_z_backgrounds/cluster_4796877/job0_resolved_3gamma/resolved_3gamma_delphes.root
resolved_prompt,16.044673474026247,57427518.0,524,10000,7.3063,150.0,results/backgrounds/fccee_z_backgrounds/cluster_4796877/job0_resolved_3gamma/resolved_3gamma_delphes.root
resolved_prompt,16.87080692197613,61372920.0,560,10000,7.3063,150.0,results/backgrounds/fccee_z_backgrounds/cluster_4796877/job0_resolved_3gamma/resolved_3gamma_delphes.root
resolved_prompt,17.739477631586485,69044535.0,630,10000,7.3063,150.0,results/backgrounds/fccee_z_backgrounds/cluster_4796877/job0_resolved_3gamma/resolved_3gamma_delphes.root
resolved_prompt,18.652875828460775,82853442.0,756,10000,7.3063,150.0,results/backgrounds/fccee_z_backgrounds/cluster_4796877/job0_resolved_3gamma/resolved_3gamma_delphes.root
resolved_prompt,19.613304511991995,89209923.0,814,10000,7.3063,150.0,results/backgrounds/fccee_z_backgrounds/cluster_4796877/job0_resolved_3gamma/resolved_3gamma_delphes.root
resolved_prompt,20.62318526203738,87675600.0,800,10000,7.3063,150.0,results/backgrounds/fccee_z_backgrounds/cluster_4796877/job0_resolved_3gamma/resolved_3gamma_delphes.root
resolved_prompt,21.685064344576315,89977084.5,821,10000,7.3063,150.0,results/backgrounds/fccee_z_backgrounds/cluster_4796877/job0_resolved_3gamma/resolved_3gamma_delphes.root
resolved_prompt,22.801619131746087,92826541.5,847,10000,7.3063,150.0,results/backgrounds/fccee_z_backgrounds/cluster_4796877/job0_resolved_3gamma/resolved_3gamma_delphes.root
resolved_prompt,23.97566485244235,96114376.5,877,10000,7.3063,150.0,results/backgrounds/fccee_z_backgrounds/cluster_4796877/job0_resolved_3gamma/resolved_3gamma_delphes.root
resolved_prompt,25.21016169050537,95675998.5,873,10000,7.3063,150.0,results/backgrounds/fccee_z_backgrounds/cluster_4796877/job0_resolved_3gamma/resolved_3gamma_delphes.root
resolved_prompt,26.50822224838875,93155325.0,850,10000,7.3063,150.0,results/backgrounds/fccee_z_backgrounds/cluster_4796877/job0_resolved_3gamma/resolved_3gamma_delphes.root
resolved_prompt,27.873119395129333,94251270.0,860,10000,7.3063,150.0,results/backgrounds/fccee_z_backgrounds/cluster_4796877/job0_resolved_3gamma/resolved_3gamma_delphes.root
resolved_prompt,29.308294518405837,93155325.0,850,10000,7.3063,150.0,results/backgrounds/fccee_z_backgrounds/cluster_4796877/job0_resolved_3gamma/resolved_3gamma_delphes.root
resolved_prompt,30.817366201492284,94032081.0,858,10000,7.3063,150.0,results/backgrounds/fccee_z_backgrounds/cluster_4796877/job0_resolved_3gamma/resolved_3gamma_delphes.root
resolved_prompt,32.4041393469843,88990734.0,812,10000,7.3063,150.0,results/backgrounds/fccee_z_backgrounds/cluster_4796877/job0_resolved_3gamma/resolved_3gamma_delphes.root
resolved_prompt,34.072614770302145,88990734.0,812,10000,7.3063,150.0,results/backgrounds/fccee_z_backgrounds/cluster_4796877/job0_resolved_3gamma/resolved_3gamma_delphes.root
resolved_prompt,35.826999287159104,87566005.5,799,10000,7.3063,150.0,results/backgrounds/fccee_z_backgrounds/cluster_4796877/job0_resolved_3gamma/resolved_3gamma_delphes.root
resolved_prompt,37.671716320429546,79784796.0,728,10000,7.3063,150.0,results/backgrounds/fccee_z_backgrounds/cluster_4796877/job0_resolved_3gamma/resolved_3gamma_delphes.root
resolved_prompt,39.6114170531598,80113579.5,731,10000,7.3063,150.0,results/backgrounds/fccee_z_backgrounds/cluster_4796877/job0_resolved_3gamma/resolved_3gamma_delphes.root
resolved_prompt,41.65099215584313,84058981.5,767,10000,7.3063,150.0,results/backgrounds/fccee_z_backgrounds/cluster_4796877/job0_resolved_3gamma/resolved_3gamma_delphes.root
resolved_prompt,43.79558411752706,84716548.5,773,10000,7.3063,150.0,results/backgrounds/fccee_z_backgrounds/cluster_4796877/job0_resolved_3gamma/resolved_3gamma_delphes.root
resolved_prompt,46.050600211844106,80332768.5,733,10000,7.3063,150.0,results/backgrounds/fccee_z_backgrounds/cluster_4796877/job0_resolved_3gamma/resolved_3gamma_delphes.root
resolved_prompt,48.421726130658186,80113579.5,731,10000,7.3063,150.0,results/backgrounds/fccee_z_backgrounds/cluster_4796877/job0_resolved_3gamma/resolved_3gamma_delphes.root
resolved_prompt,50.91494031970127,81319119.0,742,10000,7.3063,150.0,results/backgrounds/fccee_z_backgrounds/cluster_4796877/job0_resolved_3gamma/resolved_3gamma_delphes.root
resolved_prompt,53.536529052346395,79784796.0,728,10000,7.3063,150.0,results/backgrounds/fccee_z_backgrounds/cluster_4796877/job0_resolved_3gamma/resolved_3gamma_delphes.root
resolved_prompt,56.29310227952253,82853442.0,756,10000,7.3063,150.0,results/backgrounds/fccee_z_backgrounds/cluster_4796877/job0_resolved_3gamma/resolved_3gamma_delphes.root
resolved_prompt,59.19161029573504,81647902.5,745,10000,7.3063,150.0,results/backgrounds/fccee_z_backgrounds/cluster_4796877/job0_resolved_3gamma/resolved_3gamma_delphes.root
resolved_prompt,62.2393612632123,70469263.5,643,10000,7.3063,150.0,results/backgrounds/fccee_z_backgrounds/cluster_4796877/job0_resolved_3gamma/resolved_3gamma_delphes.root
resolved_prompt,65.44403963836362,90963435.0,830,10000,7.3063,150.0,results/backgrounds/fccee_z_backgrounds/cluster_4796877/job0_resolved_3gamma/resolved_3gamma_delphes.root
resolved_prompt,68.81372554700698,116937331.5,1067,10000,7.3063,150.0,results/backgrounds/fccee_z_backgrounds/cluster_4796877/job0_resolved_3gamma/resolved_3gamma_delphes.root
resolved_prompt,72.35691515721972,132828534.0,1212,10000,7.3063,150.0,results/backgrounds/fccee_z_backgrounds/cluster_4796877/job0_resolved_3gamma/resolved_3gamma_delphes.root
resolved_prompt,76.08254210117838,174145660.5,1589,10000,7.3063,150.0,results/backgrounds/fccee_z_backgrounds/cluster_4796877/job0_resolved_3gamma/resolved_3gamma_delphes.root
resolved_prompt,79.99999999999999,251628972.0,2296,10000,7.3063,150.0,results/backgrounds/fccee_z_backgrounds/cluster_4796877/job0_resolved_3gamma/resolved_3gamma_delphes.root
invisible,0.01,0.0,0,10000,134.88513286,150.0,results/backgrounds/fccee_z_backgrounds/cluster_4796877/job1_invisible_gamma_nunu/invisible_gamma_nunu_delphes.root
invisible,0.010514895768547274,0.0,0,10000,134.88513286,150.0,results/backgrounds/fccee_z_backgrounds/cluster_4796877/job1_invisible_gamma_nunu/invisible_gamma_nunu_delphes.root
invisible,0.011056303302341332,0.0,0,10000,134.88513286,150.0,results/backgrounds/fccee_z_backgrounds/cluster_4796877/job1_invisible_gamma_nunu/invisible_gamma_nunu_delphes.root
invisible,0.011625587680956413,0.0,0,10000,134.88513286,150.0,results/backgrounds/fccee_z_backgrounds/cluster_4796877/job1_invisible_gamma_nunu/invisible_gamma_nunu_delphes.root
invisible,0.012224184271336385,0.0,0,10000,134.88513286,150.0,results/backgrounds/fccee_z_backgrounds/cluster_4796877/job1_invisible_gamma_nunu/invisible_gamma_nunu_delphes.root
invisible,0.01285360234686171,0.0,0,10000,134.88513286,150.0,results/backgrounds/fccee_z_backgrounds/cluster_4796877/job1_invisible_gamma_nunu/invisible_gamma_nunu_delphes.root
invisible,0.013515428892760552,0.0,0,10000,134.88513286,150.0,results/backgrounds/fccee_z_backgrounds/cluster_4796877/job1_invisible_gamma_nunu/invisible_gamma_nunu_delphes.root
invisible,0.014211332607458943,0.0,0,10000,134.88513286,150.0,results/backgrounds/fccee_z_backgrounds/cluster_4796877/job1_invisible_gamma_nunu/invisible_gamma_nunu_delphes.root
invisible,0.014943068109958794,0.0,0,10000,134.88513286,150.0,results/backgrounds/fccee_z_backgrounds/cluster_4796877/job1_invisible_gamma_nunu/invisible_gamma_nunu_delphes.root
invisible,0.015712480363851946,0.0,0,10000,134.88513286,150.0,results/backgrounds/fccee_z_backgrounds/cluster_4796877/job1_invisible_gamma_nunu/invisible_gamma_nunu_delphes.root
invisible,0.016521509329124887,0.0,0,10000,134.88513286,150.0,results/backgrounds/fccee_z_backgrounds/cluster_4796877/job1_invisible_gamma_nunu/invisible_gamma_nunu_delphes.root
invisible,0.01737219485348296,0.0,0,10000,134.88513286,150.0,results/backgrounds/fccee_z_backgrounds/cluster_4796877/job1_invisible_gamma_nunu/invisible_gamma_nunu_delphes.root
invisible,0.01826668181552667,0.0,0,10000,134.88513286,150.0,results/backgrounds/fccee_z_backgrounds/cluster_4796877/job1_invisible_gamma_nunu/invisible_gamma_nunu_delphes.root
invisible,0.019207225532748076,0.0,0,10000,134.88513286,150.0,results/backgrounds/fccee_z_backgrounds/cluster_4796877/job1_invisible_gamma_nunu/invisible_gamma_nunu_delphes.root
invisible,0.02019619744798259,0.0,0,10000,134.88513286,150.0,results/backgrounds/fccee_z_backgrounds/cluster_4796877/job1_invisible_gamma_nunu/invisible_gamma_nunu_delphes.root
invisible,0.02123609110865373,0.0,0,10000,134.88513286,150.0,results/backgrounds/fccee_z_backgrounds/cluster_4796877/job1_invisible_gamma_nunu/invisible_gamma_nunu_delphes.root
invisible,0.02232952845388675,0.0,0,10000,134.88513286,150.0,results/backgrounds/fccee_z_backgrounds/cluster_4796877/job1_invisible_gamma_nunu/invisible_gamma_nunu_delphes.root
invisible,0.023479266425342975,0.0,0,10000,134.88513286,150.0,results/backgrounds/fccee_z_backgrounds/cluster_4796877/job1_invisible_gamma_nunu/invisible_gamma_nunu_delphes.root
invisible,0.024688203918443282,0.0,0,10000,134.88513286,150.0,results/backgrounds/fccee_z_backgrounds/cluster_4796877/job1_invisible_gamma_nunu/invisible_gamma_nunu_delphes.root
invisible,0.025959389091507152,0.0,0,10000,134.88513286,150.0,results/backgrounds/fccee_z_backgrounds/cluster_4796877/job1_invisible_gamma_nunu/invisible_gamma_nunu_delphes.root
invisible,0.027296027051236068,0.0,0,10000,134.88513286,150.0,results/backgrounds/fccee_z_backgrounds/cluster_4796877/job1_invisible_gamma_nunu/invisible_gamma_nunu_delphes.root
invisible,0.02870148793391941,0.0,0,10000,134.88513286,150.0,results/backgrounds/fccee_z_backgrounds/cluster_4796877/job1_invisible_gamma_nunu/invisible_gamma_nunu_delphes.root
invisible,0.030179315402737984,0.0,0,10000,134.88513286,150.0,results/backgrounds/fccee_z_backgrounds/cluster_4796877/job1_invisible_gamma_nunu/invisible_gamma_nunu_delphes.root
invisible,0.03173323558259032,0.0,0,10000,134.88513286,150.0,results/backgrounds/fccee_z_backgrounds/cluster_4796877/job1_invisible_gamma_nunu/invisible_gamma_nunu_delphes.root
invisible,0.03336716645496926,0.0,0,10000,134.88513286,150.0,results/backgrounds/fccee_z_backgrounds/cluster_4796877/job1_invisible_gamma_nunu/invisible_gamma_nunu_delphes.root
invisible,0.035085227736576866,0.0,0,10000,134.88513286,150.0,results/backgrounds/fccee_z_backgrounds/cluster_4796877/job1_invisible_gamma_nunu/invisible_gamma_nunu_delphes.root
invisible,0.036891751266584956,0.0,0,10000,134.88513286,150.0,results/backgrounds/fccee_z_backgrounds/cluster_4796877/job1_invisible_gamma_nunu/invisible_gamma_nunu_delphes.root
invisible,0.03879129192873127,0.0,0,10000,134.88513286,150.0,results/backgrounds/fccee_z_backgrounds/cluster_4796877/job1_invisible_gamma_nunu/invisible_gamma_nunu_delphes.root
invisible,0.040788639135789846,0.0,0,10000,134.88513286,150.0,results/backgrounds/fccee_z_backgrounds/cluster_4796877/job1_invisible_gamma_nunu/invisible_gamma_nunu_delphes.root
invisible,0.04288882890537182,0.0,0,10000,134.88513286,150.0,results/backgrounds/fccee_z_backgrounds/cluster_4796877/job1_invisible_gamma_nunu/invisible_gamma_nunu_delphes.root
invisible,0.04509715655750422,0.0,0,10000,134.88513286,150.0,results/backgrounds/fccee_z_backgrounds/cluster_4796877/job1_invisible_gamma_nunu/invisible_gamma_nunu_delphes.root
invisible,0.04741919006600149,0.0,0,10000,134.88513286,150.0,results/backgrounds/fccee_z_backgrounds/cluster_4796877/job1_invisible_gamma_nunu/invisible_gamma_nunu_delphes.root
invisible,0.049860784097293796,0.0,0,10000,134.88513286,150.0,results/backgrounds/fccee_z_backgrounds/cluster_4796877/job1_invisible_gamma_nunu/invisible_gamma_nunu_delphes.root
invisible,0.05242809477210838,0.0,0,10000,134.88513286,150.0,results/backgrounds/fccee_z_backgrounds/cluster_4796877/job1_invisible_gamma_nunu/invisible_gamma_nunu_delphes.root
invisible,0.05512759518722376,0.0,0,10000,134.88513286,150.0,results/backgrounds/fccee_z_backgrounds/cluster_4796877/job1_invisible_gamma_nunu/invisible_gamma_nunu_delphes.root
invisible,0.05796609173643262,0.0,0,10000,134.88513286,150.0,results/backgrounds/fccee_z_backgrounds/cluster_4796877/job1_invisible_gamma_nunu/invisible_gamma_nunu_delphes.root
invisible,0.06095074127186382,0.0,0,10000,134.88513286,150.0,results/backgrounds/fccee_z_backgrounds/cluster_4796877/job1_invisible_gamma_nunu/invisible_gamma_nunu_delphes.root
invisible,0.06408906914893406,0.0,0,10000,134.88513286,150.0,results/backgrounds/fccee_z_backgrounds/cluster_4796877/job1_invisible_gamma_nunu/invisible_gamma_nunu_delphes.root
invisible,0.06738898820042605,0.0,0,10000,134.88513286,150.0,results/backgrounds/fccee_z_backgrounds/cluster_4796877/job1_invisible_gamma_nunu/invisible_gamma_nunu_delphes.root
invisible,0.0708588186875342,0.0,0,10000,134.88513286,150.0,results/backgrounds/fccee_z_backgrounds/cluster_4796877/job1_invisible_gamma_nunu/invisible_gamma_nunu_delphes.root
invisible,0.07450730927818115,0.0,0,10000,134.88513286,150.0,results/backgrounds/fccee_z_backgrounds/cluster_4796877/job1_invisible_gamma_nunu/invisible_gamma_nunu_delphes.root
invisible,0.07834365910549897,0.0,0,10000,134.88513286,150.0,results/backgrounds/fccee_z_backgrounds/cluster_4796877/job1_invisible_gamma_nunu/invisible_gamma_nunu_delphes.root
invisible,0.08237754096209213,0.0,0,10000,134.88513286,150.0,results/backgrounds/fccee_z_backgrounds/cluster_4796877/job1_invisible_gamma_nunu/invisible_gamma_nunu_delphes.root
invisible,0.08661912568856324,0.0,0,10000,134.88513286,150.0,results/backgrounds/fccee_z_backgrounds/cluster_4796877/job1_invisible_gamma_nunu/invisible_gamma_nunu_delphes.root
invisible,0.09107910781779381,0.0,0,10000,134.88513286,150.0,results/backgrounds/fccee_z_backgrounds/cluster_4796877/job1_invisible_gamma_nunu/invisible_gamma_nunu_delphes.root
invisible,0.09576873253963807,0.0,0,10000,134.88513286,150.0,results/backgrounds/fccee_z_backgrounds/cluster_4796877/job1_invisible_gamma_nunu/invisible_gamma_nunu_delphes.root
invisible,0.10069982405401759,0.0,0,10000,134.88513286,150.0,results/backgrounds/fccee_z_backgrounds/cluster_4796877/job1_invisible_gamma_nunu/invisible_gamma_nunu_delphes.root
invisible,0.10588481538390442,0.0,0,10000,134.88513286,150.0,results/backgrounds/fccee_z_backgrounds/cluster_4796877/job1_invisible_gamma_nunu/invisible_gamma_nunu_delphes.root
invisible,0.11133677972336259,0.0,0,10000,134.88513286,150.0,results/backgrounds/fccee_z_backgrounds/cluster_4796877/job1_invisible_gamma_nunu/invisible_gamma_nunu_delphes.root
invisible,0.11706946339968652,0.0,0,10000,134.88513286,150.0,results/backgrounds/fccee_z_backgrounds/cluster_4796877/job1_invisible_gamma_nunu/invisible_gamma_nunu_delphes.root
invisible,0.12309732053274633,0.0,0,10000,134.88513286,150.0,results/backgrounds/fccee_z_backgrounds/cluster_4796877/job1_invisible_gamma_nunu/invisible_gamma_nunu_delphes.root
invisible,0.12943554947892819,0.0,0,10000,134.88513286,150.0,results/backgrounds/fccee_z_backgrounds/cluster_4796877/job1_invisible_gamma_nunu/invisible_gamma_nunu_delphes.root
invisible,0.13610013115155728,0.0,0,10000,134.88513286,150.0,results/backgrounds/fccee_z_backgrounds/cluster_4796877/job1_invisible_gamma_nunu/invisible_gamma_nunu_delphes.root
invisible,0.14310786931442387,0.0,0,10000,134.88513286,150.0,results/backgrounds/fccee_z_backgrounds/cluster_4796877/job1_invisible_gamma_nunu/invisible_gamma_nunu_delphes.root
invisible,0.15047643295000518,0.0,0,10000,134.88513286,150.0,results/backgrounds/fccee_z_backgrounds/cluster_4796877/job1_invisible_gamma_nunu/invisible_gamma_nunu_delphes.root
invisible,0.15822440080920963,0.0,0,10000,134.88513286,150.0,results/backgrounds/fccee_z_backgrounds/cluster_4796877/job1_invisible_gamma_nunu/invisible_gamma_nunu_delphes.root
invisible,0.16637130825496863,0.0,0,10000,134.88513286,150.0,results/backgrounds/fccee_z_backgrounds/cluster_4796877/job1_invisible_gamma_nunu/invisible_gamma_nunu_delphes.root
invisible,0.1749376965177844,0.0,0,10000,134.88513286,150.0,results/backgrounds/fccee_z_backgrounds/cluster_4796877/job1_invisible_gamma_nunu/invisible_gamma_nunu_delphes.root
invisible,0.18394516448742576,0.0,0,10000,134.88513286,150.0,results/backgrounds/fccee_z_backgrounds/cluster_4796877/job1_invisible_gamma_nunu/invisible_gamma_nunu_delphes.root
invisible,0.19341642317135654,0.0,0,10000,134.88513286,150.0,results/backgrounds/fccee_z_backgrounds/cluster_4796877/job1_invisible_gamma_nunu/invisible_gamma_nunu_delphes.root
invisible,0.2033753529572046,0.0,0,10000,134.88513286,150.0,results/backgrounds/fccee_z_backgrounds/cluster_4796877/job1_invisible_gamma_nunu/invisible_gamma_nunu_delphes.root
invisible,0.2138470638236518,0.0,0,10000,134.88513286,150.0,results/backgrounds/fccee_z_backgrounds/cluster_4796877/job1_invisible_gamma_nunu/invisible_gamma_nunu_delphes.root
invisible,0.22485795865155753,0.0,0,10000,134.88513286,150.0,results/backgrounds/fccee_z_backgrounds/cluster_4796877/job1_invisible_gamma_nunu/invisible_gamma_nunu_delphes.root
invisible,0.2364357997949439,0.0,0,10000,134.88513286,150.0,results/backgrounds/fccee_z_backgrounds/cluster_4796877/job1_invisible_gamma_nunu/invisible_gamma_nunu_delphes.root
invisible,0.24860977907969461,0.0,0,10000,134.88513286,150.0,results/backgrounds/fccee_z_backgrounds/cluster_4796877/job1_invisible_gamma_nunu/invisible_gamma_nunu_delphes.root
invisible,0.2614105914064554,0.0,0,10000,134.88513286,150.0,results/backgrounds/fccee_z_backgrounds/cluster_4796877/job1_invisible_gamma_nunu/invisible_gamma_nunu_delphes.root
invisible,0.27487051214331765,0.0,0,10000,134.88513286,150.0,results/backgrounds/fccee_z_backgrounds/cluster_4796877/job1_invisible_gamma_nunu/invisible_gamma_nunu_delphes.root
invisible,0.2890234785034193,0.0,0,10000,134.88513286,150.0,results/backgrounds/fccee_z_backgrounds/cluster_4796877/job1_invisible_gamma_nunu/invisible_gamma_nunu_delphes.root
invisible,0.30390517511264165,0.0,0,10000,134.88513286,150.0,results/backgrounds/fccee_z_backgrounds/cluster_4796877/job1_invisible_gamma_nunu/invisible_gamma_nunu_delphes.root
invisible,0.3195531239831534,0.0,0,10000,134.88513286,150.0,results/backgrounds/fccee_z_backgrounds/cluster_4796877/job1_invisible_gamma_nunu/invisible_gamma_nunu_delphes.root
invisible,0.33600677911965227,0.0,0,10000,134.88513286,150.0,results/backgrounds/fccee_z_backgrounds/cluster_4796877/job1_invisible_gamma_nunu/invisible_gamma_nunu_delphes.root
invisible,0.35330762599684284,0.0,0,10000,134.88513286,150.0,results/backgrounds/fccee_z_backgrounds/cluster_4796877/job1_invisible_gamma_nunu/invisible_gamma_nunu_delphes.root
invisible,0.37149928615896854,0.0,0,10000,134.88513286,150.0,results/backgrounds/fccee_z_backgrounds/cluster_4796877/job1_invisible_gamma_nunu/invisible_gamma_nunu_delphes.root
invisible,0.39062762720512717,0.0,0,10000,134.88513286,150.0,results/backgrounds/fccee_z_backgrounds/cluster_4796877/job1_invisible_gamma_nunu/invisible_gamma_nunu_delphes.root
invisible,0.4107408784376852,0.0,0,10000,134.88513286,150.0,results/backgrounds/fccee_z_backgrounds/cluster_4796877/job1_invisible_gamma_nunu/invisible_gamma_nunu_delphes.root
invisible,0.43188975246538064,0.0,0,10000,134.88513286,150.0,results/backgrounds/fccee_z_backgrounds/cluster_4796877/job1_invisible_gamma_nunu/invisible_gamma_nunu_delphes.root
invisible,0.45412757306771606,0.0,0,10000,134.88513286,150.0,results/backgrounds/fccee_z_backgrounds/cluster_4796877/job1_invisible_gamma_nunu/invisible_gamma_nunu_delphes.root
invisible,0.47751040964303687,0.0,0,10000,134.88513286,150.0,results/backgrounds/fccee_z_backgrounds/cluster_4796877/job1_invisible_gamma_nunu/invisible_gamma_nunu_delphes.root
invisible,0.5020972185792844,0.0,0,10000,134.88513286,150.0,results/backgrounds/fccee_z_backgrounds/cluster_4796877/job1_invisible_gamma_nunu/invisible_gamma_nunu_delphes.root
invisible,0.527949991903867,0.0,0,10000,134.88513286,150.0,results/backgrounds/fccee_z_backgrounds/cluster_4796877/job1_invisible_gamma_nunu/invisible_gamma_nunu_delphes.root
invisible,0.555133913587454,0.0,0,10000,134.88513286,150.0,results/backgrounds/fccee_z_backgrounds/cluster_4796877/job1_invisible_gamma_nunu/invisible_gamma_nunu_delphes.root
invisible,0.5837175238957808,0.0,0,10000,134.88513286,150.0,results/backgrounds/fccee_z_backgrounds/cluster_4796877/job1_invisible_gamma_nunu/invisible_gamma_nunu_delphes.root
invisible,0.6137728922038636,0.0,0,10000,134.88513286,150.0,results/backgrounds/fccee_z_backgrounds/cluster_4796877/job1_invisible_gamma_nunu/invisible_gamma_nunu_delphes.root
invisible,0.6453757987083427,0.0,0,10000,134.88513286,150.0,results/backgrounds/fccee_z_backgrounds/cluster_4796877/job1_invisible_gamma_nunu/invisible_gamma_nunu_delphes.root
invisible,0.6786059254961166,0.0,0,10000,134.88513286,150.0,results/backgrounds/fccee_z_backgrounds/cluster_4796877/job1_invisible_gamma_nunu/invisible_gamma_nunu_delphes.root
invisible,0.7135470574510224,0.0,0,10000,134.88513286,150.0,results/backgrounds/fccee_z_backgrounds/cluster_4796877/job1_invisible_gamma_nunu/invisible_gamma_nunu_delphes.root
invisible,0.7502872935051115,0.0,0,10000,134.88513286,150.0,results/backgrounds/fccee_z_backgrounds/cluster_4796877/job1_invisible_gamma_nunu/invisible_gamma_nunu_delphes.root
invisible,0.788919268767168,0.0,0,10000,134.88513286,150.0,results/backgrounds/fccee_z_backgrounds/cluster_4796877/job1_invisible_gamma_nunu/invisible_gamma_nunu_delphes.root
invisible,0.8295403880885305,0.0,0,10000,134.88513286,150.0,results/backgrounds/fccee_z_backgrounds/cluster_4796877/job1_invisible_gamma_nunu/invisible_gamma_nunu_delphes.root
invisible,0.8722530716551153,0.0,0,10000,134.88513286,150.0,results/backgrounds/fccee_z_backgrounds/cluster_4796877/job1_invisible_gamma_nunu/invisible_gamma_nunu_delphes.root
invisible,0.917165013224873,0.0,0,10000,134.88513286,150.0,results/backgrounds/fccee_z_backgrounds/cluster_4796877/job1_invisible_gamma_nunu/invisible_gamma_nunu_delphes.root
invisible,0.9643894516617822,0.0,0,10000,134.88513286,150.0,results/backgrounds/fccee_z_backgrounds/cluster_4796877/job1_invisible_gamma_nunu/invisible_gamma_nunu_delphes.root
invisible,1.01404545645101,0.0,0,10000,134.88513286,150.0,results/backgrounds/fccee_z_backgrounds/cluster_4796877/job1_invisible_gamma_nunu/invisible_gamma_nunu_delphes.root
invisible,1.0662582279151316,0.0,0,10000,134.88513286,150.0,results/backgrounds/fccee_z_backgrounds/cluster_4796877/job1_invisible_gamma_nunu/invisible_gamma_nunu_delphes.root
invisible,1.121159412888352,0.0,0,10000,134.88513286,150.0,results/backgrounds/fccee_z_backgrounds/cluster_4796877/job1_invisible_gamma_nunu/invisible_gamma_nunu_delphes.root
invisible,1.178887436644668,0.0,0,10000,134.88513286,150.0,results/backgrounds/fccee_z_backgrounds/cluster_4796877/job1_invisible_gamma_nunu/invisible_gamma_nunu_delphes.root
invisible,1.2395878519168562,0.0,0,10000,134.88513286,150.0,results/backgrounds/fccee_z_backgrounds/cluster_4796877/job1_invisible_gamma_nunu/invisible_gamma_nunu_delphes.root
invisible,1.3034137058863158,0.0,0,10000,134.88513286,150.0,results/backgrounds/fccee_z_backgrounds/cluster_4796877/job1_invisible_gamma_nunu/invisible_gamma_nunu_delphes.root
invisible,1.3705259260690543,0.0,0,10000,134.88513286,150.0,results/backgrounds/fccee_z_backgrounds/cluster_4796877/job1_invisible_gamma_nunu/invisible_gamma_nunu_delphes.root
invisible,1.441093726070782,0.0,0,10000,134.88513286,150.0,results/backgrounds/fccee_z_backgrounds/cluster_4796877/job1_invisible_gamma_nunu/invisible_gamma_nunu_delphes.root
invisible,1.515295032234169,0.0,0,10000,134.88513286,150.0,results/backgrounds/fccee_z_backgrounds/cluster_4796877/job1_invisible_gamma_nunu/invisible_gamma_nunu_delphes.root
invisible,1.5933169322539769,0.0,0,10000,134.88513286,150.0,results/backgrounds/fccee_z_backgrounds/cluster_4796877/job1_invisible_gamma_nunu/invisible_gamma_nunu_delphes.root
invisible,1.6753561468912066,0.0,0,10000,134.88513286,150.0,results/backgrounds/fccee_z_backgrounds/cluster_4796877/job1_invisible_gamma_nunu/invisible_gamma_nunu_delphes.root
invisible,1.7616195259756016,0.0,0,10000,134.88513286,150.0,results/backgrounds/fccee_z_backgrounds/cluster_4796877/job1_invisible_gamma_nunu/invisible_gamma_nunu_delphes.root
invisible,1.852324569947109,0.0,0,10000,134.88513286,150.0,results/backgrounds/fccee_z_backgrounds/cluster_4796877/job1_invisible_gamma_nunu/invisible_gamma_nunu_delphes.root
invisible,1.9476999782513005,0.0,0,10000,134.88513286,150.0,results/backgrounds/fccee_z_backgrounds/cluster_4796877/job1_invisible_gamma_nunu/invisible_gamma_nunu_delphes.root
invisible,2.047986225971422,0.0,0,10000,134.88513286,150.0,results/backgrounds/fccee_z_backgrounds/cluster_4796877/job1_invisible_gamma_nunu/invisible_gamma_nunu_delphes.root
invisible,2.1534361701510005,0.0,0,10000,134.88513286,150.0,results/backgrounds/fccee_z_backgrounds/cluster_4796877/job1_invisible_gamma_nunu/invisible_gamma_nunu_delphes.root
invisible,2.2643156873357406,0.0,0,10000,134.88513286,150.0,results/backgrounds/fccee_z_backgrounds/cluster_4796877/job1_invisible_gamma_nunu/invisible_gamma_nunu_delphes.root
invisible,2.3809043439421793,0.0,0,10000,134.88513286,150.0,results/backgrounds/fccee_z_backgrounds/cluster_4796877/job1_invisible_gamma_nunu/invisible_gamma_nunu_delphes.root
invisible,2.503496101143342,0.0,0,10000,134.88513286,150.0,results/backgrounds/fccee_z_backgrounds/cluster_4796877/job1_invisible_gamma_nunu/invisible_gamma_nunu_delphes.root
invisible,2.6324000560486724,0.0,0,10000,134.88513286,150.0,results/backgrounds/fccee_z_backgrounds/cluster_4796877/job1_invisible_gamma_nunu/invisible_gamma_nunu_delphes.root
invisible,2.7679412210469794,0.0,0,10000,134.88513286,150.0,results/backgrounds/fccee_z_backgrounds/cluster_4796877/job1_invisible_gamma_nunu/invisible_gamma_nunu_delphes.root
invisible,2.910461343277446,0.0,0,10000,134.88513286,150.0,results/backgrounds/fccee_z_backgrounds/cluster_4796877/job1_invisible_gamma_nunu/invisible_gamma_nunu_delphes.root
invisible,3.0603197662948434,0.0,0,10000,134.88513286,150.0,results/backgrounds/fccee_z_backgrounds/cluster_4796877/job1_invisible_gamma_nunu/invisible_gamma_nunu_delphes.root
invisible,3.21789433610152,0.0,0,10000,134.88513286,150.0,results/backgrounds/fccee_z_backgrounds/cluster_4796877/job1_invisible_gamma_nunu/invisible_gamma_nunu_delphes.root
invisible,3.3835823538306116,0.0,0,10000,134.88513286,150.0,results/backgrounds/fccee_z_backgrounds/cluster_4796877/job1_invisible_gamma_nunu/invisible_gamma_nunu_delphes.root
invisible,3.5578015774824725,0.0,0,10000,134.88513286,150.0,results/backgrounds/fccee_z_backgrounds/cluster_4796877/job1_invisible_gamma_nunu/invisible_gamma_nunu_delphes.root
invisible,3.740991275240127,0.0,0,10000,134.88513286,150.0,results/backgrounds/fccee_z_backgrounds/cluster_4796877/job1_invisible_gamma_nunu/invisible_gamma_nunu_delphes.root
invisible,3.9336133330194683,0.0,0,10000,134.88513286,150.0,results/backgrounds/fccee_z_backgrounds/cluster_4796877/job1_invisible_gamma_nunu/invisible_gamma_nunu_delphes.root
invisible,4.136153419046755,0.0,0,10000,134.88513286,150.0,results/backgrounds/fccee_z_backgrounds/cluster_4796877/job1_invisible_gamma_nunu/invisible_gamma_nunu_delphes.root
invisible,4.349122208399702,0.0,0,10000,134.88513286,150.0,results/backgrounds/fccee_z_backgrounds/cluster_4796877/job1_invisible_gamma_nunu/invisible_gamma_nunu_delphes.root
invisible,4.5730566705997004,0.0,0,10000,134.88513286,150.0,results/backgrounds/fccee_z_backgrounds/cluster_4796877/job1_invisible_gamma_nunu/invisible_gamma_nunu_delphes.root
invisible,4.808521423501568,0.0,0,10000,134.88513286,150.0,results/backgrounds/fccee_z_backgrounds/cluster_4796877/job1_invisible_gamma_nunu/invisible_gamma_nunu_delphes.root
invisible,5.0561101568945555,0.0,0,10000,134.88513286,150.0,results/backgrounds/fccee_z_backgrounds/cluster_4796877/job1_invisible_gamma_nunu/invisible_gamma_nunu_delphes.root
invisible,5.3164471294039455,0.0,0,10000,134.88513286,150.0,results/backgrounds/fccee_z_backgrounds/cluster_4796877/job1_invisible_gamma_nunu/invisible_gamma_nunu_delphes.root
invisible,5.590188742467479,0.0,0,10000,134.88513286,150.0,results/backgrounds/fccee_z_backgrounds/cluster_4796877/job1_invisible_gamma_nunu/invisible_gamma_nunu_delphes.root
invisible,5.878025195355191,0.0,0,10000,134.88513286,150.0,results/backgrounds/fccee_z_backgrounds/cluster_4796877/job1_invisible_gamma_nunu/invisible_gamma_nunu_delphes.root
invisible,6.180682225405456,0.0,0,10000,134.88513286,150.0,results/backgrounds/fccee_z_backgrounds/cluster_4796877/job1_invisible_gamma_nunu/invisible_gamma_nunu_delphes.root
invisible,6.498922937865118,0.0,0,10000,134.88513286,150.0,results/backgrounds/fccee_z_backgrounds/cluster_4796877/job1_invisible_gamma_nunu/invisible_gamma_nunu_delphes.root
invisible,6.833549729947276,0.0,0,10000,134.88513286,150.0,results/backgrounds/fccee_z_backgrounds/cluster_4796877/job1_invisible_gamma_nunu/invisible_gamma_nunu_delphes.root
invisible,7.185406313957991,0.0,0,10000,134.88513286,150.0,results/backgrounds/fccee_z_backgrounds/cluster_4796877/job1_invisible_gamma_nunu/invisible_gamma_nunu_delphes.root
invisible,7.5553798445929745,0.0,0,10000,134.88513286,150.0,results/backgrounds/fccee_z_backgrounds/cluster_4796877/job1_invisible_gamma_nunu/invisible_gamma_nunu_delphes.root
invisible,7.944403155767803,0.0,0,10000,134.88513286,150.0,results/backgrounds/fccee_z_backgrounds/cluster_4796877/job1_invisible_gamma_nunu/invisible_gamma_nunu_delphes.root
invisible,8.35345711262165,0.0,0,10000,134.88513286,150.0,results/backgrounds/fccee_z_backgrounds/cluster_4796877/job1_invisible_gamma_nunu/invisible_gamma_nunu_delphes.root
invisible,8.783573084624651,0.0,0,10000,134.88513286,150.0,results/backgrounds/fccee_z_backgrounds/cluster_4796877/job1_invisible_gamma_nunu/invisible_gamma_nunu_delphes.root
invisible,9.235835546024537,0.0,0,10000,134.88513286,150.0,results/backgrounds/fccee_z_backgrounds/cluster_4796877/job1_invisible_gamma_nunu/invisible_gamma_nunu_delphes.root
invisible,9.711384810189193,0.0,0,10000,134.88513286,150.0,results/backgrounds/fccee_z_backgrounds/cluster_4796877/job1_invisible_gamma_nunu/invisible_gamma_nunu_delphes.root
invisible,10.211419904739262,0.0,0,10000,134.88513286,150.0,results/backgrounds/fccee_z_backgrounds/cluster_4796877/job1_invisible_gamma_nunu/invisible_gamma_nunu_delphes.root
invisible,10.737201594720228,0.0,0,10000,134.88513286,150.0,results/backgrounds/fccee_z_backgrounds/cluster_4796877/job1_invisible_gamma_nunu/invisible_gamma_nunu_delphes.root
invisible,11.290055561436278,0.0,0,10000,134.88513286,150.0,results/backgrounds/fccee_z_backgrounds/cluster_4796877/job1_invisible_gamma_nunu/invisible_gamma_nunu_delphes.root
invisible,11.871375744960993,0.0,0,10000,134.88513286,150.0,results/backgrounds/fccee_z_backgrounds/cluster_4796877/job1_invisible_gamma_nunu/invisible_gamma_nunu_delphes.root
invisible,12.482627858752497,0.0,0,10000,134.88513286,150.0,results/backgrounds/fccee_z_backgrounds/cluster_4796877/job1_invisible_gamma_nunu/invisible_gamma_nunu_delphes.root
invisible,13.125353085234696,0.0,0,10000,134.88513286,150.0,results/backgrounds/fccee_z_backgrounds/cluster_4796877/job1_invisible_gamma_nunu/invisible_gamma_nunu_delphes.root
invisible,13.801171961662321,0.0,0,10000,134.88513286,150.0,results/backgrounds/fccee_z_backgrounds/cluster_4796877/job1_invisible_gamma_nunu/invisible_gamma_nunu_delphes.root
invisible,14.511788466067644,0.0,0,10000,134.88513286,150.0,results/backgrounds/fccee_z_backgrounds/cluster_4796877/job1_invisible_gamma_nunu/invisible_gamma_nunu_delphes.root
invisible,15.258994313590781,0.0,0,10000,134.88513286,150.0,results/backgrounds/fccee_z_backgrounds/cluster_4796877/job1_invisible_gamma_nunu/invisible_gamma_nunu_delphes.root
invisible,16.044673474026247,0.0,0,10000,134.88513286,150.0,results/backgrounds/fccee_z_backgrounds/cluster_4796877/job1_invisible_gamma_nunu/invisible_gamma_nunu_delphes.root
invisible,16.87080692197613,0.0,0,10000,134.88513286,150.0,results/backgrounds/fccee_z_backgrounds/cluster_4796877/job1_invisible_gamma_nunu/invisible_gamma_nunu_delphes.root
invisible,17.739477631586485,0.0,0,10000,134.88513286,150.0,results/backgrounds/fccee_z_backgrounds/cluster_4796877/job1_invisible_gamma_nunu/invisible_gamma_nunu_delphes.root
invisible,18.652875828460775,0.0,0,10000,134.88513286,150.0,results/backgrounds/fccee_z_backgrounds/cluster_4796877/job1_invisible_gamma_nunu/invisible_gamma_nunu_delphes.root
invisible,19.613304511991995,0.0,0,10000,134.88513286,150.0,results/backgrounds/fccee_z_backgrounds/cluster_4796877/job1_invisible_gamma_nunu/invisible_gamma_nunu_delphes.root
invisible,20.62318526203738,0.0,0,10000,134.88513286,150.0,results/backgrounds/fccee_z_backgrounds/cluster_4796877/job1_invisible_gamma_nunu/invisible_gamma_nunu_delphes.root
invisible,21.685064344576315,0.0,0,10000,134.88513286,150.0,results/backgrounds/fccee_z_backgrounds/cluster_4796877/job1_invisible_gamma_nunu/invisible_gamma_nunu_delphes.root
invisible,22.801619131746087,0.0,0,10000,134.88513286,150.0,results/backgrounds/fccee_z_backgrounds/cluster_4796877/job1_invisible_gamma_nunu/invisible_gamma_nunu_delphes.root
invisible,23.97566485244235,0.0,0,10000,134.88513286,150.0,results/backgrounds/fccee_z_backgrounds/cluster_4796877/job1_invisible_gamma_nunu/invisible_gamma_nunu_delphes.root
invisible,25.21016169050537,0.0,0,10000,134.88513286,150.0,results/backgrounds/fccee_z_backgrounds/cluster_4796877/job1_invisible_gamma_nunu/invisible_gamma_nunu_delphes.root
invisible,26.50822224838875,0.0,0,10000,134.88513286,150.0,results/backgrounds/fccee_z_backgrounds/cluster_4796877/job1_invisible_gamma_nunu/invisible_gamma_nunu_delphes.root
invisible,27.873119395129333,0.0,0,10000,134.88513286,150.0,results/backgrounds/fccee_z_backgrounds/cluster_4796877/job1_invisible_gamma_nunu/invisible_gamma_nunu_delphes.root
invisible,29.308294518405837,0.0,0,10000,134.88513286,150.0,results/backgrounds/fccee_z_backgrounds/cluster_4796877/job1_invisible_gamma_nunu/invisible_gamma_nunu_delphes.root
invisible,30.817366201492284,0.0,0,10000,134.88513286,150.0,results/backgrounds/fccee_z_backgrounds/cluster_4796877/job1_invisible_gamma_nunu/invisible_gamma_nunu_delphes.root
invisible,32.4041393469843,0.0,0,10000,134.88513286,150.0,results/backgrounds/fccee_z_backgrounds/cluster_4796877/job1_invisible_gamma_nunu/invisible_gamma_nunu_delphes.root
invisible,34.072614770302145,0.0,0,10000,134.88513286,150.0,results/backgrounds/fccee_z_backgrounds/cluster_4796877/job1_invisible_gamma_nunu/invisible_gamma_nunu_delphes.root
invisible,35.826999287159104,0.0,0,10000,134.88513286,150.0,results/backgrounds/fccee_z_backgrounds/cluster_4796877/job1_invisible_gamma_nunu/invisible_gamma_nunu_delphes.root
invisible,37.671716320429546,0.0,0,10000,134.88513286,150.0,results/backgrounds/fccee_z_backgrounds/cluster_4796877/job1_invisible_gamma_nunu/invisible_gamma_nunu_delphes.root
invisible,39.6114170531598,0.0,0,10000,134.88513286,150.0,results/backgrounds/fccee_z_backgrounds/cluster_4796877/job1_invisible_gamma_nunu/invisible_gamma_nunu_delphes.root
invisible,41.65099215584313,0.0,0,10000,134.88513286,150.0,results/backgrounds/fccee_z_backgrounds/cluster_4796877/job1_invisible_gamma_nunu/invisible_gamma_nunu_delphes.root
invisible,43.79558411752706,0.0,0,10000,134.88513286,150.0,results/backgrounds/fccee_z_backgrounds/cluster_4796877/job1_invisible_gamma_nunu/invisible_gamma_nunu_delphes.root
invisible,46.050600211844106,0.0,0,10000,134.88513286,150.0,results/backgrounds/fccee_z_backgrounds/cluster_4796877/job1_invisible_gamma_nunu/invisible_gamma_nunu_delphes.root
invisible,48.421726130658186,0.0,0,10000,134.88513286,150.0,results/backgrounds/fccee_z_backgrounds/cluster_4796877/job1_invisible_gamma_nunu/invisible_gamma_nunu_delphes.root
invisible,50.91494031970127,0.0,0,10000,134.88513286,150.0,results/backgrounds/fccee_z_backgrounds/cluster_4796877/job1_invisible_gamma_nunu/invisible_gamma_nunu_delphes.root
invisible,53.536529052346395,0.0,0,10000,134.88513286,150.0,results/backgrounds/fccee_z_backgrounds/cluster_4796877/job1_invisible_gamma_nunu/invisible_gamma_nunu_delphes.root
invisible,56.29310227952253,0.0,0,10000,134.88513286,150.0,results/backgrounds/fccee_z_backgrounds/cluster_4796877/job1_invisible_gamma_nunu/invisible_gamma_nunu_delphes.root
invisible,59.19161029573504,0.0,0,10000,134.88513286,150.0,results/backgrounds/fccee_z_backgrounds/cluster_4796877/job1_invisible_gamma_nunu/invisible_gamma_nunu_delphes.root
invisible,62.2393612632123,0.0,0,10000,134.88513286,150.0,results/backgrounds/fccee_z_backgrounds/cluster_4796877/job1_invisible_gamma_nunu/invisible_gamma_nunu_delphes.root
invisible,65.44403963836362,0.0,0,10000,134.88513286,150.0,results/backgrounds/fccee_z_backgrounds/cluster_4796877/job1_invisible_gamma_nunu/invisible_gamma_nunu_delphes.root
invisible,68.81372554700698,0.0,0,10000,134.88513286,150.0,results/backgrounds/fccee_z_backgrounds/cluster_4796877/job1_invisible_gamma_nunu/invisible_gamma_nunu_delphes.root
invisible,72.35691515721972,0.0,0,10000,134.88513286,150.0,results/backgrounds/fccee_z_backgrounds/cluster_4796877/job1_invisible_gamma_nunu/invisible_gamma_nunu_delphes.root
invisible,76.08254210117838,0.0,0,10000,134.88513286,150.0,results/backgrounds/fccee_z_backgrounds/cluster_4796877/job1_invisible_gamma_nunu/invisible_gamma_nunu_delphes.root
invisible,79.99999999999999,0.0,0,10000,134.88513286,150.0,results/backgrounds/fccee_z_backgrounds/cluster_4796877/job1_invisible_gamma_nunu/invisible_gamma_nunu_delphes.root
