m_a_GeV,g_agg_GeV_inv,channel,base_channel,n_target,bkg_events,limit_method,efficiency_model,efficiency_correction_channel,detector_correction_factor,sqrt_s_GeV,luminosity_ab_inv
0.01,5.535210599665386e-07,invisible_lower,invisible,10.70808136427202,42.31107251065304,binned_delta_chi2_with_3_event_floor,delphes_corrected,invisible_lower,1.0013489367016526,91.2,150.0
0.01,0.05502274597459428,invisible_upper,invisible,10.70808136427202,42.31107251065304,binned_delta_chi2_with_3_event_floor,delphes_corrected,invisible_upper,149496011.06351814,91.2,150.0
0.010514895768547274,5.536054591306243e-07,invisible_lower,invisible,10.708081378734473,42.31107262494464,binned_delta_chi2_with_3_event_floor,delphes_corrected,invisible_lower,1.0010436480899618,91.2,150.0
0.010514895768547274,0.04946454966415846,invisible_upper,invisible,10.708081378734473,42.31107262494464,binned_delta_chi2_with_3_event_floor,delphes_corrected,invisible_upper,111613519.02285331,91.2,150.0
0.011056303302341332,5.542252132226399e-07,invisible_lower,invisible,10.708081394724594,42.31107275130886,binned_delta_chi2_with_3_event_floor,delphes_corrected,invisible_lower,0.9988048606675108,91.2,150.0
0.011056303302341332,0.04451904572485368,invisible_upper,invisible,10.708081394724594,42.31107275130886,binned_delta_chi2_with_3_event_floor,delphes_corrected,invisible_upper,91903221.58646676,91.2,150.0
0.011625587680956413,5.538593121932974e-07,invisible_lower,invisible,10.708081412403757,42.31107289102098,binned_delta_chi2_with_3_event_floor,delphes_corrected,invisible_lower,1.0001277820553567,91.2,150.0
0.011625587680956413,0.04002762030335088,invisible_upper,invisible,10.708081412403757,42.31107289102098,binned_delta_chi2_with_3_event_floor,delphes_corrected,invisible_upper,70160328.21510774,91.2,150.0
0.012224184271336385,5.535773278498374e-07,invisible_lower,invisible,10.708081431950374,42.311073045490915,binned_delta_chi2_with_3_event_floor,delphes_corrected,invisible_lower,1.0011454143673066,91.2,150.0
0.012224184271336385,0.03599844726496792,invisible_upper,invisible,10.708081431950374,42.311073045490915,binned_delta_chi2_with_3_event_floor,delphes_corrected,invisible_upper,54942043.11161681,91.2,150.0
0.01285360234686171,5.537746179661912e-07,invisible_lower,invisible,10.708081453561705,42.31107321627755,binned_delta_chi2_with_3_event_floor,delphes_corrected,invisible_lower,1.0004330742000942,91.2,150.0
0.01285360234686171,0.032408251298236976,invisible_upper,invisible,10.708081453561705,42.31107321627755,binned_delta_chi2_with_3_event_floor,delphes_corrected,invisible_upper,46828260.98987915,91.2,150.0
0.013515428892760552,5.531838666365467e-07,invisible_lower,invisible,10.708081477455845,42.311073405104416,binned_delta_chi2_with_3_event_floor,delphes_corrected,invisible_lower,1.0025701012907933,91.2,150.0
0.013515428892760552,0.029138257240612933,invisible_upper,invisible,10.708081477455845,42.311073405104416,binned_delta_chi2_with_3_event_floor,delphes_corrected,invisible_upper,36267762.53090107,91.2,150.0
0.014211332607458943,5.537464019851631e-07,invisible_lower,invisible,10.708081503873931,42.31107361387712,binned_delta_chi2_with_3_event_floor,delphes_corrected,invisible_lower,1.0005348415390938,91.2,150.0
0.014211332607458943,0.026263650919522766,invisible_upper,invisible,10.708081503873931,42.31107361387712,binned_delta_chi2_with_3_event_floor,delphes_corrected,invisible_upper,34104664.24810388,91.2,150.0
0.014943068109958794,5.540278774976135e-07,invisible_lower,invisible,10.70808153308256,42.311073844702484,binned_delta_chi2_with_3_event_floor,delphes_corrected,invisible_lower,0.999517213340631,91.2,150.0
0.014943068109958794,0.023566813020602474,invisible_upper,invisible,10.70808153308256,42.311073844702484,binned_delta_chi2_with_3_event_floor,delphes_corrected,invisible_upper,22972997.308466654,91.2,150.0
0.015712480363851946,5.534367222730895e-07,invisible_lower,invisible,10.7080815653765,42.31107409990997,binned_delta_chi2_with_3_event_floor,delphes_corrected,invisible_lower,1.0016542420217587,91.2,150.0
0.015712480363851946,0.02119545818138992,invisible_upper,invisible,10.7080815653765,42.31107409990997,binned_delta_chi2_with_3_event_floor,delphes_corrected,invisible_upper,18493747.58916413,91.2,150.0
0.016521509329124887,5.542534028347435e-07,invisible_lower,invisible,10.708081601081659,42.31107438207511,binned_delta_chi2_with_3_event_floor,delphes_corrected,invisible_lower,0.9987031162257405,91.2,150.0
0.016521509329124887,0.01907820682307022,invisible_upper,invisible,10.708081601081659,42.31107438207511,binned_delta_chi2_with_3_event_floor,delphes_corrected,invisible_upper,15872118.334953489,91.2,150.0
0.01737219485348296,5.536617873560372e-07,invisible_lower,invisible,10.708081640558357,42.31107469404537,binned_delta_chi2_with_3_event_floor,delphes_corrected,invisible_lower,1.0008401466418007,91.2,150.0
0.01737219485348296,0.017208351762292268,invisible_upper,invisible,10.708081640558357,42.31107469404537,binned_delta_chi2_with_3_event_floor,delphes_corrected,invisible_upper,15900506.906354185,91.2,150.0
0.01826668181552667,5.536617922931183e-07,invisible_lower,invisible,10.708081684204982,42.31107503896908,binned_delta_chi2_with_3_event_floor,delphes_corrected,invisible_lower,1.000840153002212,91.2,150.0
0.01826668181552667,0.015406331552474777,invisible_upper,invisible,10.708081684204982,42.31107503896908,binned_delta_chi2_with_3_event_floor,delphes_corrected,invisible_upper,9345879.734867524,91.2,150.0
0.019207225532748076,5.539713594206944e-07,invisible_lower,invisible,10.708081732462002,42.31107542032709,binned_delta_chi2_with_3_event_floor,delphes_corrected,invisible_lower,0.9997207665964841,91.2,150.0
0.019207225532748076,0.013893547588760626,invisible_upper,invisible,10.708081732462002,42.31107542032709,binned_delta_chi2_with_3_event_floor,delphes_corrected,invisible_upper,9278200.448089527,91.2,150.0
0.02019619744798259,5.539431040254594e-07,invisible_lower,invisible,10.70808178581642,42.311075841968034,binned_delta_chi2_with_3_event_floor,delphes_corrected,invisible_lower,0.999822539198556,91.2,150.0
0.02019619744798259,0.012480206618900048,invisible_upper,invisible,10.70808178581642,42.311075841968034,binned_delta_chi2_with_3_event_floor,delphes_corrected,invisible_upper,7008988.035379525,91.2,150.0
0.02123609110865373,5.536618109928974e-07,invisible_lower,invisible,10.708081844806667,42.31107630814692,binned_delta_chi2_with_3_event_floor,delphes_corrected,invisible_lower,1.0008401819000141,91.2,150.0
0.02123609110865373,0.01123035208188038,invisible_upper,invisible,10.708081844806667,42.31107630814692,binned_delta_chi2_with_3_event_floor,delphes_corrected,invisible_upper,6015109.699582149,91.2,150.0
0.02232952845388675,5.538028970426355e-07,invisible_lower,invisible,10.708081910028051,42.311076823568264,binned_delta_chi2_with_3_event_floor,delphes_corrected,invisible_lower,1.0003313805478435,91.2,150.0
0.02232952845388675,0.010118473913059273,invisible_upper,invisible,10.708081910028051,42.311076823568264,binned_delta_chi2_with_3_event_floor,delphes_corrected,invisible_upper,5649146.785407361,91.2,150.0
0.023479266425342975,5.538029058724422e-07,invisible_lower,invisible,10.708081982138772,42.311077393433585,binned_delta_chi2_with_3_event_floor,delphes_corrected,invisible_lower,1.0003313979004047,91.2,150.0
0.023479266425342975,0.009062997909956322,invisible_upper,invisible,10.708081982138772,42.311077393433585,binned_delta_chi2_with_3_event_floor,delphes_corrected,invisible_upper,3570807.945742402,91.2,150.0
0.024688203918443282,5.536900417690748e-07,invisible_lower,invisible,10.708082061866541,42.31107802349373,binned_delta_chi2_with_3_event_floor,delphes_corrected,invisible_lower,1.0007384715719034,91.2,150.0
0.024688203918443282,0.008151280397633954,invisible_upper,invisible,10.708082061866541,42.31107802349373,binned_delta_chi2_with_3_event_floor,delphes_corrected,invisible_upper,3004257.2032361436,91.2,150.0
0.025959389091507152,5.538876429411958e-07,invisible_lower,invisible,10.708082150015947,42.31107872010707,binned_delta_chi2_with_3_event_floor,delphes_corrected,invisible_lower,1.0000261556900039,91.2,150.0
0.025959389091507152,0.007312634340362916,invisible_upper,invisible,10.708082150015947,42.31107872010707,binned_delta_chi2_with_3_event_floor,delphes_corrected,invisible_upper,2149666.9434739063,91.2,150.0
0.027296027051236068,5.543108334417376e-07,invisible_lower,invisible,10.708082247476563,42.31107949030359,binned_delta_chi2_with_3_event_floor,delphes_corrected,invisible_lower,0.9984997405668548,91.2,150.0
0.027296027051236068,0.0065686673437738725,invisible_upper,invisible,10.708082247476563,42.31107949030359,binned_delta_chi2_with_3_event_floor,delphes_corrected,invisible_upper,1684574.984550284,91.2,150.0
0.02870148793391941,5.538876701363752e-07,invisible_lower,invisible,10.708082355231925,42.31108034185583,binned_delta_chi2_with_3_event_floor,delphes_corrected,invisible_lower,1.0000262261133483,91.2,150.0
0.02870148793391941,0.005916566984701822,invisible_upper,invisible,10.708082355231925,42.31108034185583,binned_delta_chi2_with_3_event_floor,delphes_corrected,invisible_upper,1580535.1426329284,91.2,150.0
0.030179315402737984,5.537747435347876e-07,invisible_lower,invisible,10.708082474369457,42.31108128335731,binned_delta_chi2_with_3_event_floor,delphes_corrected,invisible_lower,1.0004333259824347,91.2,150.0
0.030179315402737984,0.0053145413325769615,invisible_upper,invisible,10.708082474369457,42.31108128335731,binned_delta_chi2_with_3_event_floor,delphes_corrected,invisible_upper,1249673.393826094,91.2,150.0
0.03173323558259032,5.539714728827256e-07,invisible_lower,invisible,10.70808260609145,42.31108232430932,binned_delta_chi2_with_3_event_floor,delphes_corrected,invisible_lower,0.9997210419413312,91.2,150.0
0.03173323558259032,0.004772350125047872,invisible_upper,invisible,10.70808260609145,42.31108232430932,binned_delta_chi2_with_3_event_floor,delphes_corrected,invisible_upper,976007.7912526147,91.2,150.0
0.03336716645496926,5.536337731992625e-07,invisible_lower,invisible,10.708082751727193,42.31108347521676,binned_delta_chi2_with_3_event_floor,delphes_corrected,invisible_lower,1.0009422703878383,91.2,150.0
0.03336716645496926,0.0042823045091894205,invisible_upper,invisible,10.708082751727193,42.31108347521676,binned_delta_chi2_with_3_event_floor,delphes_corrected,invisible_upper,733538.2860376836,91.2,150.0
0.035085227736576866,5.53831267928725e-07,invisible_lower,invisible,10.708082912746367,42.31108474769399,binned_delta_chi2_with_3_event_floor,delphes_corrected,invisible_lower,1.000230014902386,91.2,150.0
0.035085227736576866,0.0038510199493557032,invisible_upper,invisible,10.708082912746367,42.31108474769399,binned_delta_chi2_with_3_event_floor,delphes_corrected,invisible_upper,633834.5533364136,91.2,150.0
0.036891751266584956,5.53971546592477e-07,invisible_lower,invisible,10.708083090773915,42.31108615458238,binned_delta_chi2_with_3_event_floor,delphes_corrected,invisible_lower,0.9997213048462803,91.2,150.0
0.036891751266584956,0.003458676420636551,invisible_upper,invisible,10.708083090773915,42.31108615458238,binned_delta_chi2_with_3_event_floor,delphes_corrected,invisible_upper,509150.3648534246,91.2,150.0
0.03879129192873127,5.533245401168538e-07,invisible_lower,invisible,10.708083287606398,42.3110877100795,binned_delta_chi2_with_3_event_floor,delphes_corrected,invisible_lower,1.0020619870885876,91.2,150.0
0.03879129192873127,0.0031062875842818504,invisible_upper,invisible,10.708083287606398,42.3110877100795,binned_delta_chi2_with_3_event_floor,delphes_corrected,invisible_upper,411346.2797126296,91.2,150.0
0.040788639135789846,5.541128930807737e-07,invisible_lower,invisible,10.708083505230153,42.31108942988269,binned_delta_chi2_with_3_event_floor,delphes_corrected,invisible_lower,0.9992127760497195,91.2,150.0
0.040788639135789846,0.0027928278695012517,invisible_upper,invisible,10.708083505230153,42.31108942988269,binned_delta_chi2_with_3_event_floor,delphes_corrected,invisible_upper,355867.35554223147,91.2,150.0
0.04288882890537182,5.539433967417953e-07,invisible_lower,invisible,10.708083745841321,42.31109133134727,binned_delta_chi2_with_3_event_floor,delphes_corrected,invisible_lower,0.9998235482982188,91.2,150.0
0.04288882890537182,0.002500348613710427,invisible_upper,invisible,10.708083745841321,42.31109133134727,binned_delta_chi2_with_3_event_floor,delphes_corrected,invisible_upper,242948.86340666344,91.2,150.0
0.04509715655750422,5.536621453297437e-07,invisible_lower,invisible,10.708084011868019,42.31109343366181,binned_delta_chi2_with_3_event_floor,delphes_corrected,invisible_lower,1.0008414166982955,91.2,150.0
0.04509715655750422,0.0022397353060307043,invisible_upper,invisible,10.708084011868019,42.31109343366181,binned_delta_chi2_with_3_event_floor,delphes_corrected,invisible_upper,173098.81125090914,91.2,150.0
0.04741919006600149,5.540283058503648e-07,invisible_lower,invisible,10.708084305994825,42.31109575804158,binned_delta_chi2_with_3_event_floor,delphes_corrected,invisible_lower,0.999518783106245,91.2,150.0
0.04741919006600149,0.0020136478319544753,invisible_upper,invisible,10.708084305994825,42.31109575804158,binned_delta_chi2_with_3_event_floor,delphes_corrected,invisible_upper,152172.19964917738,91.2,150.0
0.049860784097293796,5.541131083707559e-07,invisible_lower,invisible,10.708084631189873,42.311098327942716,binned_delta_chi2_with_3_event_floor,delphes_corrected,invisible_lower,0.99921384582893,91.2,150.0
0.049860784097293796,0.0018055001900412224,invisible_upper,invisible,10.708084631189873,42.311098327942716,binned_delta_chi2_with_3_event_floor,delphes_corrected,invisible_upper,116147.24511054806,91.2,150.0
0.05242809477210838,5.540567293883632e-07,invisible_lower,invisible,10.708084990734816,42.311101169298986,binned_delta_chi2_with_3_event_floor,delphes_corrected,invisible_lower,0.9994178034399758,91.2,150.0
0.05242809477210838,0.0016194255511556965,invisible_upper,invisible,10.708084990734816,42.311101169298986,binned_delta_chi2_with_3_event_floor,delphes_corrected,invisible_upper,91037.4406491184,91.2,150.0
0.05512759518722376,5.541132763626033e-07,invisible_lower,invisible,10.708085388257913,42.31110431078326,binned_delta_chi2_with_3_event_floor,delphes_corrected,invisible_lower,0.9992148035203129,91.2,150.0
0.05512759518722376,0.0014564428709988233,invisible_upper,invisible,10.708085388257913,42.31110431078326,binned_delta_chi2_with_3_event_floor,delphes_corrected,invisible_upper,82705.71109796621,91.2,150.0
0.05796609173643262,5.538036223262253e-07,invisible_lower,invisible,10.70808582777066,42.311107784097,binned_delta_chi2_with_3_event_floor,delphes_corrected,invisible_lower,1.0003348455512853,91.2,150.0
0.05796609173643262,0.0013085303238518989,invisible_upper,invisible,10.70808582777066,42.311107784097,binned_delta_chi2_with_3_event_floor,delphes_corrected,invisible_upper,71547.74879617077,91.2,150.0
0.06095074127186382,5.540853370653296e-07,invisible_lower,invisible,10.708086313708245,42.31111162428998,binned_delta_chi2_with_3_event_floor,delphes_corrected,invisible_lower,0.9993179981550522,91.2,150.0
0.06095074127186382,0.0011716594216662044,invisible_upper,invisible,10.708086313708245,42.31111162428998,binned_delta_chi2_with_3_event_floor,delphes_corrected,invisible_upper,52395.56929603169,91.2,150.0
0.06408906914893406,5.536910189082188e-07,invisible_lower,invisible,10.708086850974308,42.31111587011397,binned_delta_chi2_with_3_event_floor,delphes_corrected,invisible_lower,1.0007436514747867,91.2,150.0
0.06408906914893406,0.001051492584233591,invisible_upper,invisible,10.708086850974308,42.31111587011397,binned_delta_chi2_with_3_event_floor,delphes_corrected,invisible_upper,43391.6341626127,91.2,150.0
0.06738898820042605,5.537476183903695e-07,invisible_lower,invisible,10.70808744499041,42.31112056441374,binned_delta_chi2_with_3_event_floor,delphes_corrected,invisible_lower,1.000541302012537,91.2,150.0
0.06738898820042605,0.0009393668235692843,invisible_upper,invisible,10.70808744499041,42.31112056441374,binned_delta_chi2_with_3_event_floor,delphes_corrected,invisible_upper,28997.766547979154,91.2,150.0
0.0708588186875342,5.540010266327461e-07,invisible_lower,invisible,10.708088101750734,42.31112575455928,binned_delta_chi2_with_3_event_floor,delphes_corrected,invisible_lower,0.9996268666386885,91.2,150.0
0.0708588186875342,0.0008455834139008129,invisible_upper,invisible,10.708088101750734,42.31112575455928,binned_delta_chi2_with_3_event_floor,delphes_corrected,invisible_upper,28194.731406289902,91.2,150.0
0.07450730927818115,5.53776288358948e-07,invisible_lower,invisible,10.708088827882547,42.31113149292362,binned_delta_chi2_with_3_event_floor,delphes_corrected,invisible_lower,1.0004427377659757,91.2,150.0
0.07450730927818115,0.0007589278701188953,invisible_upper,invisible,10.708088827882547,42.31113149292362,binned_delta_chi2_with_3_event_floor,delphes_corrected,invisible_upper,23914.984996264782,91.2,150.0
0.07834365910549897,5.536355603846186e-07,invisible_lower,invisible,10.708089630713074,42.31113783741139,binned_delta_chi2_with_3_event_floor,delphes_corrected,invisible_lower,1.0009537105996527,91.2,150.0
0.07834365910549897,0.0006789581352893315,invisible_upper,invisible,10.708089630713074,42.31113783741139,binned_delta_chi2_with_3_event_floor,delphes_corrected,invisible_upper,17580.06812143556,91.2,150.0
0.08237754096209213,5.535514902855442e-07,invisible_lower,invisible,10.708090518343385,42.31114485204262,binned_delta_chi2_with_3_event_floor,delphes_corrected,invisible_lower,1.0012616354731314,91.2,150.0
0.08237754096209213,0.0006077321916308644,invisible_upper,invisible,10.708090518343385,42.31114485204262,binned_delta_chi2_with_3_event_floor,delphes_corrected,invisible_upper,13382.96670636326,91.2,150.0
0.08661912568856324,5.540023162536302e-07,invisible_lower,invisible,10.708091499730147,42.3111526075989,binned_delta_chi2_with_3_event_floor,delphes_corrected,invisible_lower,0.9996366144537253,91.2,150.0
0.08661912568856324,0.0005444550954784452,invisible_upper,invisible,10.708091499730147,42.3111526075989,binned_delta_chi2_with_3_event_floor,delphes_corrected,invisible_upper,10697.53129881318,91.2,150.0
0.09107910781779381,5.54059361883615e-07,invisible_lower,invisible,10.708092584775939,42.31116118233706,binned_delta_chi2_with_3_event_floor,delphes_corrected,invisible_lower,0.9994370104932634,91.2,150.0
0.09107910781779381,0.0004879142079726139,invisible_upper,invisible,10.708092584775939,42.31116118233706,binned_delta_chi2_with_3_event_floor,delphes_corrected,invisible_upper,8736.698867810803,91.2,150.0
0.09576873253963807,5.544837364095062e-07,invisible_lower,invisible,10.708093784429147,42.31117066277865,binned_delta_chi2_with_3_event_floor,delphes_corrected,invisible_lower,0.9979153226418109,91.2,150.0
0.09576873253963807,0.0004362429316835558,invisible_upper,invisible,10.708093784429147,42.31117066277865,binned_delta_chi2_with_3_event_floor,delphes_corrected,invisible_upper,6524.801481225181,91.2,150.0
0.10069982405401759,5.541170945201342e-07,invisible_lower,invisible,10.708095110794384,42.311181144582505,binned_delta_chi2_with_3_event_floor,delphes_corrected,invisible_lower,0.9992441432687513,91.2,150.0
0.10069982405401759,0.000391607171353139,invisible_upper,invisible,10.708095110794384,42.311181144582505,binned_delta_chi2_with_3_event_floor,delphes_corrected,invisible_upper,5818.746357535687,91.2,150.0
0.10588481538390442,5.540615032173191e-07,invisible_lower,invisible,10.708096577254564,42.31119273350956,binned_delta_chi2_with_3_event_floor,delphes_corrected,invisible_lower,0.9994548475952102,91.2,150.0
0.10588481538390442,0.0003496512363532959,invisible_upper,invisible,10.708096577254564,42.31119273350956,binned_delta_chi2_with_3_event_floor,delphes_corrected,invisible_upper,4188.755082065606,91.2,150.0
0.11133677972336259,5.541752515567335e-07,invisible_lower,invisible,10.708098198605855,42.31120554648928,binned_delta_chi2_with_3_event_floor,delphes_corrected,invisible_lower,0.9990565424246429,91.2,150.0
0.11133677972336259,0.0003123091925605834,invisible_upper,invisible,10.708098198605855,42.31120554648928,binned_delta_chi2_with_3_event_floor,delphes_corrected,invisible_upper,3104.553630780403,91.2,150.0
0.11706946339968652,5.541483202060392e-07,invisible_lower,invisible,10.70809999120689,42.31121971279889,binned_delta_chi2_with_3_event_floor,delphes_corrected,invisible_lower,0.999169024269456,91.2,150.0
0.11706946339968652,0.0002793871236803721,invisible_upper,invisible,10.70809999120689,42.31121971279889,binned_delta_chi2_with_3_event_floor,delphes_corrected,invisible_upper,2474.0026283428006,91.2,150.0
0.12309732053274633,5.540369439275163e-07,invisible_lower,invisible,10.708101973143693,42.311235375366735,binned_delta_chi2_with_3_event_floor,delphes_corrected,invisible_lower,0.9995892032908288,91.2,150.0
0.12309732053274633,0.00024981033959788296,invisible_upper,invisible,10.708101973143693,42.311235375366735,binned_delta_chi2_with_3_event_floor,delphes_corrected,invisible_upper,1953.701956974317,91.2,150.0
0.12943554947892819,5.538136679345323e-07,invisible_lower,invisible,10.708104164412017,42.31125269221327,binned_delta_chi2_with_3_event_floor,delphes_corrected,invisible_lower,1.0004193974309439,91.2,150.0
0.12943554947892819,0.00022284953113604216,invisible_upper,invisible,10.708104164412017,42.31125269221327,binned_delta_chi2_with_3_event_floor,delphes_corrected,invisible_upper,1432.645278698743,91.2,150.0
0.13610013115155728,5.540126032469305e-07,invisible_lower,invisible,10.708106587118927,42.311271838044185,binned_delta_chi2_with_3_event_floor,delphes_corrected,invisible_lower,0.9997265763007812,91.2,150.0
0.13610013115155728,0.00019953392300331424,invisible_upper,invisible,10.708106587118927,42.311271838044185,binned_delta_chi2_with_3_event_floor,delphes_corrected,invisible_upper,1215.8983102335235,91.2,150.0
0.14310786931442387,5.542689744856402e-07,invisible_lower,invisible,10.708109265705614,42.311293006011226,binned_delta_chi2_with_3_event_floor,delphes_corrected,invisible_lower,0.9988345284849015,91.2,150.0
0.14310786931442387,0.00017779769991745317,invisible_upper,invisible,10.708109265705614,42.311293006011226,binned_delta_chi2_with_3_event_floor,delphes_corrected,invisible_upper,879.0791801697912,91.2,150.0
0.15047643295000518,5.537650889039508e-07,invisible_lower,invisible,10.708112227193725,42.31131640965895,binned_delta_chi2_with_3_event_floor,delphes_corrected,invisible_lower,1.0006958001342536,91.2,150.0
0.15047643295000518,0.00015735340455923133,invisible_upper,invisible,10.708112227193725,42.31131640965895,binned_delta_chi2_with_3_event_floor,delphes_corrected,invisible_upper,514.7847975847457,91.2,150.0
0.15822440080920963,5.541914226541373e-07,invisible_lower,invisible,10.708115501457653,42.31134228507664,binned_delta_chi2_with_3_event_floor,delphes_corrected,invisible_lower,0.9992048673989008,91.2,150.0
0.15822440080920963,0.00014194455142358488,invisible_upper,invisible,10.708115501457653,42.31134228507664,binned_delta_chi2_with_3_event_floor,delphes_corrected,invisible_upper,576.7542463922834,91.2,150.0
0.16637130825496863,5.535761731657794e-07,invisible_lower,invisible,10.708119121525527,42.31137089327699,binned_delta_chi2_with_3_event_floor,delphes_corrected,invisible_lower,1.0014879122850389,91.2,150.0
0.16637130825496863,0.00012687626922798032,invisible_upper,invisible,10.708119121525527,42.31137089327699,binned_delta_chi2_with_3_event_floor,delphes_corrected,invisible_upper,480.383820054906,91.2,150.0
0.1749376965177844,5.540607139486588e-07,invisible_lower,invisible,10.70812312391191,42.31140252282545,binned_delta_chi2_with_3_event_floor,delphes_corrected,invisible_lower,0.9998110009017943,91.2,150.0
0.1749376965177844,0.00011263595899263415,invisible_upper,invisible,10.70812312391191,42.31140252282545,binned_delta_chi2_with_3_event_floor,delphes_corrected,invisible_upper,326.7469315707697,91.2,150.0
0.18394516448742576,5.545762431699539e-07,invisible_lower,invisible,10.70812754898556,42.31143749274668,binned_delta_chi2_with_3_event_floor,delphes_corrected,invisible_lower,0.9980439904282967,91.2,150.0
0.18394516448742576,0.00010078541360794046,invisible_upper,invisible,10.70812754898556,42.31143749274668,binned_delta_chi2_with_3_event_floor,delphes_corrected,invisible_upper,287.78962326086935,91.2,150.0
0.19341642317135654,5.540192402027361e-07,invisible_lower,invisible,10.708132441375914,42.31147615573701,binned_delta_chi2_with_3_event_floor,delphes_corrected,invisible_lower,1.0001599441638347,91.2,150.0
0.19341642317135654,8.91286218717792e-05,invisible_upper,invisible,10.708132441375914,42.31147615573701,binned_delta_chi2_with_3_event_floor,delphes_corrected,invisible_upper,181.4591569989856,91.2,150.0
0.2033753529572046,5.540010144748331e-07,invisible_lower,invisible,10.70813785042238,42.31151890171529,binned_delta_chi2_with_3_event_floor,delphes_corrected,invisible_lower,1.000359533481645,91.2,150.0
0.2033753529572046,7.975634610961387e-05,invisible_upper,invisible,10.70813785042238,42.31151890171529,binned_delta_chi2_with_3_event_floor,delphes_corrected,invisible_upper,163.74679557460664,91.2,150.0
0.2138470638236518,5.540415363745459e-07,invisible_lower,invisible,10.708143830670886,42.31156616174722,binned_delta_chi2_with_3_event_floor,delphes_corrected,invisible_lower,1.0003772732082394,91.2,150.0
0.2138470638236518,7.088242220742073e-05,invisible_upper,invisible,10.708143830670886,42.31156616174722,binned_delta_chi2_with_3_event_floor,delphes_corrected,invisible_upper,123.45900532433647,91.2,150.0
0.22485795865155753,5.543676266731996e-07,invisible_lower,invisible,10.708150442422692,42.31161841238277,binned_delta_chi2_with_3_event_floor,delphes_corrected,invisible_lower,0.9994031888297354,91.2,150.0
0.22485795865155753,6.309257099253148e-05,invisible_upper,invisible,10.708150442422692,42.31161841238277,binned_delta_chi2_with_3_event_floor,delphes_corrected,invisible_upper,98.63065934028329,91.2,150.0
0.2364357997949439,5.535106795537993e-07,invisible_lower,invisible,10.708157752340934,42.31167618044991,binned_delta_chi2_with_3_event_floor,delphes_corrected,invisible_lower,1.002739558105788,91.2,150.0
0.2364357997949439,5.5899093776671346e-05,invisible_upper,invisible,10.708157752340934,42.31167618044991,binned_delta_chi2_with_3_event_floor,delphes_corrected,invisible_upper,71.15471402369444,91.2,150.0
0.24860977907969461,5.540682421879036e-07,invisible_lower,invisible,10.70816583412087,42.311740048351844,binned_delta_chi2_with_3_event_floor,delphes_corrected,invisible_lower,1.0010229025656106,91.2,150.0
0.24860977907969461,4.9188099113190234e-05,invisible_upper,invisible,10.70816583412087,42.311740048351844,binned_delta_chi2_with_3_event_floor,delphes_corrected,invisible_upper,44.65866834303987,91.2,150.0
0.2614105914064554,5.542077998012437e-07,invisible_lower,invisible,10.708174769230583,42.3118106599212,binned_delta_chi2_with_3_event_floor,delphes_corrected,invisible_lower,1.000882843608948,91.2,150.0
0.2614105914064554,4.3798752721792926e-05,invisible_upper,invisible,10.708174769230583,42.3118106599212,binned_delta_chi2_with_3_event_floor,delphes_corrected,invisible_upper,38.018082684594795,91.2,150.0
0.27487051214331765,5.543542575621284e-07,invisible_lower,invisible,10.708184647729448,42.3118887268888,binned_delta_chi2_with_3_event_floor,delphes_corrected,invisible_lower,1.0008023374324202,91.2,150.0
0.27487051214331765,3.888849952088968e-05,invisible_upper,invisible,10.708184647729448,42.3118887268888,binned_delta_chi2_with_3_event_floor,delphes_corrected,invisible_upper,30.76735158407275,91.2,150.0
0.2890234785034193,5.547622174984833e-07,invisible_lower,invisible,10.708195569172451,42.311975036031185,binned_delta_chi2_with_3_event_floor,delphes_corrected,invisible_lower,0.9998768508706593,91.2,150.0
0.2890234785034193,3.462187973321942e-05,invisible_upper,invisible,10.708195569172451,42.311975036031185,binned_delta_chi2_with_3_event_floor,delphes_corrected,invisible_upper,26.786199111609413,91.2,150.0
0.30390517511264165,5.552943481131847e-07,invisible_lower,invisible,10.708207643609368,42.31207045706793,binned_delta_chi2_with_3_event_floor,delphes_corrected,invisible_lower,0.9986316221276108,91.2,150.0
0.30390517511264165,3.062461959365884e-05,invisible_upper,invisible,10.708207643609368,42.31207045706793,binned_delta_chi2_with_3_event_floor,delphes_corrected,invisible_upper,20.69393990536117,91.2,150.0
0.3195531239831534,5.556107945349858e-07,invisible_lower,invisible,10.708220992688595,42.312175951386244,binned_delta_chi2_with_3_event_floor,delphes_corrected,invisible_lower,0.9983109347556693,91.2,150.0
0.3195531239831534,2.707655491179058e-05,invisible_upper,invisible,10.708220992688595,42.312175951386244,binned_delta_chi2_with_3_event_floor,delphes_corrected,invisible_upper,16.200234606711962,91.2,150.0
0.33600677911965227,5.55855376059066e-07,invisible_lower,invisible,10.708235750876543,42.312292581679166,binned_delta_chi2_with_3_event_floor,delphes_corrected,invisible_lower,0.9984299410308127,91.2,150.0
0.33600677911965227,2.3868590284916174e-05,invisible_upper,invisible,10.708235750876543,42.312292581679166,binned_delta_chi2_with_3_event_floor,delphes_corrected,invisible_upper,12.282864923736827,91.2,150.0
0.35330762599684284,5.561738052952773e-07,invisible_lower,invisible,10.708252066804544,42.312421522591805,binned_delta_chi2_with_3_event_floor,delphes_corrected,invisible_lower,0.9985083461011746,91.2,150.0
0.35330762599684284,2.1137644528812216e-05,invisible_upper,invisible,10.708252066804544,42.312421522591805,binned_delta_chi2_with_3_event_floor,delphes_corrected,invisible_upper,10.34735102964651,91.2,150.0
0.37149928615896854,5.564263898112339e-07,invisible_lower,invisible,10.70827010475647,42.312564072480136,binned_delta_chi2_with_3_event_floor,delphes_corrected,invisible_lower,0.9990947966552358,91.2,150.0
0.37149928615896854,1.859483574525535e-05,invisible_upper,invisible,10.70827010475647,42.312564072480136,binned_delta_chi2_with_3_event_floor,delphes_corrected,invisible_upper,7.953421634233935,91.2,150.0
0.39062762720512717,5.563576625520485e-07,invisible_lower,invisible,10.708290046311562,42.31272166639678,binned_delta_chi2_with_3_event_floor,delphes_corrected,invisible_lower,1.001159306999894,91.2,150.0
0.39062762720512717,1.632537072006257e-05,invisible_upper,invisible,10.708290046311562,42.31272166639678,binned_delta_chi2_with_3_event_floor,delphes_corrected,invisible_upper,6.099948890676627,91.2,150.0
0.4107408784376852,5.574440163797854e-07,invisible_lower,invisible,10.708312092158442,42.312895890430525,binned_delta_chi2_with_3_event_floor,delphes_corrected,invisible_lower,0.9995285591411976,91.2,150.0
0.4107408784376852,1.4331898133428464e-05,invisible_upper,invisible,10.708312092158442,42.312895890430525,binned_delta_chi2_with_3_event_floor,delphes_corrected,invisible_upper,4.817922872707628,91.2,150.0
0.43188975246538064,5.589259232817947e-07,invisible_lower,invisible,10.708336464097885,42.313088497538146,binned_delta_chi2_with_3_event_floor,delphes_corrected,invisible_lower,0.9970291691911731,91.2,150.0
0.43188975246538064,1.250708338551365e-05,invisible_upper,invisible,10.708336464097885,42.313088497538146,binned_delta_chi2_with_3_event_floor,delphes_corrected,invisible_upper,3.621471824673196,91.2,150.0
0.45412757306771606,5.590830624311831e-07,invisible_lower,invisible,10.708363407253621,42.31330142502154,binned_delta_chi2_with_3_event_floor,delphes_corrected,invisible_lower,0.9998232609309959,91.2,150.0
0.45412757306771606,1.1019831833932047e-05,invisible_upper,invisible,10.708363407253621,42.31330142502154,binned_delta_chi2_with_3_event_floor,delphes_corrected,invisible_upper,3.178460001587705,91.2,150.0
0.47751040964303687,5.611294848608079e-07,invisible_lower,invisible,10.708393192512382,42.313536813817535,binned_delta_chi2_with_3_event_floor,delphes_corrected,invisible_lower,0.9967826216846263,91.2,150.0
0.47751040964303687,9.61168768854274e-06,invisible_upper,invisible,10.708393192512382,42.313536813817535,binned_delta_chi2_with_3_event_floor,delphes_corrected,invisible_upper,2.534613971683581,91.2,150.0
0.5020972185792844,5.626104105765798e-07,invisible_lower,invisible,10.70842611921646,42.31379702978498,binned_delta_chi2_with_3_event_floor,delphes_corrected,invisible_lower,0.9967010757782313,91.2,150.0
0.5020972185792844,8.461004886445932e-06,invisible_upper,invisible,10.70842611921646,42.31379702978498,binned_delta_chi2_with_3_event_floor,delphes_corrected,invisible_upper,2.30473957281043,91.2,150.0
0.527949991903867,5.643426745160892e-07,invisible_lower,invisible,10.708462518134263,42.31408468719056,binned_delta_chi2_with_3_event_floor,delphes_corrected,invisible_lower,0.9969575261763243,91.2,150.0
0.527949991903867,7.3480513642298765e-06,invisible_upper,invisible,10.708462518134263,42.31408468719056,binned_delta_chi2_with_3_event_floor,delphes_corrected,invisible_upper,1.8710708620491467,91.2,150.0
0.555133913587454,5.66104627085222e-07,invisible_lower,invisible,10.70850275473682,42.31440267461478,binned_delta_chi2_with_3_event_floor,delphes_corrected,invisible_lower,0.9986000897885512,91.2,150.0
0.555133913587454,6.460593084380312e-06,invisible_upper,invisible,10.70850275473682,42.31440267461478,binned_delta_chi2_with_3_event_floor,delphes_corrected,invisible_upper,1.7594539956069115,91.2,150.0
0.5837175238957808,5.689600071754141e-07,invisible_lower,invisible,10.708547232810819,42.314754183520385,binned_delta_chi2_with_3_event_floor,delphes_corrected,invisible_lower,0.9984274007104266,91.2,150.0
0.5837175238957808,5.56461468107199e-06,invisible_upper,invisible,10.708547232810819,42.314754183520385,binned_delta_chi2_with_3_event_floor,delphes_corrected,invisible_upper,1.4240072761342388,91.2,150.0
0.6137728922038636,5.729769126247955e-07,invisible_lower,invisible,10.708596398441593,42.31514273974769,binned_delta_chi2_with_3_event_floor,delphes_corrected,invisible_lower,0.9968305866660199,91.2,150.0
0.6137728922038636,4.917207689251082e-06,invisible_upper,invisible,10.708596398441593,42.31514273974769,binned_delta_chi2_with_3_event_floor,delphes_corrected,invisible_upper,1.4549536019851446,91.2,150.0
0.6137728922038636,1.2643410983167292e-05,resolved_prompt,resolved_prompt,3183.231451800625,3739100.5445508175,binned_delta_chi2_with_3_event_floor,delphes_corrected,resolved_prompt,2.624614300181404,91.2,150.0
0.6453757987083427,5.777149272481647e-07,invisible_lower,invisible,10.70865074440247,42.315572238225684,binned_delta_chi2_with_3_event_floor,delphes_corrected,invisible_lower,0.9960105419108332,91.2,150.0
0.6453757987083427,4.210928025384583e-06,invisible_upper,invisible,10.70865074440247,42.315572238225684,binned_delta_chi2_with_3_event_floor,delphes_corrected,invisible_upper,1.214379243239262,91.2,150.0
0.6453757987083427,1.2389120874942899e-05,resolved_prompt,resolved_prompt,3212.695537658011,3808639.342320183,binned_delta_chi2_with_3_event_floor,delphes_corrected,resolved_prompt,2.3998227854361533,91.2,150.0
0.6786059254961166,5.841768540259578e-07,invisible_lower,invisible,10.708710814990383,42.316046981214754,binned_delta_chi2_with_3_event_floor,delphes_corrected,invisible_lower,0.9937950178471804,91.2,150.0
0.6786059254961166,3.6734052233103396e-06,invisible_upper,invisible,10.708710814990383,42.316046981214754,binned_delta_chi2_with_3_event_floor,delphes_corrected,invisible_upper,1.186395790179062,91.2,150.0
0.6786059254961166,1.2314378233059838e-05,resolved_prompt,resolved_prompt,3346.409574491876,4132271.9705722868,binned_delta_chi2_with_3_event_floor,delphes_corrected,resolved_prompt,2.156480923245436,91.2,150.0
0.7135470574510224,5.905820004825274e-07,invisible_lower,invisible,10.708777211350775,42.31657172042276,binned_delta_chi2_with_3_event_floor,delphes_corrected,invisible_lower,0.9969326137043774,91.2,150.0
0.7135470574510224,3.199246821352294e-06,invisible_upper,invisible,10.708777211350775,42.31657172042276,binned_delta_chi2_with_3_event_floor,delphes_corrected,invisible_upper,1.1729491333822586,91.2,150.0
0.7135470574510224,1.2623822535615885e-05,resolved_prompt,resolved_prompt,3775.256966743683,5259249.138356721,binned_delta_chi2_with_3_event_floor,delphes_corrected,resolved_prompt,1.8891889824278438,91.2,150.0
0.7502872935051115,6.023479376764564e-07,invisible_lower,invisible,10.708850597338913,42.31715170336752,binned_delta_chi2_with_3_event_floor,delphes_corrected,invisible_lower,0.9914783139188693,91.2,150.0
0.7502872935051115,2.673924886868953e-06,invisible_upper,invisible,10.708850597338913,42.31715170336752,binned_delta_chi2_with_3_event_floor,delphes_corrected,invisible_upper,0.982866191431245,91.2,150.0
0.7502872935051115,1.3234971975237303e-05,resolved_prompt,resolved_prompt,4463.9753238512385,7353164.461975192,binned_delta_chi2_with_3_event_floor,delphes_corrected,resolved_prompt,1.6246665491643622,91.2,150.0
0.788919268767168,6.163566972068658e-07,invisible_lower,invisible,10.708931705968334,42.31779272438888,binned_delta_chi2_with_3_event_floor,delphes_corrected,invisible_lower,0.990019154521162,91.2,150.0
0.788919268767168,2.306155785026406e-06,invisible_upper,invisible,10.708931705968334,42.31779272438888,binned_delta_chi2_with_3_event_floor,delphes_corrected,invisible_upper,0.9946660937759499,91.2,150.0
0.788919268767168,1.2634696941701488e-05,resolved_prompt,resolved_prompt,4169.943829394226,6416395.402325823,binned_delta_chi2_with_3_event_floor,delphes_corrected,resolved_prompt,1.542263733929447,91.2,150.0
0.8295403880885305,6.372250372469171e-07,invisible_lower,invisible,10.709021346501444,42.318501180746715,binned_delta_chi2_with_3_event_floor,delphes_corrected,invisible_lower,0.9858626653004338,91.2,150.0
0.8295403880885305,1.966159854884399e-06,invisible_upper,invisible,10.709021346501444,42.318501180746715,binned_delta_chi2_with_3_event_floor,delphes_corrected,invisible_upper,0.9963938291400989,91.2,150.0
0.8295403880885305,1.1543830768079419e-05,resolved_prompt,resolved_prompt,3498.2798102164315,4515853.000209562,binned_delta_chi2_with_3_event_floor,delphes_corrected,resolved_prompt,1.5283375922382185,91.2,150.0
0.8722530716551153,6.67768189979681e-07,invisible_lower,invisible,10.709120412241258,42.31928413427394,binned_delta_chi2_with_3_event_floor,delphes_corrected,invisible_lower,0.9832919460543271,91.2,150.0
0.8722530716551153,1.6327928831525057e-06,invisible_upper,invisible,10.709120412241258,42.31928413427394,binned_delta_chi2_with_3_event_floor,delphes_corrected,invisible_upper,0.9713479233430329,91.2,150.0
0.8722530716551153,1.1016690847885406e-05,resolved_prompt,resolved_prompt,3264.2918287768553,3931956.1414831537,binned_delta_chi2_with_3_event_floor,delphes_corrected,resolved_prompt,1.4561810760120295,91.2,150.0
0.917165013224873,7.227608846078132e-07,invisible_lower,invisible,10.709229889087892,42.32014937908984,binned_delta_chi2_with_3_event_floor,delphes_corrected,invisible_lower,0.9792561417372563,91.2,150.0
0.917165013224873,1.3247279015802975e-06,invisible_upper,invisible,10.709229889087892,42.32014937908984,binned_delta_chi2_with_3_event_floor,delphes_corrected,invisible_upper,0.9729206538131423,91.2,150.0
0.917165013224873,1.0792796606690369e-05,resolved_prompt,resolved_prompt,3226.8412912825975,3842252.663884259,binned_delta_chi2_with_3_event_floor,delphes_corrected,resolved_prompt,1.3546258907081965,91.2,150.0
0.9643894516617822,1.0628352213677544e-05,resolved_prompt,resolved_prompt,3224.920477148698,3837679.7357686297,binned_delta_chi2_with_3_event_floor,delphes_corrected,resolved_prompt,1.2639515789231062,91.2,150.0
1.01404545645101,1.0516372335556208e-05,resolved_prompt,resolved_prompt,3245.1618836314246,3886005.7752672536,binned_delta_chi2_with_3_event_floor,delphes_corrected,resolved_prompt,1.182726727995728,91.2,150.0
1.0662582279151316,1.0777764606784161e-05,resolved_prompt,resolved_prompt,3508.5394868257176,4542379.826795303,binned_delta_chi2_with_3_event_floor,delphes_corrected,resolved_prompt,1.0907004604445558,91.2,150.0
1.121159412888352,1.223299714375691e-05,resolved_prompt,resolved_prompt,4656.408138948644,8000788.471021096,binned_delta_chi2_with_3_event_floor,delphes_corrected,resolved_prompt,0.9819241721153078,91.2,150.0
1.178887436644668,1.282700937696299e-05,resolved_prompt,resolved_prompt,5133.967771791742,9726060.91579198,binned_delta_chi2_with_3_event_floor,delphes_corrected,resolved_prompt,0.9406427710201033,91.2,150.0
1.2395878519168562,1.1887026533740789e-05,resolved_prompt,resolved_prompt,4413.128191160501,7186605.3253193945,binned_delta_chi2_with_3_event_floor,delphes_corrected,resolved_prompt,0.9369335028476545,91.2,150.0
1.3034137058863158,1.1634855409079693e-05,resolved_prompt,resolved_prompt,4213.414280101059,6550870.810243368,binned_delta_chi2_with_3_event_floor,delphes_corrected,resolved_prompt,0.9227085313286023,91.2,150.0
1.3705259260690543,1.1680682232942103e-05,resolved_prompt,resolved_prompt,4249.279128957976,6662868.308412494,binned_delta_chi2_with_3_event_floor,delphes_corrected,resolved_prompt,0.9155227112000626,91.2,150.0
1.441093726070782,1.2436082233010768e-05,resolved_prompt,resolved_prompt,4800.768707309241,8504568.332501713,binned_delta_chi2_with_3_event_floor,delphes_corrected,resolved_prompt,0.9086837477613032,91.2,150.0
1.515295032234169,1.4131133320813191e-05,resolved_prompt,resolved_prompt,6186.066436452555,14120818.434023915,binned_delta_chi2_with_3_event_floor,delphes_corrected,resolved_prompt,0.9063497182789118,91.2,150.0
1.5933169322539769,1.3352694173548578e-05,resolved_prompt,resolved_prompt,5510.736337973517,11205983.389912093,binned_delta_chi2_with_3_event_floor,delphes_corrected,resolved_prompt,0.904362497230525,91.2,150.0
1.6753561468912066,1.2465505948278509e-05,resolved_prompt,resolved_prompt,4824.338936138212,8588282.719829954,binned_delta_chi2_with_3_event_floor,delphes_corrected,resolved_prompt,0.9085105680396593,91.2,150.0
1.7616195259756016,1.2648890067825453e-05,resolved_prompt,resolved_prompt,4950.88753948412,9044755.508715542,binned_delta_chi2_with_3_event_floor,delphes_corrected,resolved_prompt,0.9055993886407919,91.2,150.0
1.852324569947109,1.4150297714226303e-05,resolved_prompt,resolved_prompt,6178.190043998129,14084882.737917934,binned_delta_chi2_with_3_event_floor,delphes_corrected,resolved_prompt,0.903107305359111,91.2,150.0
1.9476999782513005,1.4416734328164477e-05,resolved_prompt,resolved_prompt,6435.7911477971575,15283914.279728508,binned_delta_chi2_with_3_event_floor,delphes_corrected,resolved_prompt,0.9064298431035809,91.2,150.0
2.047986225971422,1.3154833207938091e-05,resolved_prompt,resolved_prompt,5346.010577597711,10546062.396969229,binned_delta_chi2_with_3_event_floor,delphes_corrected,resolved_prompt,0.9044570862858097,91.2,150.0
2.1534361701510005,1.3452826344842128e-05,resolved_prompt,resolved_prompt,5583.646460506503,11504467.821375202,binned_delta_chi2_with_3_event_floor,delphes_corrected,resolved_prompt,0.9034187932238092,91.2,150.0
2.2643156873357406,1.5063830437790822e-05,resolved_prompt,resolved_prompt,7011.051030614377,18138316.071542036,binned_delta_chi2_with_3_event_floor,delphes_corrected,resolved_prompt,0.9048724035105055,91.2,150.0
2.3809043439421793,1.4234918500972254e-05,resolved_prompt,resolved_prompt,6244.3841229810305,14388314.787947444,binned_delta_chi2_with_3_event_floor,delphes_corrected,resolved_prompt,0.9026919880804593,91.2,150.0
2.503496101143342,1.3844714083544906e-05,resolved_prompt,resolved_prompt,5921.76254575193,12939952.637738146,binned_delta_chi2_with_3_event_floor,delphes_corrected,resolved_prompt,0.9051838914290802,91.2,150.0
2.6324000560486724,1.5537935010026334e-05,resolved_prompt,resolved_prompt,7434.789424243517,20397082.576694924,binned_delta_chi2_with_3_event_floor,delphes_corrected,resolved_prompt,0.9024843294680459,91.2,150.0
2.7679412210469794,1.5272110020664293e-05,resolved_prompt,resolved_prompt,7209.591500291737,19180151.144309543,binned_delta_chi2_with_3_event_floor,delphes_corrected,resolved_prompt,0.9061183551848496,91.2,150.0
2.910461343277446,1.5324862273924095e-05,resolved_prompt,resolved_prompt,7236.57290208801,19323980.578315306,binned_delta_chi2_with_3_event_floor,delphes_corrected,resolved_prompt,0.9035226225300385,91.2,150.0
3.0603197662948434,1.6409696887303847e-05,resolved_prompt,resolved_prompt,8298.51091326446,25411543.6817599,binned_delta_chi2_with_3_event_floor,delphes_corrected,resolved_prompt,0.9039379397547797,91.2,150.0
3.21789433610152,1.5635459602985094e-05,resolved_prompt,resolved_prompt,7530.352688645836,20924801.334094305,binned_delta_chi2_with_3_event_floor,delphes_corrected,resolved_prompt,0.9038341104486032,91.2,150.0
3.3835823538306116,1.6703487248003632e-05,resolved_prompt,resolved_prompt,8608.626215128208,27346289.782949302,binned_delta_chi2_with_3_event_floor,delphes_corrected,resolved_prompt,0.9057030379601201,91.2,150.0
3.5578015774824725,1.6646353139971278e-05,resolved_prompt,resolved_prompt,8496.135789074968,26636281.67763857,binned_delta_chi2_with_3_event_floor,delphes_corrected,resolved_prompt,0.9004077433441335,91.2,150.0
3.740991275240127,1.7165124250268835e-05,resolved_prompt,resolved_prompt,9075.390343895891,30392143.8723538,binned_delta_chi2_with_3_event_floor,delphes_corrected,resolved_prompt,0.9049762328167545,91.2,150.0
3.9336133330194683,1.7048368856023277e-05,resolved_prompt,resolved_prompt,8908.56033226184,29285035.864778303,binned_delta_chi2_with_3_event_floor,delphes_corrected,resolved_prompt,0.9010307191812659,91.2,150.0
4.136153419046755,1.754959861170865e-05,resolved_prompt,resolved_prompt,9471.481637889086,33102938.89921407,binned_delta_chi2_with_3_event_floor,delphes_corrected,resolved_prompt,0.9045609155919123,91.2,150.0
4.349122208399702,1.769189300113855e-05,resolved_prompt,resolved_prompt,9616.098226477785,34121529.55766391,binned_delta_chi2_with_3_event_floor,delphes_corrected,resolved_prompt,0.9042494276733757,91.2,150.0
4.5730566705997004,1.823041034572214e-05,resolved_prompt,resolved_prompt,10231.15386405809,38626018.22510361,binned_delta_chi2_with_3_event_floor,delphes_corrected,resolved_prompt,0.9067413310221102,91.2,150.0
4.808521423501568,1.8348447388173106e-05,resolved_prompt,resolved_prompt,10310.733075849423,39229231.20347428,binned_delta_chi2_with_3_event_floor,delphes_corrected,resolved_prompt,0.9027958173866314,91.2,150.0
5.0561101568945555,1.8244073833505916e-05,resolved_prompt,resolved_prompt,10219.900932714225,38541097.81346608,binned_delta_chi2_with_3_event_floor,delphes_corrected,resolved_prompt,0.9059106965725228,91.2,150.0
5.3164471294039455,1.8508694888296904e-05,resolved_prompt,resolved_prompt,10501.020550329658,40690565.534481846,binned_delta_chi2_with_3_event_floor,delphes_corrected,resolved_prompt,0.905287720735368,91.2,150.0
5.590188742467479,1.8953529878086347e-05,resolved_prompt,resolved_prompt,11015.090667910601,44772037.7942034,binned_delta_chi2_with_3_event_floor,delphes_corrected,resolved_prompt,0.9065336724097074,91.2,150.0
5.878025195355191,1.9447163291121397e-05,resolved_prompt,resolved_prompt,11569.206012792733,49389862.644442625,binned_delta_chi2_with_3_event_floor,delphes_corrected,resolved_prompt,0.9054953793477613,91.2,150.0
6.180682225405456,1.9216447271257365e-05,resolved_prompt,resolved_prompt,11330.557017250767,47373255.46906664,binned_delta_chi2_with_3_event_floor,delphes_corrected,resolved_prompt,0.9094408929831884,91.2,150.0
6.498922937865118,1.9388300761235586e-05,resolved_prompt,resolved_prompt,11484.393401112533,48668373.35480335,binned_delta_chi2_with_3_event_floor,delphes_corrected,resolved_prompt,0.9068451603283495,91.2,150.0
6.833549729947276,1.9825254503532443e-05,resolved_prompt,resolved_prompt,12003.561577917684,53168077.69552092,binned_delta_chi2_with_3_event_floor,delphes_corrected,resolved_prompt,0.9079872826964733,91.2,150.0
7.185406313957991,2.0227214625571853e-05,resolved_prompt,resolved_prompt,12527.099977442722,57907097.359721564,binned_delta_chi2_with_3_event_floor,delphes_corrected,resolved_prompt,0.9119327963319628,91.2,150.0
7.5553798445929745,2.0154394575574017e-05,resolved_prompt,resolved_prompt,12420.942811588724,56929822.99954154,binned_delta_chi2_with_3_event_floor,delphes_corrected,resolved_prompt,0.9125557721691773,91.2,150.0
7.944403155767803,2.003537742417084e-05,resolved_prompt,resolved_prompt,12261.75266325471,55479918.219495945,binned_delta_chi2_with_3_event_floor,delphes_corrected,resolved_prompt,0.9135940652311378,91.2,150.0
8.35345711262165,2.0342862249432992e-05,resolved_prompt,resolved_prompt,12629.032040553315,58853302.68683477,binned_delta_chi2_with_3_event_floor,delphes_corrected,resolved_prompt,0.9149438462117231,91.2,150.0
8.783573084624651,2.0763051908255334e-05,resolved_prompt,resolved_prompt,13168.541278280169,63989106.78884454,binned_delta_chi2_with_3_event_floor,delphes_corrected,resolved_prompt,0.9182663840100472,91.2,150.0
9.235835546024537,2.1045219385178084e-05,resolved_prompt,resolved_prompt,13516.244887541925,67412869.3210344,binned_delta_chi2_with_3_event_floor,delphes_corrected,resolved_prompt,0.9201353115215782,91.2,150.0
9.711384810189193,2.1160041686975663e-05,resolved_prompt,resolved_prompt,13614.707100673331,68398616.02845934,binned_delta_chi2_with_3_event_floor,delphes_corrected,resolved_prompt,0.9198238236029895,91.2,150.0
10.211419904739262,2.1253457548840028e-05,resolved_prompt,resolved_prompt,13677.600072806319,69032008.76443964,binned_delta_chi2_with_3_event_floor,delphes_corrected,resolved_prompt,0.9193046770725563,91.2,150.0
10.737201594720228,2.1460482991504963e-05,resolved_prompt,resolved_prompt,13999.138679721644,72315824.27087773,binned_delta_chi2_with_3_event_floor,delphes_corrected,resolved_prompt,0.9265727285058606,91.2,150.0
11.290055561436278,2.1843167477513524e-05,resolved_prompt,resolved_prompt,14454.534316910791,77097255.46817406,binned_delta_chi2_with_3_event_floor,delphes_corrected,resolved_prompt,0.9276110215676429,91.2,150.0
11.871375744960993,2.2461697013765672e-05,resolved_prompt,resolved_prompt,15170.32241528003,84922022.94595857,binned_delta_chi2_with_3_event_floor,delphes_corrected,resolved_prompt,0.9252229475254113,91.2,150.0
12.482627858752497,2.250628472022843e-05,resolved_prompt,resolved_prompt,15246.165935284962,85773275.17573564,binned_delta_chi2_with_3_event_floor,delphes_corrected,resolved_prompt,0.9312450472842478,91.2,150.0
13.125353085234696,2.2438274379833796e-05,resolved_prompt,resolved_prompt,15156.713759144355,84769731.35669218,binned_delta_chi2_with_3_event_floor,delphes_corrected,resolved_prompt,0.937059488431996,91.2,150.0
13.801171961662321,2.294436598610381e-05,resolved_prompt,resolved_prompt,15817.158971898964,92318272.30344054,binned_delta_chi2_with_3_event_floor,delphes_corrected,resolved_prompt,0.9415241485980075,91.2,150.0
14.511788466067644,2.2907430635924675e-05,resolved_prompt,resolved_prompt,15737.48470258859,91390562.6436199,binned_delta_chi2_with_3_event_floor,delphes_corrected,resolved_prompt,0.9468194432140837,91.2,150.0
15.258994313590781,2.3210718274117704e-05,resolved_prompt,resolved_prompt,16082.313839837145,95439416.3996374,binned_delta_chi2_with_3_event_floor,delphes_corrected,resolved_prompt,0.9502458103187933,91.2,150.0
16.044673474026247,2.373526155785584e-05,resolved_prompt,resolved_prompt,16806.430636578425,104227347.13731435,binned_delta_chi2_with_3_event_floor,delphes_corrected,resolved_prompt,0.9583444962024695,91.2,150.0
16.87080692197613,2.4131157601178662e-05,resolved_prompt,resolved_prompt,17326.943060089518,110783378.52678387,binned_delta_chi2_with_3_event_floor,delphes_corrected,resolved_prompt,0.965612547635848,91.2,150.0
17.739477631586485,2.4843774502821153e-05,resolved_prompt,resolved_prompt,18279.08947097345,123293399.22060975,binned_delta_chi2_with_3_event_floor,delphes_corrected,resolved_prompt,0.971946135314,91.2,150.0
18.652875828460775,2.604012142589606e-05,resolved_prompt,resolved_prompt,20046.709671813354,148291722.75497237,binned_delta_chi2_with_3_event_floor,delphes_corrected,resolved_prompt,0.9824328952395949,91.2,150.0
19.613304511991995,2.665958520592479e-05,resolved_prompt,resolved_prompt,20858.260127035304,160541334.14283055,binned_delta_chi2_with_3_event_floor,delphes_corrected,resolved_prompt,0.9888703122242243,91.2,150.0
20.62318526203738,2.7435474640562226e-05,resolved_prompt,resolved_prompt,20592.06252751221,156469756.13910428,binned_delta_chi2_with_3_event_floor,delphes_corrected,resolved_prompt,0.9361250246757817,91.2,150.0
21.685064344576315,2.793330841682308e-05,resolved_prompt,resolved_prompt,20858.00528851058,160537411.2972455,binned_delta_chi2_with_3_event_floor,delphes_corrected,resolved_prompt,0.9305182421414452,91.2,150.0
22.801619131746087,2.8471209326927905e-05,resolved_prompt,resolved_prompt,21317.09476989982,167682114.1804023,binned_delta_chi2_with_3_event_floor,delphes_corrected,resolved_prompt,0.9330101454899741,91.2,150.0
23.97566485244235,2.9115974379418887e-05,resolved_prompt,resolved_prompt,21774.787858228952,174959921.1331642,binned_delta_chi2_with_3_event_floor,delphes_corrected,resolved_prompt,0.9308297300599889,91.2,150.0
25.21016169050537,2.9224768552483404e-05,resolved_prompt,resolved_prompt,21473.526075872676,170152148.3878907,binned_delta_chi2_with_3_event_floor,delphes_corrected,resolved_prompt,0.9329063161838419,91.2,150.0
26.50822224838875,2.962979336752866e-05,resolved_prompt,resolved_prompt,21377.164725703715,168628476.64570892,binned_delta_chi2_with_3_event_floor,delphes_corrected,resolved_prompt,0.9276110215678405,91.2,150.0
27.873119395129333,2.993304029667152e-05,resolved_prompt,resolved_prompt,21261.070456958518,166801888.18293515,binned_delta_chi2_with_3_event_floor,delphes_corrected,resolved_prompt,0.9309335593661547,91.2,150.0
29.308294518405837,3.031537444761592e-05,resolved_prompt,resolved_prompt,21148.101199434066,165034016.3621788,binned_delta_chi2_with_3_event_floor,delphes_corrected,resolved_prompt,0.9329063161838582,91.2,150.0
30.817366201492284,3.105199298448607e-05,resolved_prompt,resolved_prompt,21352.648383865344,168241916.2380027,binned_delta_chi2_with_3_event_floor,delphes_corrected,resolved_prompt,0.9313488765909109,91.2,150.0
32.4041393469843,3.1350874262522054e-05,resolved_prompt,resolved_prompt,20911.934066750564,161368629.67237005,binned_delta_chi2_with_3_event_floor,delphes_corrected,resolved_prompt,0.9323871696528676,91.2,150.0
34.072614770302145,3.203414392776726e-05,resolved_prompt,resolved_prompt,20800.15154782372,159648082.80901605,binned_delta_chi2_with_3_event_floor,delphes_corrected,resolved_prompt,0.9302067542227264,91.2,150.0
35.826999287159104,3.2700320904469185e-05,resolved_prompt,resolved_prompt,20487.159075822758,154879589.29817963,binned_delta_chi2_with_3_event_floor,delphes_corrected,resolved_prompt,0.9260535819749288,91.2,150.0
37.671716320429546,3.28530024089006e-05,resolved_prompt,resolved_prompt,19635.039487775262,142263754.86586487,binned_delta_chi2_with_3_event_floor,delphes_corrected,resolved_prompt,0.932179511040557,91.2,150.0
39.6114170531598,3.401159590418513e-05,resolved_prompt,resolved_prompt,19802.959778996494,144707459.7817538,binned_delta_chi2_with_3_event_floor,delphes_corrected,resolved_prompt,0.9369556591254672,91.2,150.0
41.65099215584313,3.590310830188793e-05,resolved_prompt,resolved_prompt,20294.451079597464,151979610.56168807,binned_delta_chi2_with_3_event_floor,delphes_corrected,resolved_prompt,0.9284416560173473,91.2,150.0
43.79558411752706,3.746563692887423e-05,resolved_prompt,resolved_prompt,20275.118437827692,151690194.71141714,binned_delta_chi2_with_3_event_floor,delphes_corrected,resolved_prompt,0.9270918750368023,91.2,150.0
46.050600211844106,3.898657025706636e-05,resolved_prompt,resolved_prompt,19923.58903149408,146475793.31950969,binned_delta_chi2_with_3_event_floor,delphes_corrected,resolved_prompt,0.9265727285058631,91.2,150.0
48.421726130658186,4.084618279743567e-05,resolved_prompt,resolved_prompt,19628.690486582862,142171767.6081434,binned_delta_chi2_with_3_event_floor,delphes_corrected,resolved_prompt,0.9287531439359301,91.2,150.0
50.91494031970127,4.371750570473229e-05,resolved_prompt,resolved_prompt,19853.489371039843,145446878.3047941,binned_delta_chi2_with_3_event_floor,delphes_corrected,resolved_prompt,0.9311412179785086,91.2,150.0
53.536529052346395,4.703389240874384e-05,resolved_prompt,resolved_prompt,19846.587407534193,145345768.16416782,binned_delta_chi2_with_3_event_floor,delphes_corrected,resolved_prompt,0.9315565352032621,91.2,150.0
56.29310227952253,5.177169479567042e-05,resolved_prompt,resolved_prompt,20213.102598811634,150763659.2878545,binned_delta_chi2_with_3_event_floor,delphes_corrected,resolved_prompt,0.9294799490794328,91.2,150.0
59.19161029573504,5.713825396257109e-05,resolved_prompt,resolved_prompt,20351.105751608284,152829337.7539276,binned_delta_chi2_with_3_event_floor,delphes_corrected,resolved_prompt,0.9399667090052121,91.2,150.0
62.2393612632123,6.507083774217629e-05,resolved_prompt,resolved_prompt,20617.99804885008,156864148.90862945,binned_delta_chi2_with_3_event_floor,delphes_corrected,resolved_prompt,0.9334254627148569,91.2,150.0
65.44403963836362,7.77499884686886e-05,resolved_prompt,resolved_prompt,22061.855480650178,179603493.4498503,binned_delta_chi2_with_3_event_floor,delphes_corrected,resolved_prompt,0.9347752436954032,91.2,150.0
68.81372554700698,9.618454091642432e-05,resolved_prompt,resolved_prompt,23579.163042426248,205157538.66469368,binned_delta_chi2_with_3_event_floor,delphes_corrected,resolved_prompt,0.93269865757146,91.2,150.0
72.35691515721972,0.0001250084663037896,resolved_prompt,resolved_prompt,25235.540183740726,234993538.1421376,binned_delta_chi2_with_3_event_floor,delphes_corrected,resolved_prompt,0.9279225094864135,91.2,150.0
76.08254210117838,0.0001784775821487562,resolved_prompt,resolved_prompt,28563.262517492705,301055337.8757209,binned_delta_chi2_with_3_event_floor,delphes_corrected,resolved_prompt,0.9325948282652459,91.2,150.0
79.99999999999999,0.0002935559048773158,resolved_prompt,resolved_prompt,33682.110146308536,418628982.99190426,binned_delta_chi2_with_3_event_floor,delphes_corrected,resolved_prompt,0.9325948282652724,91.2,150.0
