m_a_GeV,published_g_agg_GeV_inv,closure_g_agg_GeV_inv,three_event_prompt_g_agg_GeV_inv,effective_signal_events,prompt_probability_at_closure,invisible_probability_at_closure,sigma_pb_at_closure,recoil_energy_GeV,delta_theta_min_deg,resolved_pass,recoil_energy_pass,log10_ratio_closure_to_published
0.1959624406366636,0.0010491985625291193,0.0010491985625282862,0.00017637912198105674,106.1554451525056,1.0,0.0,0.2603906268932887,5.288185194794883,4.243467016464707,True,True,-3.448435020395924e-13
0.19853082808918812,0.0010827182897498817,0.0010827183787609955,0.00017638151761925595,113.04363713529669,1.0,0.0,0.2772867985971989,5.288137311450766,4.299045240671665,True,True,3.570368614042092e-08
0.20113287818688513,0.001114309918600731,0.0011143102106681152,0.00017638397652227283,119.73337271227668,1.0,0.0,0.2936961729143484,5.2880881647123,4.355350353564949,True,True,1.1383120127428005e-07
0.20376903213019693,0.0011469342056446659,0.0011469362753200277,0.00017638650036239044,126.84377103181326,1.0,0.0,0.31113739877278873,5.288037721245025,4.412391820477117,True,True,7.83696025067552e-07
0.2064397369021723,0.001175989357919351,0.001175992175562947,0.00017638909085616506,133.3480519080126,1.0,0.0,0.3270918678363508,5.287985946834961,4.470179228345563,True,True,1.0405583958089548e-06
0.2091454453442563,0.0011956098918465396,0.0011956091304679863,0.00017639174976560683,137.82981203071103,1.0,0.0,0.3380852589327918,5.287932806365395,4.528722287208851,True,True,-2.765639627561761e-07
0.21188661623307378,0.0012096765957975873,0.0012096684324906957,0.00017639447889939057,141.08601736218174,1.0,0.0,0.3460724643509505,5.287878263793067,4.588030831718788,True,True,-2.9307759709145743e-06
0.21466371435821874,0.0012217381482240175,0.0012217242174250857,0.0001763972801140983,143.90764005966503,1.0,0.0,0.3529936741067445,5.287822282123721,4.648114822668288,True,True,-4.952046071724763e-06
0.2174772106010636,0.0012300876933121865,0.0012300750403224068,0.0001764001553154945,145.87690510290378,1.0,0.0,0.357824120234026,5.287764823387013,4.708984348535093,True,True,-4.467284676575917e-06
0.2203275820146012,0.0012329943692312654,0.0012329954382245734,0.00017640310645983509,146.56549421205,1.0,0.0,0.35951317301399643,5.287705848610756,4.770649627041367,True,True,3.765286405054463e-07
0.2232153119043335,0.001227208217112547,0.0012272187225948275,0.00017640613555521123,145.19037499656724,1.0,0.0,0.35614011801937384,5.287645317794492,4.833121006729219,True,True,3.7177500868700394e-06
0.2261408899102199,0.0012124700174477444,0.0012124756174218172,0.00017640924466292936,141.71786514654178,1.0,0.0,0.347622335298689,5.287583189882354,4.896408968552181,True,True,2.0058493712910087e-06
0.22910481208970043,0.0011822522279210793,0.0011822503342549396,0.0001764124358989276,134.73541121294141,1.0,0.0,0.3304949467481127,5.287519422735224,4.960524127482658,True,True,-6.956294048466862e-07
0.23210758100180637,0.0011138303322882675,0.0011138303362878365,0.00017641571142534913,119.58723319109697,1.0,0.0,0.2933377047874687,5.28745397310215,5.025477234135376,True,True,1.559475178157546e-09
0.23514970579237363,0.0010453188672552016,0.0010453188685846586,0.00017641907337205556,105.32410084516663,1.0,0.0,0.2583514072847301,5.28738679659101,5.091279176406828,True,True,5.523442072277645e-10
0.23823170228037294,0.0010008847648564007,0.00100088469304155,0.00017642252416016777,96.55644900702151,1.0,0.0,0.23684507423464368,5.287317847638403,5.1579409811307215,True,True,-3.1161224146549434e-08
0.24135409304537137,0.0009557580703663125,0.0009557580783299053,0.00017642606613505477,88.04236642519209,1.0,0.0,0.215960725835982,5.287247079478746,5.225473815749424,True,True,3.618639960358506e-09
0.24451740751614046,0.0008973104015416106,0.0008973104849853492,0.00017642970170518563,77.60028891382136,1.0,0.0,0.19034716351212563,5.287174444112551,5.293888990001391,True,True,4.0386418634571504e-08
0.24772218206042518,0.0008648892938137474,0.0008648911250449634,0.0001764334333436485,72.09121802446931,1.0,0.0,0.1768338630472808,5.2870998922738766,5.363197957624552,True,True,9.19531292571457e-07
0.2509689600758902,0.0008503898481074728,0.0008503867711361705,0.00017643726358973879,69.69050581409027,1.0,0.0,0.17094511226437129,5.287023373396901,5.433412318075604,True,True,-1.5714134854130474e-06
0.25425829208225764,0.0008441706227881467,0.0008441629097093011,0.00017644119505061281,68.67106839523022,1.0,0.0,0.1684445156255581,5.286944835581636,5.5045438182652076,True,True,-3.9681111778354595e-06
0.2575907358146522,0.0008572908964984047,0.0008572938448545866,0.00017644523140300638,70.82079819035437,1.0,0.0,0.17371762708503677,5.286864225558718,5.576604354308981,True,True,1.4936034243081382e-06
0.26096685631817046,0.0009329224445538094,0.0009329145288069946,0.0001764493733378171,83.86190614206727,1.0,0.0,0.20570639858724207,5.286781488653281,5.649605973294276,True,True,-3.684957700933225e-06
0.2643872260436889,0.0009542656956571743,0.0009542487490150601,0.0001764536246751579,87.73710229117744,1.0,0.0,0.21521193787643733,5.28669656874787,5.723560875062601,True,True,-7.712630289675464e-06
0.2678524249449285,0.0009656219779672719,0.0009656093124694898,0.0001764579884047681,89.83415740911468,1.0,0.0,0.2203558426099022,5.286609408244382,5.7984814140076875,True,True,-5.6964236491115635e-06
0.2713630405767901,0.0009678111050722957,0.0009678182803601581,0.00017646246748606446,90.2410628794309,1.0,0.0,0.2213539484569667,5.2865199480249965,5.874380100888985,True,True,3.2198187816683428e-06
0.2749196681949804,0.0009672268883997828,0.0009672496414388013,0.00017646706496290352,90.13035572704976,1.0,0.0,0.22108239286442544,5.286428127412078,5.951269604660581,True,True,1.0216220398899913e-05
0.2785229108569423,0.0009656021110915593,0.0009656251346532219,0.0001764717839635519,89.82305593898322,1.0,0.0,0.22032861161142886,5.286333884127021,6.029162754315337,True,True,1.0355079451472197e-05
0.28217337952410865,0.0009625682695426998,0.0009625716199487472,0.00017647662770157288,89.25097487676989,1.0,0.0,0.21892534354344345,5.286237154248013,6.108072540744137,True,True,1.5116437683098629e-06
0.2858716931654962,0.0008967648915906355,0.0008967648821193311,0.00017648159947727943,77.46037193199015,1.0,0.0,0.19000395860639896,5.286137872166669,6.188012118610076,True,True,-4.586860263326814e-09
0.2896184788626572,0.0008229492741302032,0.000822949183293264,0.00017648670267954926,65.22938948131225,1.0,0.0,0.16000235871658647,5.286035970543539,6.268994808237418,True,True,-4.793732110900126e-08
0.2934143719160065,0.0007648783257655974,0.0007648794830340929,0.00017649194078788436,56.34527728968154,1.0,0.0,0.13821035797911024,5.285931380262436,6.351034097515122,True,True,6.570913628144545e-07
0.2972600159525426,0.0007310011596602667,0.0007309965102014833,0.00017649731737464343,51.460694666465486,1.0,0.0,0.12622887620446724,5.285824030383549,6.43414364381474,True,True,-2.762294817675624e-06
0.3011560630349798,0.0007140731216278339,0.0007140652974482734,0.00017650283610740828,49.10138398837009,1.0,0.0,0.12044168002602505,5.285713848095334,6.518337275922457,True,True,-4.758639587255586e-06
0.30510317377231166,0.0007110395290529028,0.0007110477385195836,0.00017650850075145942,48.684142122208726,1.0,0.0,0.11941821984515649,5.285600758665126,6.603628995985011,True,True,5.014215597277034e-06
0.30910201743182264,0.0007112395658356184,0.0007112506758049491,0.00017651431517234646,48.70872646675957,1.0,0.0,0.1194785232321434,5.285484685388449,6.690032981469241,True,True,6.78387553503103e-06
0.3131532720525686,0.0007429642876293141,0.0007429628645385732,0.00017652028333854604,53.14546814556167,1.0,0.0,0.13036148778897919,5.285365549536993,6.77756358713498,True,True,-8.318583519962162e-07
0.3172576245603437,0.0007962005402808257,0.0007961998482754084,0.0001765264093242029,61.03037816804532,1.0,0.0,0.1497025272918212,5.285243270305214,6.866235347020953,True,True,-3.774605134935717e-07
0.32141577088415546,0.0008289412340607512,0.0008289416736188649,0.0001765326973119519,66.14833055025527,1.0,0.0,0.16225644604128953,5.285117764755527,6.956062976443393,True,True,2.3029088769028979e-07
0.3256284160742252,0.0008565452844379542,0.0008565379880061608,0.00017653915159582172,70.62076900936772,1.0,0.0,0.17322697189076627,5.284988947762051,7.047061374006974,True,True,-3.6995283491790074e-06
0.32989627442153546,0.0008735410770302344,0.0008735383356507791,0.00017654577658422012,73.44640234697066,1.0,0.0,0.18015801942705983,5.284856731952874,7.139245623627713,True,True,-1.362921412280862e-06
0.33422006957894457,0.0008604836463031665,0.0008605002575547498,0.00017655257680300313,71.26481187288657,1.0,0.0,0.17480675637648133,5.284721027650787,7.232630996567399,True,True,8.383779632362674e-06
0.33860053468388795,0.0008367176098313768,0.0008367270036433439,0.0001765595568986295,67.37617694605882,1.0,0.0,0.16526825286012894,5.284581742812467,7.327232953479155,True,True,4.8757881421090245e-06
0.3430384124826884,0.0008291483371755414,0.0008291364980143879,0.0001765667216414022,66.15392456550389,1.0,0.0,0.1622701677099766,5.284438782966038,7.423067146463637,True,True,-6.201205306015663e-06
0.3475344554564951,0.0008258765006187847,0.0008258512365385185,0.00017657407592880026,65.62525701430442,1.0,0.0,0.16097338943552342,5.284292051147002,7.520149421135387,True,True,-1.328554386293821e-05
0.3520894259488732,0.0008238331136315921,0.0008238105343558929,0.00017658162478890197,65.29575077989091,1.0,0.0,0.16016513758657347,5.284141447832467,7.618495818698818,True,True,-1.1903125841764495e-05
0.3567040962950664,0.0008233487492508124,0.0008233510436629343,0.00017658937338390333,65.21720830860758,1.0,0.0,0.15997247932815123,5.283986870873645,7.718122578033284,True,True,1.2102394474882297e-06
0.3613792489529526,0.0008547015334333687,0.0008547097910263678,0.00017659732701373298,70.27330208343261,1.0,0.0,0.172374663937865,5.283828215426569,7.819046137786612,True,True,4.195862074879968e-06
0.36611567663571665,0.000900988949874787,0.0009009890361796715,0.000176605491119578,78.08216770204524,1.0,0.0,0.19152917278941897,5.283665373880982,7.921283138476522,True,True,4.160065810332818e-08
0.3709141824462622,0.000943482019701393,0.000943485599829705,0.0001766138712878218,85.61348701292155,1.0,0.0,0.21000288342378765,5.283498235787346,8.024850424599222,True,True,1.6479667741082069e-06
0.3757755800133843,0.000971953350749752,0.0009719489601492115,0.000176622473254986,90.84818384095757,1.0,0.0,0.22284316659454625,5.283326687781929,8.129765046744517,True,True,-1.961840959075393e-06
0.38070069362972764,0.0009896329321961398,0.0009896127787860846,0.00017663130291001113,94.17085185599339,1.0,0.0,0.2309933995204226,5.283150613509917,8.236044263716659,True,True,-8.844293288325008e-06
0.3856903583915526,0.0009981410451841853,0.000998136592494827,0.00017664036629925047,95.79024770720197,1.0,0.0,0.23496564512116783,5.282969893546493,8.343705544660212,True,True,-1.937384240982854e-06
0.39074542034033316,0.0009888324646893283,0.0009888563566312805,0.00017664966963070657,94.00739425078142,1.0,0.0,0.23059245137903295,5.282784405315835,8.452766571190026,True,True,1.0493196341574424e-05
0.39586673660621036,0.000958393599434536,0.0009584053924688138,0.00017665921927839532,88.29724195230769,1.0,0.0,0.21658591473982575,5.2825940230079755,8.563245239524525,True,True,5.343961191003035e-06
0.40105517555332665,0.0008803010665550451,0.0008802999363347507,0.00017666902178683746,74.48379341319264,1.0,0.0,0.18270265488893914,5.282398617493474,8.675159662621377,True,True,-5.575919091241666e-07
0.40631161692706447,0.0008448813101353526,0.000844880851104399,0.00017667908387567852,68.60281104920651,1.0,0.0,0.16827708602320599,5.282198056235829,8.78852817231453,True,True,-2.35955822387388e-07
0.41163695200321465,0.0008211113907082866,0.0008211114046198142,0.00017668941244443806,64.78946145320894,1.0,0.0,0.15892325127202875,5.281992203201583,8.903369321451688,True,True,7.3579537061820085e-09
0.41703208373910045,0.0007950300539587259,0.0007950278878516632,0.0001767000145773932,60.73133251077293,1.0,0.0,0.14896899279831893,5.281780918768064,9.019701886031081,True,True,-1.183262974002842e-06
0.42249792692668153,0.0007891367937820982,0.0007891498505827197,0.00017671089754859855,59.829248314838814,1.0,0.0,0.14675625402666653,5.28156405962867,9.13754486733645,True,True,7.185635741861565e-06
0.4280354083476652,0.000833596198177981,0.0008335951474475577,0.0001767220688252571,66.74981038026401,1.0,0.0,0.16373182689752347,5.2813414786956825,9.256917494069047,True,True,-5.474193781598503e-07
0.4336454669306499,0.0009418374996787447,0.0009418374951719682,0.00017673353608056282,85.19915209569922,1.0,0.0,0.20898655368608862,5.281113025000496,9.377839224475427,True,True,-2.0781378941368232e-09
0.4393290539103298,0.0010230859491341753,0.0010230859118365054,0.0001767453071871909,100.51935201774538,1.0,0.0,0.24656575128831448,5.280878543591222,9.500329748469742,True,True,-1.583266055598397e-08
0.4450871329887839,0.0011099022598785382,0.0011099042627793203,0.00017675739023140078,118.28703124648911,1.0,0.0,0.290148415607903,5.280637875427591,9.624408989749107,True,True,7.837158316429439e-07
0.4509206804988808,0.0012591713534057577,0.0012591682496055133,0.00017676979351651637,152.2203352084744,1.0,0.0,0.3733840355900524,5.280390857273083,9.7500971079007,True,True,-1.0705175087928427e-06
0.4568306855698243,0.001359291139799558,0.0013592925655751228,0.00017678252556885415,177.3652232084384,1.0,0.0,0.4350623898193547,5.280137321584207,9.877414500499029,True,True,4.555360638185909e-07
0.4628181502948692,0.001451452723215095,0.0014514336536433205,0.00017679559514381928,202.1960890247277,1.0,0.0,0.49597047354382084,5.279877096396864,10.006381805191818,True,True,-5.705913851873516e-06
0.4688840899012346,0.0014935349011201845,0.001493552079054016,0.00017680901123217282,214.06871666326649,1.0,0.0,0.5250930578500914,5.279610005209712,10.137019901772842,True,True,4.995021519686215e-06
0.4750295329222448,0.0014918402537377818,0.0014919350501983468,0.0001768227830664764,213.572162657707,1.0,0.0,0.523875051456269,5.279335866864447,10.269349914240037,True,True,2.7595630064276695e-05
0.48125552137172645,0.0014853231571465603,0.0014853970892978457,0.0001768369201277197,211.67058362423933,1.0,0.0,0.5192106335313832,5.2790544954229315,10.403393212836988,True,True,2.1616525745602745e-05
0.48756311092069043,0.0013434292506417376,0.0013434292512734044,0.00017685143215213561,173.11459854067047,1.0,0.0,0.42463595507227175,5.278765700041085,10.539171416076016,True,True,2.0420087333374474e-10
0.4939533710763309,0.0011400482325559054,0.0011400481842737994,0.00017686632913820963,124.64571263616361,1.0,0.0,0.30574574112739483,5.27846928483943,10.676706392740764,True,True,-1.8392776742698346e-08
0.5004273853633692,0.0010136211711778787,0.0010136211112772183,0.00017688162135388852,98.51608126716724,1.0,0.0,0.24165189193556458,5.278165048770245,10.816020263866324,True,True,-2.5664940499560957e-08
0.506986251507775,0.0008984199914342874,0.0008984186328504596,0.00017689731934399542,77.38134101943443,1.0,0.0,0.18981010236466675,5.277852785481196,10.95713540469466,True,True,-6.567372847261289e-07
0.5136310816228955,0.0008286219682316755,0.0008286175452447803,0.00017691343393789693,65.81242289802914,1.0,0.0,0.16143249205146026,5.277532283175374,11.100074446603081,True,True,-2.3181667905710287e-06
0.5203630023980241,0.0007927774720192494,0.0007928160832114212,0.00017692997625724108,60.23699796149099,1.0,0.0,0.14775643057035873,5.277203324467642,11.244860279003467,True,True,2.1151230903946996e-05
0.5271831552894402,0.0007934502662781075,0.0007935267988343843,0.00017694695772408605,60.33346263905831,1.0,0.0,0.14799305053674675,5.276865686237197,11.391516051209642,True,True,4.1888024261225444e-05
0.5340926967139532,0.0007950999958551132,0.0007951638323988484,0.00017696439006925914,60.57071829988835,1.0,0.0,0.14857501927304223,5.27651913947622,11.540065174270463,True,True,3.4866992772318293e-05
0.5410927982449832,0.0008024186331592426,0.0008024083667936122,0.00017698228534084775,61.66696207388601,1.0,0.0,0.15126401561374114,5.2761634491345655,11.690531322765821,True,True,-5.556519104777339e-06
0.5481846468112122,0.0009390611890960662,0.000939058886058011,0.0001770006559129917,84.44173665056896,1.0,0.0,0.20712867542147978,5.275798373960325,11.842938436562811,True,True,-1.0651041242995438e-06
0.5553694448978364,0.0010125028159904427,0.0010125020552159054,0.0001770195144949282,98.1455902024867,1.0,0.0,0.24074310764755535,5.275423666336194,11.99731072252907,True,True,-3.2632038393646707e-07
0.5626484107504602,0.0011267679771912193,0.0011267585652916347,0.00017703887414029972,121.51942694495258,1.0,0.0,0.29807721795494513,5.275039072111531,12.153672656200307,True,True,-3.62767952961495e-06
0.5700227785816598,0.0011731823274268784,0.0011731820619661321,0.0001770587482567315,131.70956138604458,1.0,0.0,0.32307278451790694,5.274644330429965,12.312048983398771,True,True,-9.82695933987438e-08
0.577493798780254,0.0012234616228551287,0.0012234611476733663,0.00017707915061568894,143.2078284257746,1.0,0.0,0.3512770933821118,5.274239173552474,12.47246472179931,True,True,-1.6867620002207511e-07
0.5850627381233192,0.0012879956579724676,0.0012879719013560395,0.00017710009536262296,158.67059181283466,1.0,0.0,0.38920598761918035,5.273823326675787,12.63494516243964,True,True,-8.010479313988501e-06
0.5927308799909831,0.0012919135221544846,0.0012920141664765922,0.00017712159710094538,159.62935802787143,1.0,0.0,0.391557762748752,5.273396507745989,12.799515871171108,True,True,3.3831653989874945e-05
0.6004995245840319,0.0012905136720841406,0.0012906497518445075,0.00017714367077156912,159.25269134594149,1.0,0.0,0.39063383017707487,5.272958427267219,12.966202690046215,True,True,4.579228772031541e-05
0.6083699891443718,0.0012871258567387735,0.0012871306567225854,0.00017716633158412347,158.3449217844989,1.0,0.0,0.3884071456689055,5.272508788105315,13.135031738639032,True,True,1.6195794566755504e-06
0.6163436081783785,0.001162805806936557,0.0011627791597477314,0.00017718959529402538,129.19309527925412,1.0,0.0,0.31690009892270204,5.272047285286279,13.306029415294292,True,True,-9.95252999260261e-06
0.6244217336831742,0.001136036757774939,0.0011360609985882394,0.00017721347708470487,123.29091052711401,1.0,0.0,0.30242252233181655,5.271573605789419,13.479222398301006,True,True,9.266900091894185e-06
0.6326057353758713,0.0011792681094008625,0.0011792438893355526,0.0001772379955799967,132.80513330368788,1.0,0.0,0.3257601328495067,5.271087428335045,13.654637646986169,True,True,-8.9197262693085e-06
0.6408970009258189,0.00117700344209463,0.0011770332521718607,0.0001772631668567989,132.27010852489127,1.0,0.0,0.32444776081468474,5.270588423166555,13.832302402723808,True,True,1.0999278030520465e-05
0.6492969361898958,0.0010523298925314039,0.0010523248212564085,0.0001772890084580466,105.695685475607,1.0,0.0,0.25926287399987613,5.270076251826769,14.012244189854783,True,True,-2.0929102834061655e-06
0.6578069654508847,0.0010310639285210411,0.0010310856622428371,0.00017731553840603166,101.44184955948671,1.0,0.0,0.24882856232334447,5.26955056692837,14.194490816512127,True,True,9.154365415407401e-06
0.6664285316589715,0.0011141980637356642,0.001114170808583658,0.0001773427752160936,118.4125692408561,1.0,0.0,0.29045635004452575,5.269011011918283,14.379070375346872,True,True,-1.0623700830968301e-05
0.6751630966764121,0.0012508357365219244,0.0012508261456633018,0.00017737073791069996,149.19394898215933,1.0,0.0,0.365960557636929,5.268457220835837,14.566011244148916,True,True,-3.3299919595238213e-06
0.6840121415254017,0.0014264914929815822,0.0014265024362474278,0.00017739944603393465,193.9821508659061,1.0,0.0,0.4758223548086269,5.267888818064548,14.75534208635729,True,True,3.331657962625993e-06
0.6929771666391968,0.0014715011787346144,0.0014713892471590474,0.00017742891966641104,206.31347475238832,1.0,0.0,0.5060700835743678,5.26730541807735,14.947091851454,True,True,-3.303640884160142e-05
0.7020596921165261,0.0014935574610416866,0.0014934671131790788,0.0001774591794406258,212.478818820241,1.0,0.0,0.5211931685152117,5.2667066251751065,15.141289775235348,True,True,-2.6272015659254535e-05
0.7112612579793365,0.0013734266377354188,0.0013734125904302527,0.00017749024658423313,179.62811702031664,1.0,0.0,0.4406130833087222,5.266092033218226,15.337965379954499,True,True,-4.441954270010381e-06
0.7205834244339178,0.0014104343773351962,0.0014104667064851377,0.00017752214285838617,189.3833827737247,1.0,0.0,0.4645419525381374,5.265461225351186,15.537148474328625,True,True,9.954529427076874e-06
0.7300277721354486,0.0014557280615588501,0.0014556845062081436,0.00017755489063201363,201.64641023068273,1.0,0.0,0.49462215648832547,5.2648137737197995,15.7388691534039,True,True,-1.2994275479920283e-05
0.7395959024560113,0.0014784103411022457,0.0014783906976637087,0.00017758851291308338,207.90740417302231,1.0,0.0,0.509979862099077,5.264149239181015,15.943157798271281,True,True,-5.770450463550694e-06
0.749289437756118,0.0013722232392129998,0.0013722221550789887,0.00017762303334341266,179.04885313653722,1.0,0.0,0.4391921963667709,5.263467171005062,16.15004507562567,True,True,-3.431173523111683e-07
0.7591100216597966,0.001197251604881642,0.001197252142892093,0.00017765847621789457,136.2450193832095,1.0,0.0,0.3341978921322218,5.262767106569738,16.359561937160912,True,True,1.9515941053940184e-07
0.7690593193332808,0.0010378210474136268,0.0010378151098071131,0.00017769486650392937,102.33200196348642,1.0,0.0,0.25101203338465466,5.262048571046628,16.57173961879266,True,True,-2.4847030493498475e-06
0.7791390177673548,0.0009622664301377362,0.0009622538081297495,0.00017773222986123787,87.93629271026879,1.0,0.0,0.21570053569154524,5.261311077079042,16.786609639700977,True,True,-5.696659676803354e-06
0.789350826063396,0.0008934770302826417,0.0008934240955367241,0.00017777059266216758,75.77339329782843,1.0,0.0,0.1858659379900455,5.260554124451467,17.004203801184097,True,True,-2.5730878701135684e-05
0.7996964757231697,0.0009568321901677867,0.0009568326256247654,0.00017780998201256297,86.87222184209065,1.0,0.0,0.21309045685792827,5.259777199750281,17.224554185314595,True,True,1.9764857611873808e-07
0.8101777209424191,0.001264498147489448,0.0012644978552986048,0.00017785042577325214,151.65182128812611,1.0,0.0,0.3719895174294044,5.2589797760155275,17.447693153388713,True,True,-1.0035355586840584e-07
0.8207963389083056,0.0011880831939425141,0.0011880850982109287,0.00017789195258218848,133.81467633491295,1.0,0.0,0.32823645935778223,5.258161312383494,17.67365334415951,True,True,6.960898075143147e-07
0.8315541301007457,0.0014398356246237394,0.001439836332324158,0.00017793459187728244,196.4385582508606,1.0,0.0,0.4818477211428873,5.2573212537198675,17.90246767184388,True,True,2.1346208266176825e-07
0.842452918597699,0.001604265856414224,0.0016042367706848033,0.00017797837391995413,243.73826690258667,1.0,0.0,0.5978700387895648,5.256459030243205,18.134169323893307,True,True,-7.873935762553168e-06
0.8534945523844553,0.0016385753572908778,0.0016387822010478943,0.00017802332981943598,254.2201037012274,1.0,0.0,0.6235811274050044,5.255574057138472,18.368791758517812,True,True,5.481922604335767e-05
0.8646809036669783,0.0015959440688637892,0.0015960087648368112,0.00017806949155785618,240.9976243624507,1.0,0.0,0.5911474667242802,5.2546657341603815,18.606368701952206,True,True,1.7604961948046893e-05
0.8760138691893536,0.0013782262454497477,0.0013781300413729025,0.00017811689201613161,179.59384042948113,1.0,0.0,0.4405290056341129,5.253733445226271,18.84693414545326,True,True,-3.0316037101019464e-05
0.887495370555399,0.0013315607337473982,0.0013315590743389737,0.00017816556500070205,167.5693530867961,1.0,0.0,0.41103392139477424,5.2527765579982395,19.09052234201616,True,True,-5.412238080825156e-07
0.8991273545544879,0.0012551670030011308,0.001255227439210046,0.00017821554527113644,148.8246726509216,1.0,0.0,0.36505475299119894,5.251794423454246,19.337167802798106,True,True,2.0910747413065203e-05
0.9109117934916465,0.001340194815359507,0.0013401681301215662,0.00017826686856864412,169.55029712523978,1.0,0.0,0.41589301514423505,5.250786375447913,19.58690529323653,True,True,-8.647524101845753e-06
0.9228506855219741,0.0014127894481018946,0.0014127741588460569,0.00017831957164552578,188.30797600613528,1.0,0.0,0.4619040676705632,5.249751730256693,19.839769828848986,True,True,-4.699975202435272e-06
0.9349460549894477,0.0012397364761426726,0.0012397357621630203,0.0001783736922955987,144.91652416989064,1.0,0.0,0.35546838432673256,5.248689786118132,20.095796670701297,True,True,-2.501156644418653e-07
0.9471999527701684,0.0011589924581503893,0.0011589873492869893,0.00017842926938563435,126.57456730080017,1.0,0.0,0.3104770639023791,5.247599822753885,20.35502132053009,True,True,-1.9143835302965263e-06
0.9596144566201045,0.0010887706990311081,0.0010887828665060934,0.00017848634288786748,111.63331681123121,1.0,0.0,0.2738273981580336,5.2464811008811765,20.61747951550547,True,True,4.853398169797083e-06
0.9721916715273937,0.0009569229535897453,0.0009569221613345262,0.00017854495391358426,86.17460841980613,1.0,0.0,0.21137926817286168,5.245332861711379,20.883207222618967,True,True,-3.5956103996481085e-07
0.9849337300692623,0.0011243352824738381,0.0011243242339003046,0.00017860514474762684,118.88210015874122,1.0,0.0,0.2916080709959487,5.244154326435343,21.152240632681547,True,True,-4.267728825618195e-06
0.9978427927736224,0.001338979333293851,0.0013388853276685747,0.00017866695888461105,168.46881799558776,1.0,0.0,0.41324023526904174,5.242944695695167,21.42461615391584,True,True,-3.0491551673459654e-05
1.0109210484854076,0.001368307913892404,0.001368402672738749,0.0001787304409230436,175.85390960536654,1.0,0.0,0.43135526112735273,5.241703149042022,21.700370405126375,True,True,3.0074969780613317e-05
1.0241707147377124,0.0012976514193683327,0.0012976073931558816,0.0001787956369382225,158.01344513125395,1.0,0.0,0.38759406054251894,5.240428844379662,21.979540208431036,True,True,-1.4734824161768979e-05
1.037594038127793,0.0012483102434404255,0.0012483082404882956,0.0001788625954477341,146.12545448462737,1.0,0.0,0.35843379153756444,5.239120917393274,22.262162581536323,True,True,-6.968393954697161e-07
1.0511932946979987,0.0012781083219798252,0.00127821837491735,0.00017893136314441627,153.09409089681395,1.0,0.0,0.3755272868487196,5.2377784809632315,22.548274729538623,True,True,3.7393799135178406e-05
1.064970790321694,0.0013938779881732268,0.0013938776303437349,0.00017900199113835702,181.90926909578366,1.0,0.0,0.4462085628257388,5.2364006245634025,22.83791403623304,True,True,-1.1148995469737822e-07
1.07892886109424,0.0015282206356093406,0.0015282633097608563,0.00017907453099752887,218.49926711040567,1.0,0.0,0.5359608358671624,5.2349864136435675,23.131118054910875,True,True,1.2127103466299535e-05
1.0930698737291,0.0015620676083736669,0.001561750870005298,0.00017914903579128536,227.99001046077873,1.0,0.0,0.5592408533614575,5.233534888995551,23.427924498626034,True,True,-8.807024288580109e-05
1.1073962259591363,0.0015803135450599354,0.0015799909725051086,0.00017922556013626038,233.14739841837087,1.0,0.0,0.5718915043470542,5.232045066102621,23.728371229910472,True,True,-8.865695079861866e-05
1.121910346943167,0.0014131840499726582,0.0014131417105782249,0.00017930416024442586,186.34251523427596,1.0,0.0,0.45708295310800606,5.2305159344717325,24.032496249917738,True,True,-1.3011780614628379e-05
1.1366146976778515,0.0013349024313087884,0.0013348895694989598,0.00017938489397319147,166.12699055688523,1.0,0.0,0.4074959240472774,5.228946456948142,24.34033768697342,True,True,-4.184455593696993e-06
1.1515117714149734,0.00126262428153411,0.0012626322884802257,0.00017946782087750694,148.49159013306908,1.0,0.0,0.3642377288102078,5.227335569011945,24.651933784510543,True,True,2.7540746205873795e-06
1.1666040940841942,0.0012106578374155574,0.001210647328550663,0.00017955300226397278,136.3864447231144,1.0,0.0,0.33454479692688416,5.22568217805605,24.96732288836732,True,True,-3.7698197640738714e-06
1.1818942247213458,0.0011746378673279665,0.001174637932395641,0.0001796405012469969,128.26872598152903,1.0,0.0,0.31463269661897714,5.223985162645101,25.286543433424214,True,True,2.4057228234071756e-08
1.1973847559023376,0.0011194046310634951,0.0011193114014555763,0.00017973038280705487,116.35367672587859,1.0,0.0,0.2854060550569204,5.222243371754853,25.609633929556377,True,True,-3.617171959683369e-05
1.2130783141827521,0.0011266772252290496,0.0011267651195756305,0.0001798227138511249,117.7874306085792,1.0,0.0,0.28892293609705233,5.220455623991472,25.936632946877186,True,True,3.387886077313081e-05
1.228977560543198,0.0012695735525559966,0.0012695773497704093,0.00017991756327538261,149.38000340487258,1.0,0.0,0.3664169339226178,5.218620706790231,26.2675791002477,True,True,1.2989454580856714e-06
1.2450851908405052,0.0015118386382706782,0.0015117911671150902,0.0001800150020302461,211.5862603606859,1.0,0.0,0.5190037955043381,5.216737375593085,26.60251103302642,True,True,-1.363689489134178e-05
1.261403936264829,0.0016063750312366825,0.0016063699108523379,0.0001801151031871256,238.62289690427315,1.0,0.0,0.5853224544484745,5.214804353004518,26.941467400032973,True,True,-1.3843331519583294e-06
1.2779365638027487,0.0017059111208794573,0.0017057173327383612,0.00018021794200765145,268.7443409915377,1.0,0.0,0.6592078938878888,5.212820327925144,27.284486849698713,True,True,-4.9337799570514926e-05
1.2946858767064342,0.0017282688586738395,0.0017286357855365627,0.00018032359602565087,275.6913464217266,1.0,0.0,0.6762483301725432,5.210783954662424,27.631608005376755,True,True,9.219479779873218e-05
1.3116547149689608,0.0016816571273061594,0.0016821506673922913,0.00018043214510833744,260.74933798519896,1.0,0.0,0.6395968052392423,5.208693852017944,27.98286944578288,True,True,0.00012743994343616111
1.3288459558058574,0.001573412221999057,0.0015733742749200793,0.0001805436715420143,227.83519079425722,1.0,0.0,0.5588610934016628,5.206548602350587,28.33830968453883,True,True,-1.0474308963340131e-05
1.3462625141429616,0.0015959970632748045,0.0015962950146866627,0.00018065826011319608,234.2242854990119,1.0,0.0,0.5745330203244169,5.204346750615004,28.69796714878798,True,True,8.106943303483579e-05
1.3639073431106714,0.001687935693468327,0.0016878723752412129,0.0001807759981930873,261.52844334316427,1.0,0.0,0.6415078869784413,5.202086803374707,29.06188015685363,True,True,-1.629165881657332e-05
1.3817834345446751,0.0016990354817187658,0.0016989779715762495,0.00018089697582547324,264.6269904127828,1.0,0.0,0.6491083695823919,5.199767227789127,29.430086894908904,True,True,-1.4700552481001313e-05
1.399893819493243,0.0014443089806435278,0.0014442171461402362,0.00018102128581813396,190.95320733893288,1.0,0.0,0.4683926038359624,5.197386450573942,29.80262539262698,True,True,-2.7614926291648138e-05
1.4182415687311671,0.00131565050468463,0.0013155356327590204,0.00018114902383792276,158.21748997852575,1.0,0.0,0.388094565868645,5.194942856933978,30.179533497779513,True,True,-3.792072536382561e-05
1.43682979328044,0.0013169505991314434,0.0013170868578581845,0.0001812802885096702,158.36124955673512,1.0,0.0,0.38844719635913183,5.192434789467944,30.560848849751075,True,True,4.493209694542767e-05
1.4556616449377544,0.0013636347355606019,0.0013634194090029834,0.00018141518151908916,169.4466330105849,1.0,0.0,0.415638735547343,5.189860547044287,30.946608851935974,True,True,-6.858326312418095e-05
1.4747403168089184,0.0015669274760344608,0.0015664732725473344,0.00018155380771987014,223.33485642694433,1.0,0.0,0.5478221411687378,5.1872183836473695,31.336850642984317,True,True,-0.00012590669711884053
1.4940690438502748,0.0016253619543546627,0.001625177467240843,0.00018169627524367536,240.0108033125348,1.0,0.0,0.5887268753990947,5.18450650719321,31.731611066862797,True,True,-4.9297501250319435e-05
1.5136511034172166,0.0016846370842445448,0.0016844784139460338,0.0001818426956225904,257.4307567242664,1.0,0.0,0.631456596759168,5.181723078313981,32.13092664169586,True,True,-4.0906662400408055e-05
1.53348981581989,0.001732428731204367,0.001732451661089776,0.00018199318389978337,271.85245573629174,1.0,0.0,0.6668318452182821,5.17886620911043,32.53483352735189,True,True,5.748148031993099e-06
1.5535885448861837,0.0015553681567900468,0.0015553309912945165,0.0001821478587629014,218.73524445559622,1.0,0.0,0.5365396690800052,5.175933961871382,32.94336749173923,True,True,-1.037758321096428e-05
1.573950698532095,0.0014807399168250007,0.0014808790725200315,0.00018230684267332164,197.94954450821484,1.0,0.0,0.485554047045158,5.1729243477594675,33.356563875775834,True,True,4.081183348643963e-05
1.5945797293395718,0.0012487399104900547,0.0012486233243101245,0.00018247026200314225,140.47529411001125,1.0,0.0,0.3445744101380995,5.169835325462162,33.77445755699672,True,True,-4.0548954946653754e-05
1.6154791351419278,0.0014777246281644403,0.0014777301225356735,0.00018263824717752565,196.39392332100834,1.0,0.0,0.4817382354469321,5.166664799807235,34.197082911762344,True,True,1.6147600347981893e-06
1.6366524596169314,0.001291149554140121,0.001291009896584308,0.00018281093282406253,149.6153208435774,1.0,0.0,0.3669941483584681,5.163410620341676,34.62447377603164,True,True,-4.6978125915368074e-05
1.6581032928876678,0.0018016870034224006,0.0018016490870724382,0.00018298845792799726,290.81330500698346,1.0,0.0,0.7133412581029839,5.160070579873113,35.05666340466236,True,True,-9.139786658565366e-06
1.6798352721312735,0.0018318521743706634,0.0018317555885759998,0.0001831709659943547,300.01504470193044,1.0,0.0,0.7359123731723078,5.156642412972762,35.49368442920217,True,True,-2.2899109498881834e-05
1.7018520821956553,0.002083335403613493,0.0020840212767506113,0.00018335860521729832,387.5457320643357,1.0,0.0,0.950617992108036,5.153123794438861,35.935568814133255,True,True,0.0001429543685709499
1.7241574562242858,0.002079867508497613,0.0020810635609052304,0.0001835515288170554,385.63454678931004,1.0,0.0,0.9459300109012396,5.149512337719575,36.38234781153336,True,True,0.0002496743956282031
1.7467551762891917,0.0020724075636275306,0.0020726356574321714,0.00018374989487159583,381.69193990301534,1.0,0.0,0.9362591185862663,5.145805593294278,36.83405191411677,True,True,4.779679030052879e-05
1.7696490740322375,0.0020234748398992326,0.002023271120027547,0.00018395386550318924,362.92056756258944,1.0,0.0,0.8902144771233703,5.142001047012139,37.290710806618165,True,True,-4.3726202276078314e-05
1.7928430313148138,0.0019529817340821491,0.0019530392800047546,0.00018416361155428304,337.3926079690879,1.0,0.0,0.8275964795978484,5.1380961183868585,37.75235331548332,True,True,1.2796590983640986e-05
1.8163409808760396,0.0018813618842061443,0.0018814594438827362,0.00018437930650769588,312.38244663205717,1.0,0.0,0.7662485988561099,5.134088158846422,38.2190073568304,True,True,2.2520138755110583e-05
1.8401469069995955,0.0016620852979943698,0.001661564330135415,0.0001846011307147162,243.0450952086191,1.0,0.0,0.5961697453340691,5.129974449936665,38.69069988264696,True,True,-0.00013614760492868384
1.8642648461892923,0.0015425320245364385,0.0015426787337771807,0.00018482927063126955,208.99251891684077,1.0,0.0,0.5126415599455688,5.125752201477448,39.16745682518714,True,True,4.130350808279374e-05
1.8886988878534954,0.0016512516186191221,0.0016510131909988784,0.0001850639190858455,238.7694895193181,1.0,0.0,0.5856820341795447,5.121418549670179,39.64930303953569,True,True,-6.271320197187803e-05
1.9134531749985209,0.0016768078352090124,0.0016773859489933138,0.00018530527543852017,245.81687275640368,1.0,0.0,0.6029686890229039,5.116970555155391,40.136262244305364,True,True,0.00014970609635195148
1.9385319049311183,0.0017397625799947297,0.001740063503524229,0.00018555354598106516,263.8231700470194,1.0,0.0,0.6471366639582146,5.112405201019099,40.62835696043568,True,True,7.511262087561051e-05
1.9639393299701589,0.0016020283085364467,0.0016018254503046782,0.0001858089441463746,222.9556092135751,1.0,0.0,0.5468918788173712,5.107719390746521,41.12560844806217,True,True,-5.499639959557069e-05
1.9896797581676589,0.001674379659039318,0.0016747245196534984,0.0001860716908060011,243.0230149556849,1.0,0.0,0.596115584283866,5.102909946121829,41.6280366414267,True,True,8.94394765301515e-05
2.01575755403924,0.0018692590293261074,0.001869345648064388,0.0001863420145790744,301.91097758220883,1.0,0.0,0.7405629415025701,5.097973605072483,42.13566008180064,True,True,2.0124106888870506e-05
2.04217713930418,0.0022758533193642447,0.002275826205573782,0.00018662015215517632,446.15150685061434,1.0,0.0,1.0943731657223847,5.092907019456683,42.64849584839499,True,True,-5.174076741153619e-06
2.0689429936351456,0.0026132930430684004,0.0026133588239503616,0.00018690634863266495,586.5043483520665,1.0,0.0,1.4386472095147602,5.087706752792441,43.1665594872327,True,True,1.0931768473895849e-05
2.0960596554177644,0.0027997403910180007,0.0027991823566715945,0.00018720085822432532,670.7612566702142,1.0,0.0,1.6453225161282459,5.082369277926747,43.68986493796129,True,True,-8.657066692308904e-05
2.1235317225201515,0.0022804462504462542,0.0022803991949092817,0.00018750394299675845,443.73348582084236,1.0,0.0,1.0884419578448579,5.076890974643223,44.218424458585915,True,True,-8.96147887306071e-06
2.1513638530725103,0.0018402187255488435,0.0018401258614026378,0.0001878158762151702,287.9729607168395,1.0,0.0,0.7063741258082111,5.071268127206664,44.75224854810504,True,True,-2.191663596683657e-05
2.179560766256968,0.0016100169191589741,0.0016097299428059026,0.00018813694024713662,219.62367104660873,1.0,0.0,0.5387189069467956,5.065496921842786,45.29134586703507,True,True,-7.741741959776165e-05
2.208127243107746,0.001638219826392766,0.001639010618634633,0.00018846742790480937,226.88834229158087,1.0,0.0,0.5565385515168063,5.059573444151484,45.835723155811664,True,True,0.00020958960280708806
2.2370681273218325,0.0016683632934828745,0.001669856923842851,0.0001888076428555521,234.66084883202606,1.0,0.0,0.5756038745349831,5.053493676451834,46.385385151060184,True,True,0.00038863551497392296
2.266388326080273,0.0018883465371192284,0.0018886418311705685,0.00018915790008788773,299.0690668466959,1.0,0.0,0.7335919668444899,5.047253495057045,46.94033449973067,True,True,6.790837820622478e-05
2.2960928108802214,0.0016335763737574558,0.0016340492755446763,0.00018951852641346174,223.0222589795417,1.0,0.0,0.5470553652699843,5.040848667477513,47.50057167109634,True,True,0.00012570512056650601
2.3261866183779083,0.002035950931769572,0.002035320568689919,0.0001898898609997763,344.6540170003905,1.0,0.0,0.8454081222044855,5.034274849550074,48.06609486661995,True,True,-0.0001344853612663665
2.356674851242642,0.0018771165500075058,0.0018774293749000766,0.00019027225593321346,292.07711984900857,1.0,0.0,0.7164412925731016,5.027527582491516,48.63689992769538,True,True,7.236993643283615e-05
2.3875626790220204,0.0015659494904360352,0.0015662305484640709,0.00019066607681257183,202.43508042365295,1.0,0.0,0.4965566995652955,5.020602289874348,49.21298024127795,True,True,7.794057141172138e-05
2.418855339018463,0.0014772534209848839,0.0014774698969044512,0.00019107170338104006,179.376599187988,1.0,0.0,0.4399961307951934,5.013494274522773,49.79432664342126,True,True,6.363661662132063e-05
2.450558137177247,0.0017994048245517725,0.0017994373071463122,0.0001914895301817248,264.9138279403206,1.0,0.0,0.6498119585940686,5.006198715326767,50.38092732074452,True,True,7.839750147802047e-06
2.482676448986181,0.0026063612463142695,0.0026059457270272528,0.00019191996726443112,553.1101983488483,1.0,0.0,1.3567340901131058,4.998710663972088,50.97276770985986,True,True,-6.92429416689963e-05
2.5152157203870553,0.0024855930080588218,0.0024866863674186937,0.00019236344092443715,501.32366698955013,1.0,0.0,1.2297059631499392,4.9910250415840185,51.56983039479534,True,True,0.0001909948772085022
2.5481814686990614,0.00219562328820805,0.0021943463626908806,0.00019282039448622107,388.5310025132969,1.0,0.0,0.9530347802360959,4.9831366352825475,52.172095002456516,True,True,-0.00025264945575861057
2.581579283554291,0.00248412086623417,0.002483206685926322,0.00019329128913292895,495.1336326674,1.0,0.0,1.2145223151016047,4.97504009464666,52.77953809617594,True,True,-0.00015985395103357942
2.615414827845515,0.001824878134166157,0.0018247537125815904,0.0001937766047847543,266.027836238571,1.0,0.0,0.6525445298607541,4.966729928085341,53.39213306740787,True,True,-2.9611538860297354e-05
2.649693838686373,0.0021452705987924183,0.002145135485946548,0.0001942768410720348,365.75362832457114,1.0,0.0,0.8971637431809724,4.95820049911283,54.00985002563294,True,True,-2.7353477622480483e-05
2.68442212838415,0.0022180462183855076,0.0022185146747940184,0.00019479251844259756,389.1359213113295,1.0,0.0,0.9545185965100038,4.949446022525592,54.6326556865466,True,True,9.1714298026392e-05
2.7196055854253114,0.00261840618693221,0.002618404106562315,0.00019532417749380067,539.1164592902857,1.0,0.0,1.3224085924352151,4.940460560478424,55.260513258612754,True,True,-3.4505476236540477e-07
2.7552501754739365,0.0025750112666187404,0.002578612584275512,0.0001958723850173037,519.9325725367231,1.0,0.0,1.2753520868481036,4.931238018457035,55.893382328074395,True,True,0.0006069642200309703
2.7913619423832605,0.002448901431374709,0.0024506693078065194,0.00019643772878242716,466.9182710093154,1.0,0.0,1.1453123400575411,4.921772141144346,56.531218742522015,True,True,0.00031340664446464925
2.8279470092204537,0.002058533575932982,0.0020586108910789092,0.00019702082279560797,327.5258098549498,1.0,0.0,0.8033940306074147,4.912056508177746,57.17397449313065,True,True,1.6311082361507622e-05
2.865011579304845,0.0018186333074347617,0.001818858459172798,0.00019762230763686715,254.12484693168616,1.0,0.0,0.6233474703685642,4.902084529794384,57.821597595687216,True,True,5.376350728404481e-05
2.9025619372597533,0.0019611784781489007,0.0019619521361060777,0.00019824285188019974,293.8346425248518,1.0,0.0,0.7207523519891291,4.891849442361575,58.47403197054098,True,True,0.00017128942116646174
2.9406044500780917,0.002157191638445005,0.002157257304330931,0.0001988831536048736,352.9629782586343,1.0,0.0,0.8657893243757814,4.881344303789269,59.13121732162028,True,True,1.321991859795489e-05
2.9791455682019565,0.0023069933272031667,0.0023069012513753434,0.00019954394200494255,400.96103343120154,1.0,0.0,0.9835246294918844,4.870561988821486,59.79308901467244,True,True,-1.733373975699723e-05
3.018191826616347,0.0024148283000553486,0.002414906396051784,0.00020022597910474707,436.39624591920216,1.0,0.0,1.0704443082270259,4.859495184203511,60.45957795489408,True,True,1.4044937226384105e-05
3.05774984595724,0.002642284473604318,0.002641675887479733,0.00020093006158876926,518.5498153762469,1.0,0.0,1.2719602965967234,4.848136383721573,61.13061046413329,True,True,-0.0001000407189976377
3.097826333634166,0.0025810723769745395,0.0025853272201613563,0.00020165702275489996,493.08931316236493,1.0,0.0,1.2095077665087133,4.836477883111659,61.806108157857366,True,True,0.0007153358157557533
3.1384280849675146,0.002367558819988197,0.0023689912553656466,0.00020240773460095978,410.9547092132685,1.0,0.0,1.0080382989909453,4.824511774833986,62.4859878220938,True,True,0.0002626801318165371
3.179561984340746,0.002601259470167269,0.0025981903843050208,0.0002031831100551936,490.5553196605674,1.0,0.0,1.2032920876467903,4.8122299427096005,63.170161290566014,True,True,-0.0005127031692081461
3.221235006367686,0.0027816375638529582,0.0027787997402195464,0.00020398410536243494,556.7280428547439,1.0,0.0,1.3656083668491834,4.799624056415472,63.8585353222593,True,True,-0.0004432929225573955
3.263454217075148,0.0026068272629277372,0.002606637360272372,0.0002048117226387189,485.92905234854067,1.0,0.0,1.1919442322085076,4.786685565834331,64.5510114796677,True,True,-3.16387206286326e-05
3.3062267751010235,0.0030010752640863983,0.0030000077397776027,0.00020566701260832306,638.3174620915561,1.0,0.0,1.5657405408861031,4.773405695255439,65.24748600798651,True,True,-0.00015451208430189835
3.3495599329081096,0.0029418701437717307,0.002944890474483829,0.00020655107753854784,609.8241502359733,1.0,0.0,1.495848776730281,4.759775437422336,65.9478497155313,True,True,0.00044564851943158876
3.393461038013813,0.0028121216967765504,0.0028121155564592424,0.00020746507438902168,551.1852514530156,1.0,0.0,1.3520123527651342,4.745785547423545,66.65198785567847,True,True,-9.482906939891312e-07
3.4379375342359912,0.002685818888632203,0.0026863211248221632,0.0002084102181939552,498.4241681808213,1.0,0.0,1.222593729649741,4.731426536422087,67.35978001063923,True,True,8.12035449564443e-05
3.482996962955124,0.0023541726816380527,0.002353477515244974,0.0002093877856975882,378.9995315670661,1.0,0.0,0.9296548611237838,4.716688665219536,68.07109997739329,True,True,-0.0001282622616748461
3.5286469643930074,0.0023109078391586463,0.002313095181996421,0.00021039911926509414,362.5938449079729,1.0,0.0,0.8894130532224309,4.701561937650284,68.78581565612531,True,True,0.000410878189735661
3.574895278908235,0.0025797375103626505,0.002577191197817831,0.0002114456310934613,445.6737972492833,1.0,0.0,1.093201383022154,4.686036093801494,69.50378894152213,True,True,-0.0004288791410019569
3.62174974830863,0.0026350483542575973,0.002637626542476409,0.0002125288077493781,462.074765483313,1.0,0.0,1.1334316170329588,4.670100603054177,70.22487561730483,True,True,0.0004247153590556208
3.6692183171809,0.002266509059279489,0.002266962687191504,0.00021365021506395296,337.75620001078795,1.0,0.0,0.8284883412408846,4.653744656940651,70.94892525438534,True,True,8.691268445041575e-05
3.717309034237716,0.002333041488439249,0.002335871622207771,0.00021481150341723138,354.7350703732713,1.0,0.0,0.8701361218658976,4.636957161813547,71.67578111305248,True,True,0.0005265086756292639
3.7660300536824276,0.0024815644491949476,0.002481249095678182,0.00021601441344897248,395.81889848703656,1.0,0.0,0.9709113928733074,4.619726731321395,72.40528004960684,True,True,-5.519300337445075e-05
3.8153896365916986,0.0027577086586986236,0.002758173926233094,0.00021726078223608224,483.5060071465053,1.0,0.0,1.1860007004384507,4.602041678685665,73.13725242788037,True,True,7.326592624017601e-05
3.865396152316226,0.002968109034534729,0.002967213921200786,0.00021855254998149706,552.977186236517,1.0,0.0,1.3564078222744074,4.583890008774051,73.8715220360879,True,True,-0.0001309929678488517
3.9160580798998548,0.0030598053779819527,0.003060476201747791,0.00021989176726427235,581.1407488617575,1.0,0.0,1.425490738530985,4.565259409964606,74.60790600947472,True,True,9.520315600011113e-05
3.96738400951726,0.0033077726069283943,0.0033044016906891164,0.0002212806029061964,668.990936209237,1.0,0.0,1.6409800648046404,4.546137245795215,75.34621475923431,True,True,-0.0004428106043825443
4.019382643930491,0.0032686285586668584,0.0032685546712711917,0.0002227213525165375,646.1138506387849,1.0,0.0,1.584864444502406,4.526510546392738,76.08625190818488,True,True,-9.817343982232117e-06
4.07206279996461,0.003378377244098506,0.0033778365856635445,0.00022421644778361643,680.8690440062661,1.0,0.0,1.6701160919875908,4.506365999676011,76.827814233703,True,True,-6.95078578966876e-05
4.125433410002644,0.0034849415758173505,0.0034858208752137367,0.00022576846658991706,715.1626427232972,1.0,0.0,1.7542354855386357,4.485689942326747,77.57069161842367,True,True,0.00010956473714298501
4.17950352350017,0.0029432754524148573,0.002940887194897106,0.00022738014403652398,501.8488259456268,1.0,0.0,1.230994135118723,4.464468350522196,78.31466700922535,True,True,-0.00035254196066551176
4.234282308519708,0.002745159851826718,0.002745317924366428,0.00022905438447297233,430.95242294330967,1.0,0.0,1.0570910555627955,4.4426868304233,79.0595163850253,True,True,2.500694276668088e-05
4.289779053285266,0.0024889337698388706,0.002490475206122485,0.00023079427464030164,349.3298014128645,1.0,0.0,0.8568774390461905,4.42033060841186,79.80500873391871,True,True,0.0002688822295155186
4.346003167757227,0.0025391292153170305,0.0025435087862722265,0.00023260309804842272,358.72095624378267,1.0,0.0,0.8799131739526557,4.39738452107014,80.55090604019765,True,True,0.0007484396760457548
4.402964185227893,0.0026283015914034865,0.002628155633422516,0.0002344843507241074,376.8735735264232,1.0,0.0,0.924440059851131,4.373833004896053,81.29696328179138,True,True,-2.4118429212056693e-05
4.460671763937947,0.0027764556332504674,0.002776325638954496,0.0002364417584832763,413.6315902553441,1.0,0.0,1.0146044692651766,4.3496600857470105,82.042928438669,True,True,-2.033424428659485e-05
4.519135688714076,0.0032236854602498764,0.0032243856868930908,0.00023847929590113692,548.4207280703407,1.0,0.0,1.3452312029644196,4.324849368005234,82.78854251274562,True,True,9.432419757337545e-05
4.578365872628093,0.00384719644907237,0.0038531211466234475,0.0002406012071765381,769.3978652964419,1.0,0.0,1.8872700514902307,4.299384023457202,83.5335395598303,True,True,0.0006683007367281636
4.638372358677769,0.003466174024639149,0.003460883820521144,0.0002428120301131136,609.473598602993,1.0,0.0,1.4949889022404768,4.27324677987968,84.27764673414852,True,True,-0.0006633427797524607
4.699165321489725,0.0034629981035178355,0.00346488625867397,0.0002451166174699842,599.451031213271,1.0,0.0,1.470404363953771,4.246419909324593,85.02058434596542,True,True,0.00023672894717042254
4.7607550690446185,0.0028571896155179504,0.00285301360183363,0.00024752017096963807,398.57288241013134,1.0,0.0,0.9776666902397209,4.2188852160948,85.76206593282394,True,True,-0.000635220833217149
4.823152044424955,0.002843095047089832,0.0028188195889794192,0.0002500282682909262,381.30946996007475,1.0,0.0,0.9353209510841571,4.190624024402617,86.50179834490241,True,True,-0.0037240978652341265
4.886366827585814,0.002836271641212185,0.0028138072612244667,0.0002526468984218668,372.11913683843784,1.0,0.0,0.9127778154071607,4.161617165702691,87.23948184497709,True,True,-0.0034534766136130285
4.950410137148755,0.002834430348348127,0.0028332770243844905,0.0002553824998516702,369.2470776161928,1.0,0.0,0.9057328889772992,4.131844965690682,87.97481022345922,True,True,-0.00017674950636212782
5.0152928322192745,0.0033423422672710806,0.0033230342445769562,0.0002582420029262516,496.7491417385014,1.0,0.0,1.2184850267489233,4.101287230958883,88.70747092895364,True,True,-0.0025161042747645296
5.081025914228044,0.003245403695948844,0.0032452705198550524,0.0002612328770318472,462.98550778769186,1.0,0.0,1.1356655934355082,4.069923235299767,89.43714521476083,True,True,-1.7821767274162684e-05
5.147620528796309,0.0035629757341342693,0.003571503515278098,0.00026436318354179243,547.5470863269095,1.0,0.0,1.343088231203359,4.037731705648148,90.16350830171793,True,True,0.0010382173464837186
5.215087967625731,0.00416019197765882,0.004153238759899754,0.0002676416347710239,722.4165781489165,1.0,0.0,1.7720287959676926,4.004690807652426,90.88622955774082,True,True,-0.0007264737997354255
5.283439670412982,0.004200349116744194,0.0042112451750471215,0.0002710776601323403,724.0271484199623,1.0,0.0,1.7759793931622583,3.9707781308651406,91.6049726943968,True,True,0.0011251376321939253
5.352687226789459,0.0038014076570896944,0.0037926255094803767,0.00027468148043882976,571.929396565292,1.0,0.0,1.4028960448798231,3.9359706735427684,92.31939598079829,True,True,-0.0010044833522869431
5.422842378286393,0.003830915350470663,0.003836139815906619,0.00027846419153639836,569.339607837099,1.0,0.0,1.3965435042610261,3.90024482704448,93.02915247506634,True,True,0.0005918717973653302
5.493917020325749,0.003034786356552581,0.00303670790454814,0.0002824378586496862,346.80190487334903,1.0,0.0,0.8506767155290333,3.8635763598192363,93.733890273569,True,True,0.00027489698026822836
5.565923204237177,0.003145146892210285,0.0031552483774925353,0.0002866156230623273,363.5705019331669,1.0,0.0,0.8918087129908168,3.825940400970423,94.4332527780898,True,True,0.0013926183638998566
5.638873139301432,0.003138524500102955,0.0031296486788095997,0.0002910118230368599,346.9693911368492,1.0,0.0,0.8510875456387488,3.787311423386806,95.1268789810309,True,True,-0.0012299349990506797
5.712779194820574,0.0033566184620520936,0.0033584888985074787,0.0002956421312209458,387.14748306769764,1.0,0.0,0.9496411198831108,3.7476632264284118,95.81440376870029,True,True,0.0002419381280792495
5.787653902215267,0.0038711059451369107,0.0038710460154063775,0.0003005237111978572,497.76050660145904,1.0,0.0,1.2209658218674502,3.706968918155596,96.49545824267338,True,True,-6.723492746120579e-06
5.8635099571496205,0.0042878310615573935,0.004282567179130312,0.00030567539633664107,588.8553909938861,1.0,0.0,1.4444141248643294,3.66520089708919,97.1696700591594,True,True,-0.0005334817157217483
5.9403602216838225,0.004476112377991492,0.004478606385583117,0.0003111178947013739,621.6659231685527,1.0,0.0,1.524895677461484,3.622330833489439,97.83666378623708,True,True,0.00024191351877615876
6.018217726455042,0.00473880898489809,0.004762295830155028,0.00031687402451535126,677.6114176349297,1.0,0.0,1.662125400866396,3.578329650140941,98.49606127875838,True,True,0.002147166728149078
6.097095672886866,0.004177075647669825,0.0041781544097220565,0.0003229689855777543,502.0749893487774,1.0,0.0,1.2315488954362435,3.533167502630636,99.14748207064794,True,True,0.00011214542411303265
6.177007435427724,0.003948578138584721,0.003952476536148982,0.0003294306731393834,431.84887071412066,1.0,0.0,1.059289968567517,3.4868137591054165,99.7905437842561,True,True,0.0004285637190250701
6.257966563818654,0.004431070208867434,0.004429948595365836,0.000336290042114474,520.5837565863847,1.0,0.0,1.2769493880709837,3.439236979495641,100.42486255634623,True,True,-0.0001099445939424067
6.339986785390758,0.004119511873776822,0.004121664286092363,0.0003435815312073194,431.7246671475871,1.0,0.0,1.05898530744051,3.39040489419048,101.05005348022404,True,True,0.00022685616580479952
6.42308200739282,0.004146429567253746,0.004165807643569146,0.000351343558656374,421.750579576585,1.0,0.0,1.0345196861927652,3.3402843821505965,101.66573106343814,True,True,0.002024919801106091
6.507266319349372,0.004315594928243522,0.004321073658254797,0.0003596191039636542,433.13081686156653,1.0,0.0,1.0624344777315735,3.28884144844335,102.27150970040225,True,True,0.0005509954462338416
6.592553995449713,0.004588366218229102,0.004565305637201933,0.00036845639334048076,460.5627156320288,1.0,0.0,1.1297226823824624,3.236041201185256,102.8670041592114,True,True,-0.002188215709608757
6.678959496968232,0.004666650993853865,0.004670170151147555,0.0003779097108698401,458.1530252730862,1.0,0.0,1.1238119089668455,3.181847827876081,103.45183008184523,True,True,0.0003273813736468153
6.766497474716418,0.005257685529278935,0.005265287337640336,0.00038804036283889703,552.346496627436,1.0,0.0,1.3548607922347642,3.126224571108523,104.02560449687108,True,True,0.0006274698300361638
6.855182771527064,0.0055619391257381206,0.005558171145010055,0.0003989178297066382,582.3957404981005,1.0,0.0,1.4285691305230372,3.069133703636982,104.58794634368273,True,True,-0.00029431602041748187
6.945030424770968,0.005745843853890655,0.005747815167030467,0.0004106211492491215,587.8198051307555,1.0,0.0,1.4418739174742603,3.0105365027885442,105.13847700723241,True,True,0.00014897439110731717
7.036055668906685,0.005908484234195008,0.0059327837055870615,0.00042324058626349036,589.4726649957178,1.0,0.0,1.445928247544258,2.9503932241987765,105.67682086213807,True,True,0.0017824343146223879
7.128273938063634,0.0063574452071870164,0.00634000352540636,0.00043687965977160523,631.7956084533685,1.0,0.0,1.5497429671902638,2.8886630748545734,106.20260582497436,True,True,-0.001193126442364747
7.221700868659101,0.005784196390475707,0.005784564406209466,0.0004516576192831192,492.0892691177131,1.0,0.0,1.2070547402667842,2.8253041854257273,106.71546391348497,True,True,2.76308249929543e-05
7.316352302049545,0.007695661620850549,0.007645694692300097,0.0004677124892402056,801.672939847994,1.0,0.0,1.966438170654527,2.760273581866462,107.2150318113864,True,True,-0.0028290116777011202
7.412244287216609,0.005127693032269504,0.005142489039039536,0.0004852048379538469,336.99057839748104,1.0,0.0,0.8266103339317918,2.6935271562677103,107.70095143736812,True,True,0.0012513563042054658
7.5093930834884,0.005951070559884738,0.005957376784609777,0.0005043224780146719,418.6149567532216,1.0,0.0,1.0268282598270064,2.625019636940292,108.17287051683633,True,True,0.0004599690919413201
7.607815163296368,0.006378859154299155,0.006374821736797837,0.000525286375354225,441.8400427351247,1.0,0.0,1.0837974966744408,2.5547045577087837,108.63044315489154,True,True,-0.0002749681782864037
7.707527214968381,0.007573920535055232,0.0075927721908461655,0.0005483581377770362,575.1662681668304,1.0,0.0,1.410835825904997,2.4825342263951686,109.0733304089816,True,True,0.0010796255253522889
7.808546145558353,0.007555019638107608,0.007545844182543604,0.0005738496043230559,518.7292618868255,1.0,0.0,1.2724004642130426,2.4084596924709736,109.50120085962774,True,True,-0.0005277645382560336
7.910889083712993,0.006271207007980707,0.006263720917818625,0.0006021352229468497,324.63697867971916,1.0,0.0,0.796307963948487,2.3324307138558886,109.9137311775836,True,True,-0.0005187374118461721
8.014573382576133,0.0070567927905345745,0.007087663862663229,0.000633668228479703,375.3216482483648,1.0,0.0,0.9206333140385553,2.2543957228403673,110.31060668575563,True,True,0.001895747273045022
8.119616622731074,0.010223221360945127,0.01019764799463833,0.0006690020134653239,697.0540238996823,1.0,0.0,1.709816524240531,2.174301791109132,110.69152191419052,True,True,-0.0010877477822674438
8.22603661518156,0.0092227389784477,0.009226226946566484,0.0007088187291893798,508.2754718307466,1.0,0.0,1.246758171986023,2.092094593841792,111.05618114641831,True,True,0.00016421574317463357
8.333851404371762,0.006738317908234823,0.00675878501918452,0.0007539680980019673,241.07522437489192,1.0,0.0,0.5913378132679761,2.0077183728662957,111.404298955431,True,True,0.0013171360116271693
8.443079271245901,0.010167621994558547,0.010117995759396056,0.0008055208959357246,473.3219213789048,1.0,0.0,1.1610199707744027,1.9211158988401604,111.73560072757718,True,True,-0.0021248988663325054
8.553738736347915,0.010430179997799868,0.010423902742014598,0.0008648439128562858,435.81933140721765,1.0,0.0,1.0690291840783965,1.8322284324338929,112.04982317265976,True,True,-0.00026145265321783764
8.665848562961793,0.01150034994102001,0.011543084711507312,0.0009337070078297799,458.5046913684227,1.0,0.0,1.1246745171440717,1.7409956844902186,112.34671481854208,True,True,0.0016108272542749095
8.779427760293064,0.01023805582143934,0.010247861855590443,0.0010144392776944965,306.1509892780899,1.0,0.0,0.7509633434904454,1.647355775132113,112.62603648859086,True,True,0.00041576920434619217
8.894495586691953,0.012835550872058869,0.01301193742752533,0.0011101623323529844,412.1280855160519,1.0,0.0,1.0109164950875151,1.551245191791937,112.88756176031974,True,True,0.005927453838334296
9.011071552918823,0.015303077082188157,0.0150380764098343,0.0012251483031203772,451.98966381425566,1.0,0.0,1.1086936872738176,1.452598746133136,113.13107740363968,True,True,-0.007586478629389503
9.129175425452384,0.015913429574554352,0.01589975242158031,0.0013653865422055243,406.8091781138719,1.0,0.0,0.9978696501237867,1.3513495298353626,113.35638379717244,True,True,-0.0003734246031382312
9.24882722984127,0.021088275789262877,0.021000611967516878,0.0015395134027421052,558.2364717188323,1.0,0.0,1.3693084195254228,1.2474288692129805,113.5632953211446,True,True,-0.0018091221284368244
9.370047254099571,0.022774443521927104,0.022774312714515434,0.0017604031946436805,502.09687457060534,1.0,0.0,1.2316025781153503,1.1407662786361576,113.75164072544689,True,True,-2.4944231972416047e-06
9.492856052146804,0.02132230715055302,0.021154096403929377,0.002048030034681582,320.0645467550591,1.0,0.0,0.785092162312235,1.0312894127230532,113.92126347151951,True,True,-0.003439715928257456
9.617274447293052,0.021756556263890985,0.021756556263890968,0.0024349371538775998,239.5113232246036,1.0,0.0,0.5875016916277573,0.9189240172705159,114.0720220468082,True,True,-3.375146132936506e-16
